complaint_id,master_complaint_id,job_id,title,description,category,issue_type,work_type,priority_score,priority_level,latitude,longitude,location_valid,srid_valid,is_duplicate_child,duplicate_status,review_required,workers_required,service_duration_hours,estimated_cost,required_equipment,status,source_status,closed_at,submitted_at,image_path,is_synthetic,eligibility_status,eligibility_reason
120,,120,Blocked drain,Drain is blocked and water is not flowing.,Blocked Drain,Blocked Drain,WATER,67.25,HIGH,18.731763,73.669583,True,True,False,NOT_DUPLICATE,False,4,14.4,4755.2,Drain Cleaning Tools,SUBMITTED,SUBMITTED,,2026-04-14 01:36:22+05:30,data/complaints/images/blocked_drain/complaint_120.jpg,True,ELIGIBLE,READY_FOR_STEP13_PLANNING
305,,305,Pothole on road,Large pothole causing difficulty for vehicles.,Pothole,Pothole,ROAD,64.89,HIGH,18.732865,73.663938,True,True,False,NOT_EVALUATED,False,3,3.8,2461.25,Joint Cutting Machine; Plate Compactor,SUBMITTED,SUBMITTED,,2026-04-26 04:02:22+05:30,data/complaints/images/pothole/complaint_305.jpg,True,ELIGIBLE,READY_FOR_STEP13_PLANNING
369,,369,Broken streetlight,Streetlight requires repair.,Streetlight,Streetlight,ELECTRICITY,63.89,HIGH,18.703875,73.686178,True,True,False,NOT_DUPLICATE,False,4,3.0,1386.5,Electrical Maintenance Tools,SUBMITTED,SUBMITTED,,2026-06-22 23:50:22+05:30,data/complaints/images/streetlight/complaint_369.jpg,True,ELIGIBLE,READY_FOR_STEP13_PLANNING
347,,347,Damaged road,Road surface is damaged and needs repair.,Road Damage,Road Damage,ROAD,63.28,HIGH,18.74234,73.679605,True,True,False,NOT_EVALUATED,False,3,8.1,3401.88,Joint Cutting Machine; Plate Compactor,SUBMITTED,SUBMITTED,,2026-04-21 20:24:22+05:30,data/complaints/images/road_damage/complaint_347.jpg,True,ELIGIBLE,READY_FOR_STEP13_PLANNING
102,,102,Blocked drain,Drain is blocked and water is not flowing.,Blocked Drain,Blocked Drain,WATER,62.31,HIGH,18.723044,73.664538,True,True,False,NOT_EVALUATED,False,4,11.6,3927.8,Drain Cleaning Tools,SUBMITTED,SUBMITTED,,2026-07-30 19:03:22+05:30,data/complaints/images/blocked_drain/complaint_102.jpg,True,ELIGIBLE,READY_FOR_STEP13_PLANNING
54,,54,Blocked drain,Drain is blocked and water is not flowing.,Blocked Drain,Blocked Drain,WATER,60.88,HIGH,18.734165,73.670511,True,True,False,NOT_DUPLICATE,False,4,17.4,5641.7,Drain Cleaning Tools,SUBMITTED,SUBMITTED,,2026-05-27 18:00:22+05:30,data/complaints/images/blocked_drain/complaint_054.jpg,True,ELIGIBLE,READY_FOR_STEP13_PLANNING
243,,243,Dangerous pothole,Pothole is creating a safety problem for commuters.,Pothole,Pothole,ROAD,60.37,HIGH,18.713551,73.676105,True,True,False,NOT_DUPLICATE,False,4,8.9,4259.95,Joint Cutting Machine; Plate Compactor,SUBMITTED,SUBMITTED,,2026-07-06 08:51:22+05:30,data/complaints/images/pothole/complaint_243.jpg,True,ELIGIBLE,READY_FOR_STEP13_PLANNING
8,,8,Water leakage,Water is leaking from a pipeline.,Water Leakage,Water Leakage,WATER,59.67,HIGH,18.731086,73.664227,True,True,False,NOT_EVALUATED,False,3,5.6,1725.0,Water Leakage Repair Tools,SUBMITTED,SUBMITTED,,2026-07-07 15:11:22+05:30,data/complaints/images/water_leakage/complaint_008.jpg,True,ELIGIBLE,READY_FOR_STEP13_PLANNING
414,,414,Waterlogging on road,Rainwater has accumulated on the road.,Waterlogging,Waterlogging,WATER,58.94,HIGH,18.723015,73.662825,True,True,False,NOT_DUPLICATE,False,4,31.4,10868.7,Truck 5.5 cum per 10 MT,SUBMITTED,SUBMITTED,,2026-06-18 18:09:22+05:30,data/complaints/images/waterlogging/complaint_414.jpg,True,ELIGIBLE,READY_FOR_STEP13_PLANNING
339,,339,Waste dumped on road,Waste has been dumped near the road.,Garbage Accumulation,Garbage Accumulation,GARBAGE,58.68,HIGH,18.736942,73.705491,True,True,False,NOT_EVALUATED,False,4,11.6,3927.8,Manual Garbage Collection Tools,SUBMITTED,SUBMITTED,,2026-04-09 19:17:22+05:30,data/complaints/images/garbage_accumulation/complaint_339.jpg,True,ELIGIBLE,READY_FOR_STEP13_PLANNING
156,,156,Water leakage,Water is leaking from a pipeline.,Water Leakage,Water Leakage,WATER,58.19,HIGH,18.731086,73.665351,True,True,False,NOT_EVALUATED,False,4,14.2,4696.1,Water Leakage Repair Tools,SUBMITTED,SUBMITTED,,2026-05-12 00:47:22+05:30,data/complaints/images/water_leakage/complaint_156.jpg,True,ELIGIBLE,READY_FOR_STEP13_PLANNING
110,,110,Pothole on road,Large pothole causing difficulty for vehicles.,Pothole,Pothole,ROAD,57.62,HIGH,18.705887,73.684354,True,True,False,NOT_DUPLICATE,False,3,4.9,2701.88,Joint Cutting Machine; Plate Compactor,SUBMITTED,SUBMITTED,,2026-06-23 12:05:22+05:30,data/complaints/images/pothole/complaint_110.jpg,True,ELIGIBLE,READY_FOR_STEP13_PLANNING
471,,471,Drain cleaning required,Drain requires cleaning and maintenance.,Blocked Drain,Blocked Drain,WATER,57.16,HIGH,18.726662,73.656302,True,True,False,NOT_EVALUATED,False,4,17.9,5789.45,Drain Cleaning Tools,SUBMITTED,SUBMITTED,,2026-09-09 19:22:22+05:30,data/complaints/images/blocked_drain/complaint_471.jpg,True,ELIGIBLE,READY_FOR_STEP13_PLANNING
9,,9,Waterlogging on road,Rainwater has accumulated on the road.,Waterlogging,Waterlogging,WATER,56.89,HIGH,18.730628,73.663933,True,True,False,NOT_EVALUATED,False,4,32.3,11134.65,Truck 5.5 cum per 10 MT,SUBMITTED,SUBMITTED,,2026-06-29 23:40:22+05:30,data/complaints/images/waterlogging/complaint_009.jpg,True,ELIGIBLE,READY_FOR_STEP13_PLANNING
195,,195,Waste dumped on road,Waste has been dumped near the road.,Garbage Accumulation,Garbage Accumulation,GARBAGE,56.51,HIGH,18.733635,73.683256,True,True,False,NOT_EVALUATED,False,4,15.0,4932.5,Manual Garbage Collection Tools,SUBMITTED,SUBMITTED,,2026-06-24 07:30:22+05:30,data/complaints/images/garbage_accumulation/complaint_195.jpg,True,ELIGIBLE,READY_FOR_STEP13_PLANNING
207,,207,Garbage not collected,Garbage has not been collected from the area.,Garbage Accumulation,Garbage Accumulation,GARBAGE,56.07,HIGH,18.72228,73.670987,True,True,False,NOT_DUPLICATE,False,4,14.3,4725.65,Manual Garbage Collection Tools,SUBMITTED,SUBMITTED,,2026-07-12 14:13:22+05:30,data/complaints/images/garbage_accumulation/complaint_207.jpg,True,ELIGIBLE,READY_FOR_STEP13_PLANNING
228,,228,Water accumulation,Water is accumulated in the area.,Waterlogging,Waterlogging,WATER,55.82,HIGH,18.745123,73.684989,True,True,False,NOT_EVALUATED,False,4,41.4,13823.7,Truck 5.5 cum per 10 MT,SUBMITTED,SUBMITTED,,2026-07-13 05:49:22+05:30,data/complaints/images/waterlogging/complaint_228.jpg,True,ELIGIBLE,READY_FOR_STEP13_PLANNING
96,,96,Dangerous pothole,Pothole is creating a safety problem for commuters.,Pothole,Pothole,ROAD,55.75,HIGH,18.702651,73.689203,True,True,False,NOT_EVALUATED,False,4,7.1,3728.05,Joint Cutting Machine; Plate Compactor,SUBMITTED,SUBMITTED,,2026-09-06 08:27:22+05:30,data/complaints/images/pothole/complaint_096.jpg,True,ELIGIBLE,READY_FOR_STEP13_PLANNING
198,,198,Road flooded with water,Standing water is causing difficulty for commuters.,Waterlogging,Waterlogging,WATER,55.21,HIGH,18.718236,73.669643,True,True,False,NOT_DUPLICATE,False,4,24.1,8711.55,Truck 5.5 cum per 10 MT,SUBMITTED,SUBMITTED,,2026-05-30 00:39:22+05:30,data/complaints/images/waterlogging/complaint_198.jpg,True,ELIGIBLE,READY_FOR_STEP13_PLANNING
275,,275,Pothole on road,Large pothole causing difficulty for vehicles.,Pothole,Pothole,ROAD,55.18,HIGH,18.734318,73.684387,True,True,False,NOT_EVALUATED,False,3,4.6,2636.25,Joint Cutting Machine; Plate Compactor,SUBMITTED,SUBMITTED,,2026-04-11 13:33:22+05:30,data/complaints/images/pothole/complaint_275.jpg,True,ELIGIBLE,READY_FOR_STEP13_PLANNING
230,,230,Dark road due to streetlight,Streetlight is not working at night.,Streetlight,Streetlight,ELECTRICITY,55.16,HIGH,18.734157,73.684496,True,True,False,NOT_EVALUATED,False,3,2.0,937.5,Electrical Maintenance Tools,SUBMITTED,SUBMITTED,,2026-04-11 20:52:22+05:30,data/complaints/images/streetlight/complaint_230.jpg,True,ELIGIBLE,READY_FOR_STEP13_PLANNING
92,,92,Broken road surface,Road has cracks and damaged portions.,Road Damage,Road Damage,ROAD,55.0,HIGH,18.734711,73.6725,True,True,False,NOT_DUPLICATE,False,3,8.5,3489.38,Joint Cutting Machine; Plate Compactor,SUBMITTED,SUBMITTED,,2026-07-27 08:34:22+05:30,data/complaints/images/road_damage/complaint_092.jpg,True,ELIGIBLE,READY_FOR_STEP13_PLANNING
273,,273,Broken road surface,Road has cracks and damaged portions.,Road Damage,Road Damage,ROAD,54.87,HIGH,18.745383,73.700192,True,True,False,NOT_EVALUATED,False,4,14.9,6032.95,Joint Cutting Machine; Plate Compactor,SUBMITTED,SUBMITTED,,2026-04-10 19:13:22+05:30,data/complaints/images/road_damage/complaint_273.jpg,True,ELIGIBLE,READY_FOR_STEP13_PLANNING
439,,439,Water leakage,Water is leaking from a pipeline.,Water Leakage,Water Leakage,WATER,54.85,HIGH,18.732258,73.664756,True,True,False,NOT_DUPLICATE,False,2,2.6,869.2,Water Leakage Repair Tools,SUBMITTED,SUBMITTED,,2026-05-22 13:48:22+05:30,data/complaints/images/water_leakage/complaint_439.jpg,True,ELIGIBLE,READY_FOR_STEP13_PLANNING
459,,459,Dark road due to streetlight,Streetlight is not working at night.,Streetlight,Streetlight,ELECTRICITY,54.71,HIGH,18.744583,73.701988,True,True,False,NOT_EVALUATED,False,4,3.0,1386.5,Electrical Maintenance Tools,SUBMITTED,SUBMITTED,,2026-03-31 21:43:22+05:30,data/complaints/images/streetlight/complaint_459.jpg,True,ELIGIBLE,READY_FOR_STEP13_PLANNING
324,,324,Water accumulation,Water is accumulated in the area.,Waterlogging,Waterlogging,WATER,54.39,HIGH,18.729376,73.697433,True,True,False,NOT_EVALUATED,False,4,34.8,11873.4,Truck 5.5 cum per 10 MT,SUBMITTED,SUBMITTED,,2026-04-14 03:45:22+05:30,data/complaints/images/waterlogging/complaint_324.jpg,True,ELIGIBLE,READY_FOR_STEP13_PLANNING
444,,444,Waste dumped on road,Waste has been dumped near the road.,Garbage Accumulation,Garbage Accumulation,GARBAGE,54.35,HIGH,18.705326,73.68439,True,True,False,NOT_EVALUATED,False,4,12.8,4282.4,Manual Garbage Collection Tools,SUBMITTED,SUBMITTED,,2026-07-16 21:37:22+05:30,data/complaints/images/garbage_accumulation/complaint_444.jpg,True,ELIGIBLE,READY_FOR_STEP13_PLANNING
360,,360,Streetlight not working,Streetlight is not functioning.,Streetlight,Streetlight,ELECTRICITY,54.32,HIGH,18.73392,73.69266,True,True,False,NOT_EVALUATED,False,4,3.0,1386.5,Electrical Maintenance Tools,SUBMITTED,SUBMITTED,,2026-07-30 01:55:22+05:30,data/complaints/images/streetlight/complaint_360.jpg,True,ELIGIBLE,READY_FOR_STEP13_PLANNING
249,,249,Dark road due to streetlight,Streetlight is not working at night.,Streetlight,Streetlight,ELECTRICITY,54.24,HIGH,18.70274,73.687168,True,True,False,NOT_EVALUATED,False,4,3.0,1386.5,Electrical Maintenance Tools,SUBMITTED,SUBMITTED,,2026-07-31 13:17:22+05:30,data/complaints/images/streetlight/complaint_249.jpg,True,ELIGIBLE,READY_FOR_STEP13_PLANNING
134,,134,Water leakage,Water is leaking from a pipeline.,Water Leakage,Water Leakage,WATER,54.12,HIGH,18.727516,73.673364,True,True,False,NOT_EVALUATED,False,3,6.9,2009.38,Water Leakage Repair Tools,SUBMITTED,SUBMITTED,,2026-07-25 20:56:22+05:30,data/complaints/images/water_leakage/complaint_134.jpg,True,ELIGIBLE,READY_FOR_STEP13_PLANNING
17,,17,Waste dumped on road,Waste has been dumped near the road.,Garbage Accumulation,Garbage Accumulation,GARBAGE,53.94,HIGH,18.730622,73.673974,True,True,False,NOT_EVALUATED,False,3,7.1,2053.12,Manual Garbage Collection Tools,SUBMITTED,SUBMITTED,,2026-08-10 04:50:22+05:30,data/complaints/images/garbage_accumulation/complaint_017.jpg,True,ELIGIBLE,READY_FOR_STEP13_PLANNING
453,,453,Waste dumped on road,Waste has been dumped near the road.,Garbage Accumulation,Garbage Accumulation,GARBAGE,53.91,HIGH,18.747753,73.712948,True,True,False,NOT_EVALUATED,False,4,12.3,4134.65,Manual Garbage Collection Tools,SUBMITTED,SUBMITTED,,2026-04-28 01:28:22+05:30,data/complaints/images/garbage_accumulation/complaint_453.jpg,True,ELIGIBLE,READY_FOR_STEP13_PLANNING
105,,105,Damaged road,Road surface is damaged and needs repair.,Road Damage,Road Damage,ROAD,53.74,HIGH,18.705537,73.683884,True,True,False,NOT_DUPLICATE,False,4,21.8,8071.9,Joint Cutting Machine; Plate Compactor,SUBMITTED,SUBMITTED,,2026-08-22 09:51:22+05:30,data/complaints/images/road_damage/complaint_105.jpg,True,ELIGIBLE,READY_FOR_STEP13_PLANNING
174,,174,Streetlight not working,Streetlight is not functioning.,Streetlight,Streetlight,ELECTRICITY,53.43,HIGH,18.736972,73.692528,True,True,False,NOT_DUPLICATE,False,4,3.0,1386.5,Electrical Maintenance Tools,SUBMITTED,SUBMITTED,,2026-05-14 02:50:22+05:30,data/complaints/images/streetlight/complaint_174.jpg,True,ELIGIBLE,READY_FOR_STEP13_PLANNING
87,,87,Pothole on road,Large pothole causing difficulty for vehicles.,Pothole,Pothole,ROAD,53.1,HIGH,18.742998,73.666088,True,True,False,NOT_DUPLICATE,False,4,6.4,3521.2,Joint Cutting Machine; Plate Compactor,SUBMITTED,SUBMITTED,,2026-04-21 21:47:22+05:30,data/complaints/images/pothole/complaint_087.jpg,True,ELIGIBLE,READY_FOR_STEP13_PLANNING
341,,341,Pipeline leakage,A water pipeline appears to be leaking.,Water Leakage,Water Leakage,WATER,52.97,HIGH,18.722901,73.665519,True,True,False,NOT_EVALUATED,False,3,7.4,2118.75,Water Leakage Repair Tools,SUBMITTED,SUBMITTED,,2026-05-19 05:21:22+05:30,data/complaints/images/water_leakage/complaint_341.jpg,True,ELIGIBLE,READY_FOR_STEP13_PLANNING
351,,351,Streetlight not working,Streetlight is not functioning.,Streetlight,Streetlight,ELECTRICITY,52.35,HIGH,18.724198,73.683838,True,True,False,NOT_EVALUATED,False,4,3.0,1386.5,Electrical Maintenance Tools,SUBMITTED,SUBMITTED,,2026-04-25 03:21:22+05:30,data/complaints/images/streetlight/complaint_351.jpg,True,ELIGIBLE,READY_FOR_STEP13_PLANNING
215,,215,Water leakage,Water is leaking from a pipeline.,Water Leakage,Water Leakage,WATER,52.13,HIGH,18.729498,73.662473,True,True,False,NOT_DUPLICATE,False,3,4.7,1528.12,Water Leakage Repair Tools,SUBMITTED,SUBMITTED,,2026-07-08 09:31:22+05:30,data/complaints/images/water_leakage/complaint_215.jpg,True,ELIGIBLE,READY_FOR_STEP13_PLANNING
240,,240,Waterlogging on road,Rainwater has accumulated on the road.,Waterlogging,Waterlogging,WATER,52.03,HIGH,18.743574,73.673476,True,True,False,NOT_EVALUATED,False,4,40.3,13498.65,Truck 5.5 cum per 10 MT,SUBMITTED,SUBMITTED,,2026-06-05 14:49:22+05:30,data/complaints/images/waterlogging/complaint_240.jpg,True,ELIGIBLE,READY_FOR_STEP13_PLANNING
168,,168,Drain cleaning required,Drain requires cleaning and maintenance.,Blocked Drain,Blocked Drain,WATER,51.86,HIGH,18.746459,73.678828,True,True,False,NOT_EVALUATED,False,4,16.1,5257.55,Drain Cleaning Tools,SUBMITTED,SUBMITTED,,2026-08-14 20:07:22+05:30,data/complaints/images/blocked_drain/complaint_168.jpg,True,ELIGIBLE,READY_FOR_STEP13_PLANNING
278,,278,Drain cleaning required,Drain requires cleaning and maintenance.,Blocked Drain,Blocked Drain,WATER,51.82,HIGH,18.740889,73.680322,True,True,False,NOT_EVALUATED,False,3,9.0,2468.75,Drain Cleaning Tools,SUBMITTED,SUBMITTED,,2026-08-09 05:06:22+05:30,data/complaints/images/blocked_drain/complaint_278.jpg,True,ELIGIBLE,READY_FOR_STEP13_PLANNING
315,,315,Drain cleaning required,Drain requires cleaning and maintenance.,Blocked Drain,Blocked Drain,WATER,51.79,HIGH,18.721575,73.68476,True,True,False,NOT_DUPLICATE,False,4,13.6,4518.8,Drain Cleaning Tools,SUBMITTED,SUBMITTED,,2026-04-09 13:10:22+05:30,data/complaints/images/blocked_drain/complaint_315.jpg,True,ELIGIBLE,READY_FOR_STEP13_PLANNING
330,,330,Road flooded with water,Standing water is causing difficulty for commuters.,Waterlogging,Waterlogging,WATER,51.75,HIGH,18.747086,73.679299,True,True,False,NOT_EVALUATED,False,4,42.0,14001.0,Truck 5.5 cum per 10 MT,SUBMITTED,SUBMITTED,,2026-05-28 21:57:22+05:30,data/complaints/images/waterlogging/complaint_330.jpg,True,ELIGIBLE,READY_FOR_STEP13_PLANNING
201,,201,Water leakage,Water is leaking from a pipeline.,Water Leakage,Water Leakage,WATER,51.64,HIGH,18.736705,73.660208,True,True,False,NOT_EVALUATED,False,4,11.0,3750.5,Water Leakage Repair Tools,SUBMITTED,SUBMITTED,,2026-09-12 18:28:22+05:30,data/complaints/images/water_leakage/complaint_201.jpg,True,ELIGIBLE,READY_FOR_STEP13_PLANNING
36,,36,Road repair required,Damaged portion of road requires maintenance.,Road Damage,Road Damage,ROAD,51.48,HIGH,18.751406,73.715412,True,True,False,NOT_DUPLICATE,False,4,16.3,6446.65,Joint Cutting Machine; Plate Compactor,SUBMITTED,SUBMITTED,,2026-06-23 07:53:22+05:30,data/complaints/images/road_damage/complaint_036.jpg,True,ELIGIBLE,READY_FOR_STEP13_PLANNING
15,,15,Pipeline leakage,A water pipeline appears to be leaking.,Water Leakage,Water Leakage,WATER,51.46,HIGH,18.72889,73.682735,True,True,False,NOT_EVALUATED,False,4,17.7,5730.35,Water Leakage Repair Tools,SUBMITTED,SUBMITTED,,2026-05-01 20:04:22+05:30,data/complaints/images/water_leakage/complaint_015.jpg,True,ELIGIBLE,READY_FOR_STEP13_PLANNING
473,,473,Water leakage,Water is leaking from a pipeline.,Water Leakage,Water Leakage,WATER,51.38,HIGH,18.707213,73.683899,True,True,False,NOT_EVALUATED,False,3,6.2,1856.25,Water Leakage Repair Tools,SUBMITTED,SUBMITTED,,2026-03-30 12:36:22+05:30,data/complaints/images/water_leakage/complaint_473.jpg,True,ELIGIBLE,READY_FOR_STEP13_PLANNING
287,,287,Garbage accumulation,Garbage has accumulated near the roadside.,Garbage Accumulation,Garbage Accumulation,GARBAGE,51.37,HIGH,18.728417,73.666146,True,True,False,NOT_EVALUATED,False,3,7.3,2096.88,Manual Garbage Collection Tools,SUBMITTED,SUBMITTED,,2026-05-31 21:11:22+05:30,data/complaints/images/garbage_accumulation/complaint_287.jpg,True,ELIGIBLE,READY_FOR_STEP13_PLANNING
84,,84,Dangerous pothole,Pothole is creating a safety problem for commuters.,Pothole,Pothole,ROAD,51.26,HIGH,18.728287,73.697753,True,True,False,NOT_EVALUATED,False,4,8.2,4053.1,Joint Cutting Machine; Plate Compactor,SUBMITTED,SUBMITTED,,2026-05-03 18:31:22+05:30,data/complaints/images/pothole/complaint_084.jpg,True,ELIGIBLE,READY_FOR_STEP13_PLANNING
135,,135,Drain blockage,Waste has blocked the drainage system.,Blocked Drain,Blocked Drain,WATER,51.02,HIGH,18.741568,73.697188,True,True,False,NOT_EVALUATED,False,4,15.5,5080.25,Drain Cleaning Tools,SUBMITTED,SUBMITTED,,2026-07-14 11:36:22+05:30,data/complaints/images/blocked_drain/complaint_135.jpg,True,ELIGIBLE,READY_FOR_STEP13_PLANNING
302,,302,Pipeline leakage,A water pipeline appears to be leaking.,Water Leakage,Water Leakage,WATER,51.01,HIGH,18.744109,73.676508,True,True,False,NOT_EVALUATED,False,3,9.3,2534.38,Water Leakage Repair Tools,SUBMITTED,SUBMITTED,,2026-04-14 10:20:22+05:30,data/complaints/images/water_leakage/complaint_302.jpg,True,ELIGIBLE,READY_FOR_STEP13_PLANNING
222,,222,Broken streetlight,Streetlight requires repair.,Streetlight,Streetlight,ELECTRICITY,50.96,HIGH,18.726155,73.68087,True,True,False,NOT_EVALUATED,False,4,3.0,1386.5,Electrical Maintenance Tools,SUBMITTED,SUBMITTED,,2026-05-10 19:45:22+05:30,data/complaints/images/streetlight/complaint_222.jpg,True,ELIGIBLE,READY_FOR_STEP13_PLANNING
138,,138,Broken road surface,Road has cracks and damaged portions.,Road Damage,Road Damage,ROAD,50.94,HIGH,18.702598,73.691792,True,True,False,NOT_EVALUATED,False,4,14.9,6032.95,Joint Cutting Machine; Plate Compactor,SUBMITTED,SUBMITTED,,2026-06-19 05:16:22+05:30,data/complaints/images/road_damage/complaint_138.jpg,True,ELIGIBLE,READY_FOR_STEP13_PLANNING
406,,406,Road flooded with water,Standing water is causing difficulty for commuters.,Waterlogging,Waterlogging,WATER,50.93,HIGH,18.732546,73.662998,True,True,False,NOT_EVALUATED,False,2,5.6,2385.2,Truck 5.5 cum per 10 MT,SUBMITTED,SUBMITTED,,2026-08-24 12:16:22+05:30,data/complaints/images/waterlogging/complaint_406.jpg,True,ELIGIBLE,READY_FOR_STEP13_PLANNING
378,,378,Drain blockage,Waste has blocked the drainage system.,Blocked Drain,Blocked Drain,WATER,50.88,HIGH,18.736899,73.689783,True,True,False,NOT_DUPLICATE,False,4,10.7,3661.85,Drain Cleaning Tools,SUBMITTED,SUBMITTED,,2026-05-22 19:29:22+05:30,data/complaints/images/blocked_drain/complaint_378.jpg,True,ELIGIBLE,READY_FOR_STEP13_PLANNING
290,,290,Garbage accumulation,Garbage has accumulated near the roadside.,Garbage Accumulation,Garbage Accumulation,GARBAGE,50.87,HIGH,18.706988,73.684374,True,True,False,NOT_EVALUATED,False,3,7.2,2075.0,Manual Garbage Collection Tools,SUBMITTED,SUBMITTED,,2026-05-17 02:32:22+05:30,data/complaints/images/garbage_accumulation/complaint_290.jpg,True,ELIGIBLE,READY_FOR_STEP13_PLANNING
50,,50,Dangerous pothole,Pothole is creating a safety problem for commuters.,Pothole,Pothole,ROAD,50.72,HIGH,18.705376,73.683264,True,True,False,NOT_EVALUATED,False,3,4.2,2548.75,Joint Cutting Machine; Plate Compactor,SUBMITTED,SUBMITTED,,2026-07-08 07:21:22+05:30,data/complaints/images/pothole/complaint_050.jpg,True,ELIGIBLE,READY_FOR_STEP13_PLANNING
132,,132,Road pothole,Deep pothole noticed on the road.,Pothole,Pothole,ROAD,50.35,HIGH,18.735481,73.677855,True,True,False,NOT_EVALUATED,False,4,7.2,3757.6,Joint Cutting Machine; Plate Compactor,SUBMITTED,SUBMITTED,,2026-04-08 09:29:22+05:30,data/complaints/images/pothole/complaint_132.jpg,True,ELIGIBLE,READY_FOR_STEP13_PLANNING
180,,180,Drain blockage,Waste has blocked the drainage system.,Blocked Drain,Blocked Drain,WATER,50.22,HIGH,18.743374,73.67597,True,True,False,NOT_DUPLICATE,False,4,11.6,3927.8,Drain Cleaning Tools,SUBMITTED,SUBMITTED,,2026-08-31 13:30:22+05:30,data/complaints/images/blocked_drain/complaint_180.jpg,True,ELIGIBLE,READY_FOR_STEP13_PLANNING
108,,108,Water accumulation,Water is accumulated in the area.,Waterlogging,Waterlogging,WATER,50.21,HIGH,18.730967,73.697209,True,True,False,NOT_DUPLICATE,False,4,25.6,9154.8,Truck 5.5 cum per 10 MT,SUBMITTED,SUBMITTED,,2026-07-23 16:48:22+05:30,data/complaints/images/waterlogging/complaint_108.jpg,True,ELIGIBLE,READY_FOR_STEP13_PLANNING
239,,239,Blocked drain,Drain is blocked and water is not flowing.,Blocked Drain,Blocked Drain,WATER,50.16,HIGH,18.730752,73.663807,True,True,False,NOT_EVALUATED,False,3,5.1,1615.62,Drain Cleaning Tools,SUBMITTED,SUBMITTED,,2026-08-15 20:27:22+05:30,data/complaints/images/blocked_drain/complaint_239.jpg,True,ELIGIBLE,READY_FOR_STEP13_PLANNING
66,,66,Leakage near road,Water leakage is observed near the road.,Water Leakage,Water Leakage,WATER,49.96,MEDIUM,18.734558,73.701511,True,True,False,NOT_EVALUATED,False,4,11.0,3750.5,Water Leakage Repair Tools,SUBMITTED,SUBMITTED,,2026-04-18 19:23:22+05:30,data/complaints/images/water_leakage/complaint_066.jpg,True,ELIGIBLE,READY_FOR_STEP13_PLANNING
247,,247,Garbage not collected,Garbage has not been collected from the area.,Garbage Accumulation,Garbage Accumulation,GARBAGE,49.77,MEDIUM,18.706055,73.684373,True,True,False,NOT_EVALUATED,False,2,2.7,883.4,Manual Garbage Collection Tools,SUBMITTED,SUBMITTED,,2026-05-17 15:10:22+05:30,data/complaints/images/garbage_accumulation/complaint_247.jpg,True,ELIGIBLE,READY_FOR_STEP13_PLANNING
435,,435,Pipeline leakage,A water pipeline appears to be leaking.,Water Leakage,Water Leakage,WATER,49.72,MEDIUM,18.742568,73.690904,True,True,False,NOT_DUPLICATE,False,4,17.9,5789.45,Water Leakage Repair Tools,SUBMITTED,SUBMITTED,,2026-04-11 16:39:22+05:30,data/complaints/images/water_leakage/complaint_435.jpg,True,ELIGIBLE,READY_FOR_STEP13_PLANNING
455,,455,Damaged road,Road surface is damaged and needs repair.,Road Damage,Road Damage,ROAD,49.53,MEDIUM,18.731835,73.667277,True,True,False,NOT_DUPLICATE,False,3,11.4,4123.75,Joint Cutting Machine; Plate Compactor,SUBMITTED,SUBMITTED,,2026-08-24 01:18:22+05:30,data/complaints/images/road_damage/complaint_455.jpg,True,ELIGIBLE,READY_FOR_STEP13_PLANNING
258,,258,Blocked drain,Drain is blocked and water is not flowing.,Blocked Drain,Blocked Drain,WATER,49.52,MEDIUM,18.728025,73.676559,True,True,False,NOT_EVALUATED,False,4,15.4,5050.7,Drain Cleaning Tools,SUBMITTED,SUBMITTED,,2026-07-01 06:01:22+05:30,data/complaints/images/blocked_drain/complaint_258.jpg,True,ELIGIBLE,READY_FOR_STEP13_PLANNING
470,,470,Dark road due to streetlight,Streetlight is not working at night.,Streetlight,Streetlight,ELECTRICITY,49.35,MEDIUM,18.730163,73.695836,True,True,False,NOT_EVALUATED,False,3,2.0,937.5,Electrical Maintenance Tools,SUBMITTED,SUBMITTED,,2026-04-23 03:32:22+05:30,data/complaints/images/streetlight/complaint_470.jpg,True,ELIGIBLE,READY_FOR_STEP13_PLANNING
321,,321,Dangerous pothole,Pothole is creating a safety problem for commuters.,Pothole,Pothole,ROAD,49.3,MEDIUM,18.713971,73.695705,True,True,False,NOT_EVALUATED,False,4,6.8,3639.4,Joint Cutting Machine; Plate Compactor,SUBMITTED,SUBMITTED,,2026-04-03 22:47:22+05:30,data/complaints/images/pothole/complaint_321.jpg,True,ELIGIBLE,READY_FOR_STEP13_PLANNING
384,,384,Drain cleaning required,Drain requires cleaning and maintenance.,Blocked Drain,Blocked Drain,WATER,49.2,MEDIUM,18.72521,73.660018,True,True,False,NOT_EVALUATED,False,4,15.3,5021.15,Drain Cleaning Tools,SUBMITTED,SUBMITTED,,2026-08-10 14:48:22+05:30,data/complaints/images/blocked_drain/complaint_384.jpg,True,ELIGIBLE,READY_FOR_STEP13_PLANNING
234,,234,Leakage near road,Water leakage is observed near the road.,Water Leakage,Water Leakage,WATER,49.16,MEDIUM,18.722031,73.685417,True,True,False,NOT_DUPLICATE,False,4,13.1,4371.05,Water Leakage Repair Tools,SUBMITTED,SUBMITTED,,2026-06-19 08:39:22+05:30,data/complaints/images/water_leakage/complaint_234.jpg,True,ELIGIBLE,READY_FOR_STEP13_PLANNING
372,,372,Broken streetlight,Streetlight requires repair.,Streetlight,Streetlight,ELECTRICITY,49.16,MEDIUM,18.727393,73.671716,True,True,False,NOT_EVALUATED,False,4,3.0,1386.5,Electrical Maintenance Tools,SUBMITTED,SUBMITTED,,2026-07-29 13:01:22+05:30,data/complaints/images/streetlight/complaint_372.jpg,True,ELIGIBLE,READY_FOR_STEP13_PLANNING
377,,377,Road pothole,Deep pothole noticed on the road.,Pothole,Pothole,ROAD,49.08,MEDIUM,18.737665,73.674577,True,True,False,NOT_DUPLICATE,False,3,3.9,2483.12,Joint Cutting Machine; Plate Compactor,SUBMITTED,SUBMITTED,,2026-05-07 14:33:22+05:30,data/complaints/images/pothole/complaint_377.jpg,True,ELIGIBLE,READY_FOR_STEP13_PLANNING
489,,489,Garbage not collected,Garbage has not been collected from the area.,Garbage Accumulation,Garbage Accumulation,GARBAGE,49.03,MEDIUM,18.723514,73.658407,True,True,False,NOT_EVALUATED,False,4,17.5,5671.25,Manual Garbage Collection Tools,SUBMITTED,SUBMITTED,,2026-04-30 04:24:22+05:30,data/complaints/images/garbage_accumulation/complaint_489.jpg,True,ELIGIBLE,READY_FOR_STEP13_PLANNING
150,,150,Streetlight not working,Streetlight is not functioning.,Streetlight,Streetlight,ELECTRICITY,48.99,MEDIUM,18.727616,73.659288,True,True,False,NOT_EVALUATED,False,4,3.0,1386.5,Electrical Maintenance Tools,SUBMITTED,SUBMITTED,,2026-08-14 12:11:22+05:30,data/complaints/images/streetlight/complaint_150.jpg,True,ELIGIBLE,READY_FOR_STEP13_PLANNING
12,,12,Drain cleaning required,Drain requires cleaning and maintenance.,Blocked Drain,Blocked Drain,WATER,48.98,MEDIUM,18.732153,73.695324,True,True,False,NOT_EVALUATED,False,4,14.1,4666.55,Drain Cleaning Tools,SUBMITTED,SUBMITTED,,2026-05-26 15:52:22+05:30,data/complaints/images/blocked_drain/complaint_012.jpg,True,ELIGIBLE,READY_FOR_STEP13_PLANNING
423,,423,Blocked drain,Drain is blocked and water is not flowing.,Blocked Drain,Blocked Drain,WATER,48.96,MEDIUM,18.723842,73.678686,True,True,False,NOT_EVALUATED,False,4,12.9,4311.95,Drain Cleaning Tools,SUBMITTED,SUBMITTED,,2026-04-09 07:54:22+05:30,data/complaints/images/blocked_drain/complaint_423.jpg,True,ELIGIBLE,READY_FOR_STEP13_PLANNING
204,,204,Broken streetlight,Streetlight requires repair.,Streetlight,Streetlight,ELECTRICITY,48.9,MEDIUM,18.734159,73.687754,True,True,False,NOT_EVALUATED,False,4,3.0,1386.5,Electrical Maintenance Tools,SUBMITTED,SUBMITTED,,2026-07-22 23:51:22+05:30,data/complaints/images/streetlight/complaint_204.jpg,True,ELIGIBLE,READY_FOR_STEP13_PLANNING
403,,403,Garbage not collected,Garbage has not been collected from the area.,Garbage Accumulation,Garbage Accumulation,GARBAGE,48.68,MEDIUM,18.742421,73.68188,True,True,False,NOT_DUPLICATE,False,2,2.4,840.8,Manual Garbage Collection Tools,SUBMITTED,SUBMITTED,,2026-04-11 11:53:22+05:30,data/complaints/images/garbage_accumulation/complaint_403.jpg,True,ELIGIBLE,READY_FOR_STEP13_PLANNING
33,,33,Garbage not collected,Garbage has not been collected from the area.,Garbage Accumulation,Garbage Accumulation,GARBAGE,48.62,MEDIUM,18.699272,73.698122,True,True,False,NOT_DUPLICATE,False,4,14.8,4873.4,Manual Garbage Collection Tools,SUBMITTED,SUBMITTED,,2026-04-08 20:35:22+05:30,data/complaints/images/garbage_accumulation/complaint_033.jpg,True,ELIGIBLE,READY_FOR_STEP13_PLANNING
264,,264,Waste dumped on road,Waste has been dumped near the road.,Garbage Accumulation,Garbage Accumulation,GARBAGE,48.57,MEDIUM,18.7472,73.668435,True,True,False,NOT_DUPLICATE,False,4,15.2,4991.6,Manual Garbage Collection Tools,SUBMITTED,SUBMITTED,,2026-06-26 01:15:22+05:30,data/complaints/images/garbage_accumulation/complaint_264.jpg,True,ELIGIBLE,READY_FOR_STEP13_PLANNING
408,,408,Dangerous pothole,Pothole is creating a safety problem for commuters.,Pothole,Pothole,ROAD,48.56,MEDIUM,18.736685,73.687945,True,True,False,NOT_EVALUATED,False,4,8.4,4112.2,Joint Cutting Machine; Plate Compactor,SUBMITTED,SUBMITTED,,2026-04-27 05:08:22+05:30,data/complaints/images/pothole/complaint_408.jpg,True,ELIGIBLE,READY_FOR_STEP13_PLANNING
306,,306,Waterlogging on road,Rainwater has accumulated on the road.,Waterlogging,Waterlogging,WATER,48.52,MEDIUM,18.703219,73.692924,True,True,False,NOT_DUPLICATE,False,4,31.6,10927.8,Truck 5.5 cum per 10 MT,SUBMITTED,SUBMITTED,,2026-07-12 13:43:22+05:30,data/complaints/images/waterlogging/complaint_306.jpg,True,ELIGIBLE,READY_FOR_STEP13_PLANNING
381,,381,Broken road surface,Road has cracks and damaged portions.,Road Damage,Road Damage,ROAD,48.46,MEDIUM,18.69921,73.698147,True,True,False,NOT_EVALUATED,False,4,17.8,6889.9,Joint Cutting Machine; Plate Compactor,SUBMITTED,SUBMITTED,,2026-04-24 12:25:22+05:30,data/complaints/images/road_damage/complaint_381.jpg,True,ELIGIBLE,READY_FOR_STEP13_PLANNING
118,,118,Waste dumped on road,Waste has been dumped near the road.,Garbage Accumulation,Garbage Accumulation,GARBAGE,48.45,MEDIUM,18.730321,73.662323,True,True,False,NOT_EVALUATED,False,2,3.1,940.2,Manual Garbage Collection Tools,SUBMITTED,SUBMITTED,,2026-04-05 09:27:22+05:30,data/complaints/images/garbage_accumulation/complaint_118.jpg,True,ELIGIBLE,READY_FOR_STEP13_PLANNING
498,,498,Broken road surface,Road has cracks and damaged portions.,Road Damage,Road Damage,ROAD,48.34,MEDIUM,18.740437,73.673557,True,True,False,NOT_EVALUATED,False,4,17.8,6889.9,Joint Cutting Machine; Plate Compactor,SUBMITTED,SUBMITTED,,2026-07-16 05:41:22+05:30,data/complaints/images/road_damage/complaint_498.jpg,True,ELIGIBLE,READY_FOR_STEP13_PLANNING
236,,236,Garbage not collected,Garbage has not been collected from the area.,Garbage Accumulation,Garbage Accumulation,GARBAGE,48.13,MEDIUM,18.741675,73.672457,True,True,False,NOT_EVALUATED,False,3,7.9,2228.12,Manual Garbage Collection Tools,SUBMITTED,SUBMITTED,,2026-09-02 15:59:22+05:30,data/complaints/images/garbage_accumulation/complaint_236.jpg,True,ELIGIBLE,READY_FOR_STEP13_PLANNING
27,,27,Pothole on road,Large pothole causing difficulty for vehicles.,Pothole,Pothole,ROAD,48.09,MEDIUM,18.726238,73.668104,True,True,False,NOT_EVALUATED,False,4,7.9,3964.45,Joint Cutting Machine; Plate Compactor,SUBMITTED,SUBMITTED,,2026-06-03 22:13:22+05:30,data/complaints/images/pothole/complaint_027.jpg,True,ELIGIBLE,READY_FOR_STEP13_PLANNING
427,,427,Water leakage,Water is leaking from a pipeline.,Water Leakage,Water Leakage,WATER,48.08,MEDIUM,18.71252,73.676949,True,True,False,NOT_EVALUATED,False,2,2.2,812.4,Water Leakage Repair Tools,SUBMITTED,SUBMITTED,,2026-04-03 19:46:22+05:30,data/complaints/images/water_leakage/complaint_427.jpg,True,ELIGIBLE,READY_FOR_STEP13_PLANNING
210,,210,Streetlight not working,Streetlight is not functioning.,Streetlight,Streetlight,ELECTRICITY,48.01,MEDIUM,18.713191,73.681763,True,True,False,NOT_EVALUATED,False,4,3.0,1386.5,Electrical Maintenance Tools,SUBMITTED,SUBMITTED,,2026-08-24 03:47:22+05:30,data/complaints/images/streetlight/complaint_210.jpg,True,ELIGIBLE,READY_FOR_STEP13_PLANNING
276,,276,Drain blockage,Waste has blocked the drainage system.,Blocked Drain,Blocked Drain,WATER,47.89,MEDIUM,18.726736,73.670517,True,True,False,NOT_EVALUATED,False,4,13.3,4430.15,Drain Cleaning Tools,SUBMITTED,SUBMITTED,,2026-05-07 17:03:22+05:30,data/complaints/images/blocked_drain/complaint_276.jpg,True,ELIGIBLE,READY_FOR_STEP13_PLANNING
39,,39,Blocked drain,Drain is blocked and water is not flowing.,Blocked Drain,Blocked Drain,WATER,47.77,MEDIUM,18.747414,73.674083,True,True,False,NOT_EVALUATED,False,4,12.1,4075.55,Drain Cleaning Tools,SUBMITTED,SUBMITTED,,2026-09-02 17:03:22+05:30,data/complaints/images/blocked_drain/complaint_039.jpg,True,ELIGIBLE,READY_FOR_STEP13_PLANNING
42,,42,Pothole on road,Large pothole causing difficulty for vehicles.,Pothole,Pothole,ROAD,47.63,MEDIUM,18.731218,73.697408,True,True,False,NOT_DUPLICATE,False,4,7.9,3964.45,Joint Cutting Machine; Plate Compactor,SUBMITTED,SUBMITTED,,2026-09-20 17:18:22+05:30,data/complaints/images/pothole/complaint_042.jpg,True,ELIGIBLE,READY_FOR_STEP13_PLANNING
438,,438,Leakage near road,Water leakage is observed near the road.,Water Leakage,Water Leakage,WATER,47.55,MEDIUM,18.747813,73.708191,True,True,False,NOT_EVALUATED,False,4,12.1,4075.55,Water Leakage Repair Tools,SUBMITTED,SUBMITTED,,2026-05-03 03:39:22+05:30,data/complaints/images/water_leakage/complaint_438.jpg,True,ELIGIBLE,READY_FOR_STEP13_PLANNING
357,,357,Broken road surface,Road has cracks and damaged portions.,Road Damage,Road Damage,ROAD,47.53,MEDIUM,18.713256,73.700533,True,True,False,NOT_EVALUATED,False,4,14.8,6003.4,Joint Cutting Machine; Plate Compactor,SUBMITTED,SUBMITTED,,2026-04-02 06:38:22+05:30,data/complaints/images/road_damage/complaint_357.jpg,True,ELIGIBLE,READY_FOR_STEP13_PLANNING
98,,98,Garbage accumulation,Garbage has accumulated near the roadside.,Garbage Accumulation,Garbage Accumulation,GARBAGE,47.49,MEDIUM,18.708487,73.685071,True,True,False,NOT_EVALUATED,False,3,6.3,1878.12,Manual Garbage Collection Tools,SUBMITTED,SUBMITTED,,2026-08-24 02:26:22+05:30,data/complaints/images/garbage_accumulation/complaint_098.jpg,True,ELIGIBLE,READY_FOR_STEP13_PLANNING
126,,126,Garbage not collected,Garbage has not been collected from the area.,Garbage Accumulation,Garbage Accumulation,GARBAGE,47.47,MEDIUM,18.741967,73.707648,True,True,False,NOT_DUPLICATE,False,4,14.8,4873.4,Manual Garbage Collection Tools,SUBMITTED,SUBMITTED,,2026-05-09 18:47:22+05:30,data/complaints/images/garbage_accumulation/complaint_126.jpg,True,ELIGIBLE,READY_FOR_STEP13_PLANNING
131,,131,Damaged road,Road surface is damaged and needs repair.,Road Damage,Road Damage,ROAD,47.42,MEDIUM,18.716031,73.676799,True,True,False,NOT_DUPLICATE,False,3,7.9,3358.12,Joint Cutting Machine; Plate Compactor,SUBMITTED,SUBMITTED,,2026-04-18 20:27:22+05:30,data/complaints/images/road_damage/complaint_131.jpg,True,ELIGIBLE,READY_FOR_STEP13_PLANNING
214,,214,Pothole on road,Large pothole causing difficulty for vehicles.,Pothole,Pothole,ROAD,47.42,MEDIUM,18.734994,73.691938,True,True,False,NOT_EVALUATED,False,2,2.0,1914.0,Joint Cutting Machine; Plate Compactor,SUBMITTED,SUBMITTED,,2026-09-14 23:19:22+05:30,data/complaints/images/pothole/complaint_214.jpg,True,ELIGIBLE,READY_FOR_STEP13_PLANNING
183,,183,Leakage near road,Water leakage is observed near the road.,Water Leakage,Water Leakage,WATER,47.4,MEDIUM,18.722946,73.66059,True,True,False,NOT_DUPLICATE,False,4,11.3,3839.15,Water Leakage Repair Tools,SUBMITTED,SUBMITTED,,2026-06-23 23:10:22+05:30,data/complaints/images/water_leakage/complaint_183.jpg,True,ELIGIBLE,READY_FOR_STEP13_PLANNING
218,,218,Road flooded with water,Standing water is causing difficulty for commuters.,Waterlogging,Waterlogging,WATER,47.26,MEDIUM,18.738256,73.676082,True,True,False,NOT_DUPLICATE,False,3,13.3,4499.38,Truck 5.5 cum per 10 MT,SUBMITTED,SUBMITTED,,2026-08-22 10:16:22+05:30,data/complaints/images/waterlogging/complaint_218.jpg,True,ELIGIBLE,READY_FOR_STEP13_PLANNING
399,,399,Pipeline leakage,A water pipeline appears to be leaking.,Water Leakage,Water Leakage,WATER,47.19,MEDIUM,18.730347,73.694779,True,True,False,NOT_EVALUATED,False,4,10.8,3691.4,Water Leakage Repair Tools,SUBMITTED,SUBMITTED,,2026-07-23 11:45:22+05:30,data/complaints/images/water_leakage/complaint_399.jpg,True,ELIGIBLE,READY_FOR_STEP13_PLANNING
303,,303,Road pothole,Deep pothole noticed on the road.,Pothole,Pothole,ROAD,47.08,MEDIUM,18.747335,73.710981,True,True,False,NOT_EVALUATED,False,4,6.1,3432.55,Joint Cutting Machine; Plate Compactor,SUBMITTED,SUBMITTED,,2026-04-16 00:05:22+05:30,data/complaints/images/pothole/complaint_303.jpg,True,ELIGIBLE,READY_FOR_STEP13_PLANNING
72,,72,Road flooded with water,Standing water is causing difficulty for commuters.,Waterlogging,Waterlogging,WATER,46.96,MEDIUM,18.738096,73.70369,True,True,False,NOT_DUPLICATE,False,4,24.5,8829.75,Truck 5.5 cum per 10 MT,SUBMITTED,SUBMITTED,,2026-04-05 09:12:22+05:30,data/complaints/images/waterlogging/complaint_072.jpg,True,ELIGIBLE,READY_FOR_STEP13_PLANNING
309,,309,Road flooded with water,Standing water is causing difficulty for commuters.,Waterlogging,Waterlogging,WATER,46.94,MEDIUM,18.719568,73.675849,True,True,False,NOT_DUPLICATE,False,4,24.3,8770.65,Truck 5.5 cum per 10 MT,SUBMITTED,SUBMITTED,,2026-04-03 00:55:22+05:30,data/complaints/images/waterlogging/complaint_309.jpg,True,ELIGIBLE,READY_FOR_STEP13_PLANNING
477,,477,Leakage near road,Water leakage is observed near the road.,Water Leakage,Water Leakage,WATER,46.92,MEDIUM,18.740788,73.692659,True,True,False,NOT_EVALUATED,False,4,15.1,4962.05,Water Leakage Repair Tools,SUBMITTED,SUBMITTED,,2026-06-13 15:46:22+05:30,data/complaints/images/water_leakage/complaint_477.jpg,True,ELIGIBLE,READY_FOR_STEP13_PLANNING
416,,416,Dangerous pothole,Pothole is creating a safety problem for commuters.,Pothole,Pothole,ROAD,46.91,MEDIUM,18.749503,73.677009,True,True,False,NOT_EVALUATED,False,3,3.9,2483.12,Joint Cutting Machine; Plate Compactor,SUBMITTED,SUBMITTED,,2026-07-19 08:46:22+05:30,data/complaints/images/pothole/complaint_416.jpg,True,ELIGIBLE,READY_FOR_STEP13_PLANNING
29,,29,Pipeline leakage,A water pipeline appears to be leaking.,Water Leakage,Water Leakage,WATER,46.87,MEDIUM,18.730064,73.669682,True,True,False,NOT_EVALUATED,False,3,7.2,2075.0,Water Leakage Repair Tools,SUBMITTED,SUBMITTED,,2026-09-15 03:36:22+05:30,data/complaints/images/water_leakage/complaint_029.jpg,True,ELIGIBLE,READY_FOR_STEP13_PLANNING
171,,171,Pipeline leakage,A water pipeline appears to be leaking.,Water Leakage,Water Leakage,WATER,46.84,MEDIUM,18.743678,73.707792,True,True,False,NOT_EVALUATED,False,4,16.4,5346.2,Water Leakage Repair Tools,SUBMITTED,SUBMITTED,,2026-04-20 09:25:22+05:30,data/complaints/images/water_leakage/complaint_171.jpg,True,ELIGIBLE,READY_FOR_STEP13_PLANNING
45,,45,Dark road due to streetlight,Streetlight is not working at night.,Streetlight,Streetlight,ELECTRICITY,46.83,MEDIUM,18.731316,73.691424,True,True,False,NOT_EVALUATED,False,4,3.0,1386.5,Electrical Maintenance Tools,SUBMITTED,SUBMITTED,,2026-07-10 17:25:22+05:30,data/complaints/images/streetlight/complaint_045.jpg,True,ELIGIBLE,READY_FOR_STEP13_PLANNING
56,,56,Road repair required,Damaged portion of road requires maintenance.,Road Damage,Road Damage,ROAD,46.78,MEDIUM,18.731953,73.67777,True,True,False,NOT_DUPLICATE,False,3,11.8,4211.25,Joint Cutting Machine; Plate Compactor,SUBMITTED,SUBMITTED,,2026-06-22 17:16:22+05:30,data/complaints/images/road_damage/complaint_056.jpg,True,ELIGIBLE,READY_FOR_STEP13_PLANNING
67,,67,Water leakage,Water is leaking from a pipeline.,Water Leakage,Water Leakage,WATER,46.77,MEDIUM,18.742105,73.682827,True,True,False,NOT_EVALUATED,False,2,2.1,798.2,Water Leakage Repair Tools,SUBMITTED,SUBMITTED,,2026-06-10 06:35:22+05:30,data/complaints/images/water_leakage/complaint_067.jpg,True,ELIGIBLE,READY_FOR_STEP13_PLANNING
318,,318,Water leakage,Water is leaking from a pipeline.,Water Leakage,Water Leakage,WATER,46.7,MEDIUM,18.737565,73.684775,True,True,False,NOT_DUPLICATE,False,4,15.7,5139.35,Water Leakage Repair Tools,SUBMITTED,SUBMITTED,,2026-06-03 13:30:22+05:30,data/complaints/images/water_leakage/complaint_318.jpg,True,ELIGIBLE,READY_FOR_STEP13_PLANNING
431,,431,Drain blockage,Waste has blocked the drainage system.,Blocked Drain,Blocked Drain,WATER,46.57,MEDIUM,18.72829,73.66416,True,True,False,NOT_EVALUATED,False,3,9.3,2534.38,Drain Cleaning Tools,SUBMITTED,SUBMITTED,,2026-08-25 20:02:22+05:30,data/complaints/images/blocked_drain/complaint_431.jpg,True,ELIGIBLE,READY_FOR_STEP13_PLANNING
111,,111,Pipeline leakage,A water pipeline appears to be leaking.,Water Leakage,Water Leakage,WATER,46.54,MEDIUM,18.74521,73.686245,True,True,False,NOT_EVALUATED,False,4,16.7,5434.85,Water Leakage Repair Tools,SUBMITTED,SUBMITTED,,2026-04-27 02:56:22+05:30,data/complaints/images/water_leakage/complaint_111.jpg,True,ELIGIBLE,READY_FOR_STEP13_PLANNING
350,,350,Road pothole,Deep pothole noticed on the road.,Pothole,Pothole,ROAD,46.52,MEDIUM,18.736736,73.676131,True,True,False,NOT_EVALUATED,False,3,4.8,2680.0,Joint Cutting Machine; Plate Compactor,SUBMITTED,SUBMITTED,,2026-05-15 02:49:22+05:30,data/complaints/images/pothole/complaint_350.jpg,True,ELIGIBLE,READY_FOR_STEP13_PLANNING
491,,491,Broken streetlight,Streetlight requires repair.,Streetlight,Streetlight,ELECTRICITY,46.44,MEDIUM,18.725741,73.673252,True,True,False,NOT_EVALUATED,False,3,2.0,937.5,Electrical Maintenance Tools,SUBMITTED,SUBMITTED,,2026-05-27 08:32:22+05:30,data/complaints/images/streetlight/complaint_491.jpg,True,ELIGIBLE,READY_FOR_STEP13_PLANNING
117,,117,Pothole on road,Large pothole causing difficulty for vehicles.,Pothole,Pothole,ROAD,46.43,MEDIUM,18.737772,73.689696,True,True,False,NOT_EVALUATED,False,4,6.7,3609.85,Joint Cutting Machine; Plate Compactor,SUBMITTED,SUBMITTED,,2026-07-05 05:35:22+05:30,data/complaints/images/pothole/complaint_117.jpg,True,ELIGIBLE,READY_FOR_STEP13_PLANNING
90,,90,Waste dumped on road,Waste has been dumped near the road.,Garbage Accumulation,Garbage Accumulation,GARBAGE,46.31,MEDIUM,18.724059,73.688211,True,True,False,NOT_DUPLICATE,False,4,12.0,4046.0,Manual Garbage Collection Tools,SUBMITTED,SUBMITTED,,2026-04-27 02:50:22+05:30,data/complaints/images/garbage_accumulation/complaint_090.jpg,True,ELIGIBLE,READY_FOR_STEP13_PLANNING
107,,107,Broken road surface,Road has cracks and damaged portions.,Road Damage,Road Damage,ROAD,46.27,MEDIUM,18.73956,73.669398,True,True,False,NOT_EVALUATED,False,3,7.5,3270.62,Joint Cutting Machine; Plate Compactor,SUBMITTED,SUBMITTED,,2026-04-09 03:50:22+05:30,data/complaints/images/road_damage/complaint_107.jpg,True,ELIGIBLE,READY_FOR_STEP13_PLANNING
388,,388,Pothole on road,Large pothole causing difficulty for vehicles.,Pothole,Pothole,ROAD,46.27,MEDIUM,18.734758,73.663541,True,True,False,NOT_EVALUATED,False,2,2.3,1956.6,Joint Cutting Machine; Plate Compactor,SUBMITTED,SUBMITTED,,2026-04-15 12:00:22+05:30,data/complaints/images/pothole/complaint_388.jpg,True,ELIGIBLE,READY_FOR_STEP13_PLANNING
417,,417,Pipeline leakage,A water pipeline appears to be leaking.,Water Leakage,Water Leakage,WATER,46.22,MEDIUM,18.726038,73.685673,True,True,False,NOT_DUPLICATE,False,4,17.5,5671.25,Water Leakage Repair Tools,SUBMITTED,SUBMITTED,,2026-05-01 13:15:22+05:30,data/complaints/images/water_leakage/complaint_417.jpg,True,ELIGIBLE,READY_FOR_STEP13_PLANNING
170,,170,Drain cleaning required,Drain requires cleaning and maintenance.,Blocked Drain,Blocked Drain,WATER,46.15,MEDIUM,18.704813,73.700158,True,True,False,NOT_EVALUATED,False,3,8.4,2337.5,Drain Cleaning Tools,SUBMITTED,SUBMITTED,,2026-04-08 08:19:22+05:30,data/complaints/images/blocked_drain/complaint_170.jpg,True,ELIGIBLE,READY_FOR_STEP13_PLANNING
119,,119,Streetlight not working,Streetlight is not functioning.,Streetlight,Streetlight,ELECTRICITY,46.13,MEDIUM,18.745212,73.673748,True,True,False,NOT_DUPLICATE,False,3,2.0,937.5,Electrical Maintenance Tools,SUBMITTED,SUBMITTED,,2026-05-17 14:40:22+05:30,data/complaints/images/streetlight/complaint_119.jpg,True,ELIGIBLE,READY_FOR_STEP13_PLANNING
331,,331,Road flooded with water,Standing water is causing difficulty for commuters.,Waterlogging,Waterlogging,WATER,46.12,MEDIUM,18.734042,73.691523,True,True,False,NOT_EVALUATED,False,2,7.7,2683.4,Truck 5.5 cum per 10 MT,SUBMITTED,SUBMITTED,,2026-05-01 05:21:22+05:30,data/complaints/images/waterlogging/complaint_331.jpg,True,ELIGIBLE,READY_FOR_STEP13_PLANNING
405,,405,Broken streetlight,Streetlight requires repair.,Streetlight,Streetlight,ELECTRICITY,46.05,MEDIUM,18.725679,73.665978,True,True,False,NOT_DUPLICATE,False,4,3.0,1386.5,Electrical Maintenance Tools,SUBMITTED,SUBMITTED,,2026-08-12 17:48:22+05:30,data/complaints/images/streetlight/complaint_405.jpg,True,ELIGIBLE,READY_FOR_STEP13_PLANNING
116,,116,Broken road surface,Road has cracks and damaged portions.,Road Damage,Road Damage,ROAD,46.04,MEDIUM,18.741158,73.696207,True,True,False,DUPLICATE,False,3,10.9,4014.38,Joint Cutting Machine; Plate Compactor,SUBMITTED,SUBMITTED,,2026-05-02 22:37:22+05:30,data/complaints/images/road_damage/complaint_116.jpg,True,ELIGIBLE,READY_FOR_STEP13_PLANNING
419,,419,Garbage not collected,Garbage has not been collected from the area.,Garbage Accumulation,Garbage Accumulation,GARBAGE,46.04,MEDIUM,18.736471,73.692288,True,True,False,NOT_EVALUATED,False,3,7.6,2162.5,Manual Garbage Collection Tools,SUBMITTED,SUBMITTED,,2026-06-16 09:17:22+05:30,data/complaints/images/garbage_accumulation/complaint_419.jpg,True,ELIGIBLE,READY_FOR_STEP13_PLANNING
153,,153,Streetlight not working,Streetlight is not functioning.,Streetlight,Streetlight,ELECTRICITY,46.03,MEDIUM,18.729701,73.687241,True,True,False,NOT_EVALUATED,False,4,3.0,1386.5,Electrical Maintenance Tools,SUBMITTED,SUBMITTED,,2026-05-14 14:58:22+05:30,data/complaints/images/streetlight/complaint_153.jpg,True,ELIGIBLE,READY_FOR_STEP13_PLANNING
197,,197,Broken streetlight,Streetlight requires repair.,Streetlight,Streetlight,ELECTRICITY,46.02,MEDIUM,18.731887,73.696693,True,True,False,NOT_EVALUATED,False,3,2.0,937.5,Electrical Maintenance Tools,SUBMITTED,SUBMITTED,,2026-05-22 06:09:22+05:30,data/complaints/images/streetlight/complaint_197.jpg,True,ELIGIBLE,READY_FOR_STEP13_PLANNING
279,,279,Waste dumped on road,Waste has been dumped near the road.,Garbage Accumulation,Garbage Accumulation,GARBAGE,46.01,MEDIUM,18.737971,73.703041,True,True,False,NOT_EVALUATED,False,4,13.6,4518.8,Manual Garbage Collection Tools,SUBMITTED,SUBMITTED,,2026-04-22 08:55:22+05:30,data/complaints/images/garbage_accumulation/complaint_279.jpg,True,ELIGIBLE,READY_FOR_STEP13_PLANNING
434,,434,Road repair required,Damaged portion of road requires maintenance.,Road Damage,Road Damage,ROAD,45.97,MEDIUM,18.738505,73.696797,True,True,False,NOT_DUPLICATE,False,3,8.2,3423.75,Joint Cutting Machine; Plate Compactor,SUBMITTED,SUBMITTED,,2026-05-28 07:57:22+05:30,data/complaints/images/road_damage/complaint_434.jpg,True,ELIGIBLE,READY_FOR_STEP13_PLANNING
125,,125,Broken streetlight,Streetlight requires repair.,Streetlight,Streetlight,ELECTRICITY,45.93,MEDIUM,18.718928,73.672103,True,True,False,NOT_DUPLICATE,False,3,2.0,937.5,Electrical Maintenance Tools,SUBMITTED,SUBMITTED,,2026-04-11 20:01:22+05:30,data/complaints/images/streetlight/complaint_125.jpg,True,ELIGIBLE,READY_FOR_STEP13_PLANNING
450,,450,Garbage not collected,Garbage has not been collected from the area.,Garbage Accumulation,Garbage Accumulation,GARBAGE,45.92,MEDIUM,18.717174,73.689075,True,True,False,NOT_EVALUATED,False,4,11.2,3809.6,Manual Garbage Collection Tools,SUBMITTED,SUBMITTED,,2026-05-27 17:24:22+05:30,data/complaints/images/garbage_accumulation/complaint_450.jpg,True,ELIGIBLE,READY_FOR_STEP13_PLANNING
451,,451,Broken streetlight,Streetlight requires repair.,Streetlight,Streetlight,ELECTRICITY,45.78,MEDIUM,18.734726,73.685209,True,True,False,NOT_EVALUATED,False,2,2.0,784.0,Electrical Maintenance Tools,SUBMITTED,SUBMITTED,,2026-06-19 19:19:22+05:30,data/complaints/images/streetlight/complaint_451.jpg,True,ELIGIBLE,READY_FOR_STEP13_PLANNING
57,,57,Broken streetlight,Streetlight requires repair.,Streetlight,Streetlight,ELECTRICITY,45.72,MEDIUM,18.745649,73.705383,True,True,False,NOT_EVALUATED,False,4,3.0,1386.5,Electrical Maintenance Tools,SUBMITTED,SUBMITTED,,2026-06-17 18:22:22+05:30,data/complaints/images/streetlight/complaint_057.jpg,True,ELIGIBLE,READY_FOR_STEP13_PLANNING
242,,242,Drain cleaning required,Drain requires cleaning and maintenance.,Blocked Drain,Blocked Drain,WATER,45.71,MEDIUM,18.721424,73.668408,True,True,False,NOT_EVALUATED,False,3,6.2,1856.25,Drain Cleaning Tools,SUBMITTED,SUBMITTED,,2026-06-21 00:04:22+05:30,data/complaints/images/blocked_drain/complaint_242.jpg,True,ELIGIBLE,READY_FOR_STEP13_PLANNING
71,,71,Garbage accumulation,Garbage has accumulated near the roadside.,Garbage Accumulation,Garbage Accumulation,GARBAGE,45.62,MEDIUM,18.717434,73.674057,True,True,False,NOT_DUPLICATE,False,3,6.1,1834.38,Manual Garbage Collection Tools,SUBMITTED,SUBMITTED,,2026-04-23 02:27:22+05:30,data/complaints/images/garbage_accumulation/complaint_071.jpg,True,ELIGIBLE,READY_FOR_STEP13_PLANNING
6,,6,Road flooded with water,Standing water is causing difficulty for commuters.,Waterlogging,Waterlogging,WATER,45.57,MEDIUM,18.744505,73.708023,True,True,False,NOT_EVALUATED,False,4,38.9,13084.95,Truck 5.5 cum per 10 MT,SUBMITTED,SUBMITTED,,2026-05-25 21:49:22+05:30,data/complaints/images/waterlogging/complaint_006.jpg,True,ELIGIBLE,READY_FOR_STEP13_PLANNING
272,,272,Streetlight not working,Streetlight is not functioning.,Streetlight,Streetlight,ELECTRICITY,45.54,MEDIUM,18.728087,73.670817,True,True,False,NOT_EVALUATED,False,3,2.0,937.5,Electrical Maintenance Tools,SUBMITTED,SUBMITTED,,2026-05-04 23:51:22+05:30,data/complaints/images/streetlight/complaint_272.jpg,True,ELIGIBLE,READY_FOR_STEP13_PLANNING
486,,486,Road pothole,Deep pothole noticed on the road.,Pothole,Pothole,ROAD,45.54,MEDIUM,18.707133,73.689071,True,True,False,NOT_EVALUATED,False,4,6.5,3550.75,Joint Cutting Machine; Plate Compactor,SUBMITTED,SUBMITTED,,2026-08-08 01:20:22+05:30,data/complaints/images/pothole/complaint_486.jpg,True,ELIGIBLE,READY_FOR_STEP13_PLANNING
229,,229,Leakage near road,Water leakage is observed near the road.,Water Leakage,Water Leakage,WATER,45.53,MEDIUM,18.738814,73.680792,True,True,False,NOT_EVALUATED,False,2,2.8,897.6,Water Leakage Repair Tools,SUBMITTED,SUBMITTED,,2026-03-31 14:06:22+05:30,data/complaints/images/water_leakage/complaint_229.jpg,True,ELIGIBLE,READY_FOR_STEP13_PLANNING
173,,173,Road repair required,Damaged portion of road requires maintenance.,Road Damage,Road Damage,ROAD,45.5,MEDIUM,18.743805,73.701405,True,True,False,NOT_DUPLICATE,False,3,7.9,3358.12,Joint Cutting Machine; Plate Compactor,SUBMITTED,SUBMITTED,,2026-07-14 06:27:22+05:30,data/complaints/images/road_damage/complaint_173.jpg,True,ELIGIBLE,READY_FOR_STEP13_PLANNING
208,,208,Water accumulation,Water is accumulated in the area.,Waterlogging,Waterlogging,WATER,45.4,MEDIUM,18.731241,73.668021,True,True,False,NOT_EVALUATED,False,2,4.9,2285.8,Truck 5.5 cum per 10 MT,SUBMITTED,SUBMITTED,,2026-07-04 05:42:22+05:30,data/complaints/images/waterlogging/complaint_208.jpg,True,ELIGIBLE,READY_FOR_STEP13_PLANNING
311,,311,Drain cleaning required,Drain requires cleaning and maintenance.,Blocked Drain,Blocked Drain,WATER,45.3,MEDIUM,18.72078,73.684391,True,True,False,NOT_EVALUATED,False,3,8.6,2381.25,Drain Cleaning Tools,SUBMITTED,SUBMITTED,,2026-04-01 02:09:22+05:30,data/complaints/images/blocked_drain/complaint_311.jpg,True,ELIGIBLE,READY_FOR_STEP13_PLANNING
312,,312,Pothole on road,Large pothole causing difficulty for vehicles.,Pothole,Pothole,ROAD,45.21,MEDIUM,18.726077,73.688473,True,True,False,NOT_EVALUATED,False,4,8.0,3994.0,Joint Cutting Machine; Plate Compactor,SUBMITTED,SUBMITTED,,2026-05-16 04:37:22+05:30,data/complaints/images/pothole/complaint_312.jpg,True,ELIGIBLE,READY_FOR_STEP13_PLANNING
294,,294,Waste dumped on road,Waste has been dumped near the road.,Garbage Accumulation,Garbage Accumulation,GARBAGE,45.18,MEDIUM,18.715657,73.700665,True,True,False,NOT_DUPLICATE,False,4,11.8,3986.9,Manual Garbage Collection Tools,SUBMITTED,SUBMITTED,,2026-03-26 21:16:22+05:30,data/complaints/images/garbage_accumulation/complaint_294.jpg,True,ELIGIBLE,READY_FOR_STEP13_PLANNING
20,,20,Road flooded with water,Standing water is causing difficulty for commuters.,Waterlogging,Waterlogging,WATER,45.16,MEDIUM,18.730629,73.677832,True,True,False,NOT_EVALUATED,False,3,20.8,6140.0,Truck 5.5 cum per 10 MT,SUBMITTED,SUBMITTED,,2026-04-05 05:26:22+05:30,data/complaints/images/waterlogging/complaint_020.jpg,True,ELIGIBLE,READY_FOR_STEP13_PLANNING
216,,216,Broken road surface,Road has cracks and damaged portions.,Road Damage,Road Damage,ROAD,45.12,MEDIUM,18.734154,73.701413,True,True,False,NOT_EVALUATED,False,4,21.6,8012.8,Joint Cutting Machine; Plate Compactor,SUBMITTED,SUBMITTED,,2026-09-03 18:02:22+05:30,data/complaints/images/road_damage/complaint_216.jpg,True,ELIGIBLE,READY_FOR_STEP13_PLANNING
147,,147,Drain cleaning required,Drain requires cleaning and maintenance.,Blocked Drain,Blocked Drain,WATER,45.11,MEDIUM,18.730393,73.692567,True,True,False,NOT_DUPLICATE,False,4,15.0,4932.5,Drain Cleaning Tools,SUBMITTED,SUBMITTED,,2026-04-21 21:30:22+05:30,data/complaints/images/blocked_drain/complaint_147.jpg,True,ELIGIBLE,READY_FOR_STEP13_PLANNING
209,,209,Leakage near road,Water leakage is observed near the road.,Water Leakage,Water Leakage,WATER,45.04,MEDIUM,18.746405,73.672901,True,True,False,NOT_DUPLICATE,False,3,7.3,2096.88,Water Leakage Repair Tools,SUBMITTED,SUBMITTED,,2026-05-24 04:41:22+05:30,data/complaints/images/water_leakage/complaint_209.jpg,True,ELIGIBLE,READY_FOR_STEP13_PLANNING
443,,443,Garbage not collected,Garbage has not been collected from the area.,Garbage Accumulation,Garbage Accumulation,GARBAGE,44.96,MEDIUM,18.728582,73.694201,True,True,False,NOT_EVALUATED,False,3,8.3,2315.63,Manual Garbage Collection Tools,SUBMITTED,SUBMITTED,,2026-04-03 23:02:22+05:30,data/complaints/images/garbage_accumulation/complaint_443.jpg,True,ELIGIBLE,READY_FOR_STEP13_PLANNING
420,,420,Leakage near road,Water leakage is observed near the road.,Water Leakage,Water Leakage,WATER,44.95,MEDIUM,18.742354,73.662414,True,True,False,NOT_EVALUATED,False,4,10.7,3661.85,Water Leakage Repair Tools,SUBMITTED,SUBMITTED,,2026-09-14 07:36:22+05:30,data/complaints/images/water_leakage/complaint_420.jpg,True,ELIGIBLE,READY_FOR_STEP13_PLANNING
336,,336,Damaged road,Road surface is damaged and needs repair.,Road Damage,Road Damage,ROAD,44.82,MEDIUM,18.703618,73.701617,True,True,False,NOT_DUPLICATE,False,4,13.1,5501.05,Joint Cutting Machine; Plate Compactor,SUBMITTED,SUBMITTED,,2026-04-23 12:12:22+05:30,data/complaints/images/road_damage/complaint_336.jpg,True,ELIGIBLE,READY_FOR_STEP13_PLANNING
380,,380,Dark road due to streetlight,Streetlight is not working at night.,Streetlight,Streetlight,ELECTRICITY,44.79,MEDIUM,18.744442,73.673521,True,True,False,NOT_DUPLICATE,False,3,2.0,937.5,Electrical Maintenance Tools,SUBMITTED,SUBMITTED,,2026-07-06 04:22:22+05:30,data/complaints/images/streetlight/complaint_380.jpg,True,ELIGIBLE,READY_FOR_STEP13_PLANNING
80,,80,Damaged road,Road surface is damaged and needs repair.,Road Damage,Road Damage,ROAD,44.7,MEDIUM,18.74246,73.699015,True,True,False,NOT_EVALUATED,False,3,7.6,3292.5,Joint Cutting Machine; Plate Compactor,SUBMITTED,SUBMITTED,,2026-08-23 03:45:22+05:30,data/complaints/images/road_damage/complaint_080.jpg,True,ELIGIBLE,READY_FOR_STEP13_PLANNING
362,,362,Drain blockage,Waste has blocked the drainage system.,Blocked Drain,Blocked Drain,WATER,44.64,MEDIUM,18.705903,73.691071,True,True,False,NOT_EVALUATED,False,3,8.3,2315.63,Drain Cleaning Tools,SUBMITTED,SUBMITTED,,2026-05-25 15:17:22+05:30,data/complaints/images/blocked_drain/complaint_362.jpg,True,ELIGIBLE,READY_FOR_STEP13_PLANNING
325,,325,Garbage accumulation,Garbage has accumulated near the roadside.,Garbage Accumulation,Garbage Accumulation,GARBAGE,44.52,MEDIUM,18.731379,73.667031,True,True,False,NOT_DUPLICATE,False,2,2.8,897.6,Manual Garbage Collection Tools,SUBMITTED,SUBMITTED,,2026-03-26 16:43:22+05:30,data/complaints/images/garbage_accumulation/complaint_325.jpg,True,ELIGIBLE,READY_FOR_STEP13_PLANNING
60,,60,Drain cleaning required,Drain requires cleaning and maintenance.,Blocked Drain,Blocked Drain,WATER,44.51,MEDIUM,18.712522,73.686042,True,True,False,NOT_EVALUATED,False,4,12.8,4282.4,Drain Cleaning Tools,SUBMITTED,SUBMITTED,,2026-05-03 05:15:22+05:30,data/complaints/images/blocked_drain/complaint_060.jpg,True,ELIGIBLE,READY_FOR_STEP13_PLANNING
442,,442,Waste dumped on road,Waste has been dumped near the road.,Garbage Accumulation,Garbage Accumulation,GARBAGE,44.38,MEDIUM,18.746457,73.679857,True,True,False,NOT_EVALUATED,False,2,2.5,855.0,Manual Garbage Collection Tools,SUBMITTED,SUBMITTED,,2026-07-12 06:17:22+05:30,data/complaints/images/garbage_accumulation/complaint_442.jpg,True,ELIGIBLE,READY_FOR_STEP13_PLANNING
75,,75,Garbage not collected,Garbage has not been collected from the area.,Garbage Accumulation,Garbage Accumulation,GARBAGE,44.26,MEDIUM,18.742167,73.693975,True,True,False,NOT_DUPLICATE,False,4,13.9,4607.45,Manual Garbage Collection Tools,SUBMITTED,SUBMITTED,,2026-07-18 15:55:22+05:30,data/complaints/images/garbage_accumulation/complaint_075.jpg,True,ELIGIBLE,READY_FOR_STEP13_PLANNING
13,,13,Drain blockage,Waste has blocked the drainage system.,Blocked Drain,Blocked Drain,WATER,44.23,MEDIUM,18.715468,73.673796,True,True,False,NOT_DUPLICATE,False,2,2.4,840.8,Drain Cleaning Tools,SUBMITTED,SUBMITTED,,2026-05-04 16:32:22+05:30,data/complaints/images/blocked_drain/complaint_013.jpg,True,ELIGIBLE,READY_FOR_STEP13_PLANNING
179,,179,Pipeline leakage,A water pipeline appears to be leaking.,Water Leakage,Water Leakage,WATER,44.22,MEDIUM,18.744382,73.663693,True,True,False,NOT_DUPLICATE,False,3,9.0,2468.75,Water Leakage Repair Tools,SUBMITTED,SUBMITTED,,2026-04-14 14:42:22+05:30,data/complaints/images/water_leakage/complaint_179.jpg,True,ELIGIBLE,READY_FOR_STEP13_PLANNING
95,,95,Broken streetlight,Streetlight requires repair.,Streetlight,Streetlight,ELECTRICITY,44.1,MEDIUM,18.743573,73.664486,True,True,False,NOT_EVALUATED,False,3,2.0,937.5,Electrical Maintenance Tools,SUBMITTED,SUBMITTED,,2026-05-25 03:49:22+05:30,data/complaints/images/streetlight/complaint_095.jpg,True,ELIGIBLE,READY_FOR_STEP13_PLANNING
76,,76,Dangerous pothole,Pothole is creating a safety problem for commuters.,Pothole,Pothole,ROAD,44.07,MEDIUM,18.726137,73.672496,True,True,False,NOT_EVALUATED,False,2,2.0,1914.0,Joint Cutting Machine; Plate Compactor,SUBMITTED,SUBMITTED,,2026-04-03 18:43:22+05:30,data/complaints/images/pothole/complaint_076.jpg,True,ELIGIBLE,READY_FOR_STEP13_PLANNING
93,,93,Pipeline leakage,A water pipeline appears to be leaking.,Water Leakage,Water Leakage,WATER,44.02,MEDIUM,18.720747,73.691776,True,True,False,NOT_DUPLICATE,False,4,17.3,5612.15,Water Leakage Repair Tools,SUBMITTED,SUBMITTED,,2026-06-23 15:56:22+05:30,data/complaints/images/water_leakage/complaint_093.jpg,True,ELIGIBLE,READY_FOR_STEP13_PLANNING
113,,113,Drain blockage,Waste has blocked the drainage system.,Blocked Drain,Blocked Drain,WATER,43.93,MEDIUM,18.733837,73.658787,True,True,False,NOT_DUPLICATE,False,3,4.7,1528.12,Drain Cleaning Tools,SUBMITTED,SUBMITTED,,2026-06-03 00:05:22+05:30,data/complaints/images/blocked_drain/complaint_113.jpg,True,ELIGIBLE,READY_FOR_STEP13_PLANNING
165,,165,Waterlogging on road,Rainwater has accumulated on the road.,Waterlogging,Waterlogging,WATER,43.9,MEDIUM,18.725692,73.69249,True,True,False,NOT_EVALUATED,False,4,23.3,8475.15,Truck 5.5 cum per 10 MT,SUBMITTED,SUBMITTED,,2026-06-21 13:34:22+05:30,data/complaints/images/waterlogging/complaint_165.jpg,True,ELIGIBLE,READY_FOR_STEP13_PLANNING
231,,231,Waterlogging on road,Rainwater has accumulated on the road.,Waterlogging,Waterlogging,WATER,43.86,MEDIUM,18.743484,73.704704,True,True,False,NOT_EVALUATED,False,4,40.1,13439.55,Truck 5.5 cum per 10 MT,SUBMITTED,SUBMITTED,,2026-08-28 12:45:22+05:30,data/complaints/images/waterlogging/complaint_231.jpg,True,ELIGIBLE,READY_FOR_STEP13_PLANNING
225,,225,Streetlight not working,Streetlight is not functioning.,Streetlight,Streetlight,ELECTRICITY,43.58,MEDIUM,18.718337,73.695514,True,True,False,NOT_EVALUATED,False,4,3.0,1386.5,Electrical Maintenance Tools,SUBMITTED,SUBMITTED,,2026-05-09 07:41:22+05:30,data/complaints/images/streetlight/complaint_225.jpg,True,ELIGIBLE,READY_FOR_STEP13_PLANNING
353,,353,Streetlight not working,Streetlight is not functioning.,Streetlight,Streetlight,ELECTRICITY,43.43,MEDIUM,18.716327,73.678227,True,True,False,NOT_EVALUATED,False,3,2.0,937.5,Electrical Maintenance Tools,SUBMITTED,SUBMITTED,,2026-09-01 09:15:22+05:30,data/complaints/images/streetlight/complaint_353.jpg,True,ELIGIBLE,READY_FOR_STEP13_PLANNING
480,,480,Pothole on road,Large pothole causing difficulty for vehicles.,Pothole,Pothole,ROAD,43.35,MEDIUM,18.714507,73.692436,True,True,False,NOT_EVALUATED,False,4,7.2,3757.6,Joint Cutting Machine; Plate Compactor,SUBMITTED,SUBMITTED,,2026-05-13 13:04:22+05:30,data/complaints/images/pothole/complaint_480.jpg,True,ELIGIBLE,READY_FOR_STEP13_PLANNING
393,,393,Blocked drain,Drain is blocked and water is not flowing.,Blocked Drain,Blocked Drain,WATER,43.31,MEDIUM,18.723582,73.678119,True,True,False,NOT_EVALUATED,False,4,13.3,4430.15,Drain Cleaning Tools,SUBMITTED,SUBMITTED,,2026-08-27 02:22:22+05:30,data/complaints/images/blocked_drain/complaint_393.jpg,True,ELIGIBLE,READY_FOR_STEP13_PLANNING
260,,260,Road pothole,Deep pothole noticed on the road.,Pothole,Pothole,ROAD,43.26,MEDIUM,18.735682,73.681755,True,True,False,NOT_DUPLICATE,False,3,3.8,2461.25,Joint Cutting Machine; Plate Compactor,SUBMITTED,SUBMITTED,,2026-03-27 12:46:22+05:30,data/complaints/images/pothole/complaint_260.jpg,True,ELIGIBLE,READY_FOR_STEP13_PLANNING
59,,59,Road flooded with water,Standing water is causing difficulty for commuters.,Waterlogging,Waterlogging,WATER,43.26,MEDIUM,18.723013,73.665731,True,True,False,NOT_DUPLICATE,False,3,12.3,4280.62,Truck 5.5 cum per 10 MT,SUBMITTED,SUBMITTED,,2026-05-09 12:27:22+05:30,data/complaints/images/waterlogging/complaint_059.jpg,True,ELIGIBLE,READY_FOR_STEP13_PLANNING
206,,206,Broken road surface,Road has cracks and damaged portions.,Road Damage,Road Damage,ROAD,43.24,MEDIUM,18.736921,73.676222,True,True,False,NOT_EVALUATED,False,3,6.0,2942.5,Joint Cutting Machine; Plate Compactor,SUBMITTED,SUBMITTED,,2026-06-30 01:33:22+05:30,data/complaints/images/road_damage/complaint_206.jpg,True,ELIGIBLE,READY_FOR_STEP13_PLANNING
374,,374,Damaged road,Road surface is damaged and needs repair.,Road Damage,Road Damage,ROAD,43.19,MEDIUM,18.721795,73.672923,True,True,False,NOT_EVALUATED,False,3,8.0,3380.0,Joint Cutting Machine; Plate Compactor,SUBMITTED,SUBMITTED,,2026-09-01 02:44:22+05:30,data/complaints/images/road_damage/complaint_374.jpg,True,ELIGIBLE,READY_FOR_STEP13_PLANNING
354,,354,Streetlight not working,Streetlight is not functioning.,Streetlight,Streetlight,ELECTRICITY,43.06,MEDIUM,18.714105,73.698803,True,True,False,NOT_EVALUATED,False,4,3.0,1386.5,Electrical Maintenance Tools,SUBMITTED,SUBMITTED,,2026-06-10 19:02:22+05:30,data/complaints/images/streetlight/complaint_354.jpg,True,ELIGIBLE,READY_FOR_STEP13_PLANNING
402,,402,Water accumulation,Water is accumulated in the area.,Waterlogging,Waterlogging,WATER,42.98,MEDIUM,18.729571,73.702681,True,True,False,NOT_EVALUATED,False,4,39.4,13232.7,Truck 5.5 cum per 10 MT,SUBMITTED,SUBMITTED,,2026-07-31 17:55:22+05:30,data/complaints/images/waterlogging/complaint_402.jpg,True,ELIGIBLE,READY_FOR_STEP13_PLANNING
320,,320,Broken road surface,Road has cracks and damaged portions.,Road Damage,Road Damage,ROAD,42.86,MEDIUM,18.709325,73.677424,True,True,False,NOT_EVALUATED,False,3,8.7,3533.12,Joint Cutting Machine; Plate Compactor,SUBMITTED,SUBMITTED,,2026-09-01 05:13:22+05:30,data/complaints/images/road_damage/complaint_320.jpg,True,ELIGIBLE,READY_FOR_STEP13_PLANNING
266,,266,Blocked drain,Drain is blocked and water is not flowing.,Blocked Drain,Blocked Drain,WATER,42.85,MEDIUM,18.730856,73.683015,True,True,False,NOT_EVALUATED,False,3,9.3,2534.38,Drain Cleaning Tools,SUBMITTED,SUBMITTED,,2026-05-26 22:28:22+05:30,data/complaints/images/blocked_drain/complaint_266.jpg,True,ELIGIBLE,READY_FOR_STEP13_PLANNING
418,,418,Dangerous pothole,Pothole is creating a safety problem for commuters.,Pothole,Pothole,ROAD,42.85,MEDIUM,18.735617,73.6656,True,True,False,NOT_EVALUATED,False,2,2.0,1914.0,Joint Cutting Machine; Plate Compactor,SUBMITTED,SUBMITTED,,2026-07-08 06:49:22+05:30,data/complaints/images/pothole/complaint_418.jpg,True,ELIGIBLE,READY_FOR_STEP13_PLANNING
327,,327,Broken streetlight,Streetlight requires repair.,Streetlight,Streetlight,ELECTRICITY,42.83,MEDIUM,18.718977,73.686839,True,True,False,NOT_DUPLICATE,False,4,3.0,1386.5,Electrical Maintenance Tools,SUBMITTED,SUBMITTED,,2026-08-18 18:57:22+05:30,data/complaints/images/streetlight/complaint_327.jpg,True,ELIGIBLE,READY_FOR_STEP13_PLANNING
3,,3,Pothole on road,Large pothole causing difficulty for vehicles.,Pothole,Pothole,ROAD,42.82,MEDIUM,18.736897,73.680446,True,True,False,NOT_EVALUATED,False,4,6.7,3609.85,Joint Cutting Machine; Plate Compactor,SUBMITTED,SUBMITTED,,2026-08-07 08:31:22+05:30,data/complaints/images/pothole/complaint_003.jpg,True,ELIGIBLE,READY_FOR_STEP13_PLANNING
425,,425,Pothole on road,Large pothole causing difficulty for vehicles.,Pothole,Pothole,ROAD,42.81,MEDIUM,18.732505,73.690148,True,True,False,NOT_EVALUATED,False,3,4.1,2526.87,Joint Cutting Machine; Plate Compactor,SUBMITTED,SUBMITTED,,2026-07-07 05:47:22+05:30,data/complaints/images/pothole/complaint_425.jpg,True,ELIGIBLE,READY_FOR_STEP13_PLANNING
192,,192,Leakage near road,Water leakage is observed near the road.,Water Leakage,Water Leakage,WATER,42.8,MEDIUM,18.725125,73.694978,True,True,False,NOT_EVALUATED,False,4,13.3,4430.15,Water Leakage Repair Tools,SUBMITTED,SUBMITTED,,2026-05-23 18:39:22+05:30,data/complaints/images/water_leakage/complaint_192.jpg,True,ELIGIBLE,READY_FOR_STEP13_PLANNING
366,,366,Water accumulation,Water is accumulated in the area.,Waterlogging,Waterlogging,WATER,42.72,MEDIUM,18.699568,73.709469,True,True,False,NOT_DUPLICATE,False,4,24.4,8800.2,Truck 5.5 cum per 10 MT,SUBMITTED,SUBMITTED,,2026-06-25 17:20:22+05:30,data/complaints/images/waterlogging/complaint_366.jpg,True,ELIGIBLE,READY_FOR_STEP13_PLANNING
254,,254,Pipeline leakage,A water pipeline appears to be leaking.,Water Leakage,Water Leakage,WATER,42.71,MEDIUM,18.725063,73.682788,True,True,False,NOT_EVALUATED,False,3,6.4,1900.0,Water Leakage Repair Tools,SUBMITTED,SUBMITTED,,2026-06-05 22:25:22+05:30,data/complaints/images/water_leakage/complaint_254.jpg,True,ELIGIBLE,READY_FOR_STEP13_PLANNING
308,,308,Damaged road,Road surface is damaged and needs repair.,Road Damage,Road Damage,ROAD,42.6,MEDIUM,18.738586,73.704075,True,True,False,NOT_DUPLICATE,False,3,7.1,3183.12,Joint Cutting Machine; Plate Compactor,SUBMITTED,SUBMITTED,,2026-04-15 02:31:22+05:30,data/complaints/images/road_damage/complaint_308.jpg,True,ELIGIBLE,READY_FOR_STEP13_PLANNING
11,,11,Road repair required,Damaged portion of road requires maintenance.,Road Damage,Road Damage,ROAD,42.57,MEDIUM,18.719262,73.664837,True,True,False,NOT_EVALUATED,False,3,8.7,3533.12,Joint Cutting Machine; Plate Compactor,SUBMITTED,SUBMITTED,,2026-06-11 07:06:22+05:30,data/complaints/images/road_damage/complaint_011.jpg,True,ELIGIBLE,READY_FOR_STEP13_PLANNING
285,,285,Dangerous pothole,Pothole is creating a safety problem for commuters.,Pothole,Pothole,ROAD,42.52,MEDIUM,18.729104,73.698775,True,True,False,NOT_EVALUATED,False,4,7.7,3905.35,Joint Cutting Machine; Plate Compactor,SUBMITTED,SUBMITTED,,2026-07-27 04:42:22+05:30,data/complaints/images/pothole/complaint_285.jpg,True,ELIGIBLE,READY_FOR_STEP13_PLANNING
364,,364,Water leakage,Water is leaking from a pipeline.,Water Leakage,Water Leakage,WATER,42.52,MEDIUM,18.729996,73.676315,True,True,False,NOT_EVALUATED,False,2,3.2,954.4,Water Leakage Repair Tools,SUBMITTED,SUBMITTED,,2026-06-13 04:44:22+05:30,data/complaints/images/water_leakage/complaint_364.jpg,True,ELIGIBLE,READY_FOR_STEP13_PLANNING
297,,297,Broken streetlight,Streetlight requires repair.,Streetlight,Streetlight,ELECTRICITY,42.39,MEDIUM,18.724406,73.675647,True,True,False,NOT_EVALUATED,False,4,3.0,1386.5,Electrical Maintenance Tools,SUBMITTED,SUBMITTED,,2026-06-11 18:08:22+05:30,data/complaints/images/streetlight/complaint_297.jpg,True,ELIGIBLE,READY_FOR_STEP13_PLANNING
496,,496,Road flooded with water,Standing water is causing difficulty for commuters.,Waterlogging,Waterlogging,WATER,42.2,MEDIUM,18.728889,73.661733,True,True,False,NOT_EVALUATED,False,2,7.2,2612.4,Truck 5.5 cum per 10 MT,SUBMITTED,SUBMITTED,,2026-06-14 17:56:22+05:30,data/complaints/images/waterlogging/complaint_496.jpg,True,ELIGIBLE,READY_FOR_STEP13_PLANNING
182,,182,Streetlight not working,Streetlight is not functioning.,Streetlight,Streetlight,ELECTRICITY,42.18,MEDIUM,18.715622,73.670721,True,True,False,NOT_EVALUATED,False,3,2.0,937.5,Electrical Maintenance Tools,SUBMITTED,SUBMITTED,,2026-07-26 12:45:22+05:30,data/complaints/images/streetlight/complaint_182.jpg,True,ELIGIBLE,READY_FOR_STEP13_PLANNING
270,,270,Waterlogging on road,Rainwater has accumulated on the road.,Waterlogging,Waterlogging,WATER,42.07,MEDIUM,18.71199,73.697196,True,True,False,NOT_EVALUATED,False,4,39.9,13380.45,Truck 5.5 cum per 10 MT,SUBMITTED,SUBMITTED,,2026-07-24 12:41:22+05:30,data/complaints/images/waterlogging/complaint_270.jpg,True,ELIGIBLE,READY_FOR_STEP13_PLANNING
157,,157,Streetlight not working,Streetlight is not functioning.,Streetlight,Streetlight,ELECTRICITY,42.05,MEDIUM,18.738144,73.696596,True,True,False,NOT_EVALUATED,False,2,2.0,784.0,Electrical Maintenance Tools,SUBMITTED,SUBMITTED,,2026-04-03 17:05:22+05:30,data/complaints/images/streetlight/complaint_157.jpg,True,ELIGIBLE,READY_FOR_STEP13_PLANNING
22,,22,Garbage accumulation,Garbage has accumulated near the roadside.,Garbage Accumulation,Garbage Accumulation,GARBAGE,42.03,MEDIUM,18.725876,73.661001,True,True,False,NOT_EVALUATED,False,2,3.4,982.8,Manual Garbage Collection Tools,SUBMITTED,SUBMITTED,,2026-04-11 13:02:22+05:30,data/complaints/images/garbage_accumulation/complaint_022.jpg,True,ELIGIBLE,READY_FOR_STEP13_PLANNING
213,,213,Garbage not collected,Garbage has not been collected from the area.,Garbage Accumulation,Garbage Accumulation,GARBAGE,41.96,MEDIUM,18.721321,73.690126,True,True,False,NOT_EVALUATED,False,4,11.6,3927.8,Manual Garbage Collection Tools,SUBMITTED,SUBMITTED,,2026-08-12 07:31:22+05:30,data/complaints/images/garbage_accumulation/complaint_213.jpg,True,ELIGIBLE,READY_FOR_STEP13_PLANNING
411,,411,Pothole on road,Large pothole causing difficulty for vehicles.,Pothole,Pothole,ROAD,41.93,MEDIUM,18.699376,73.709435,True,True,False,NOT_EVALUATED,False,4,6.7,3609.85,Joint Cutting Machine; Plate Compactor,SUBMITTED,SUBMITTED,,2026-07-10 00:22:22+05:30,data/complaints/images/pothole/complaint_411.jpg,True,ELIGIBLE,READY_FOR_STEP13_PLANNING
387,,387,Waste dumped on road,Waste has been dumped near the road.,Garbage Accumulation,Garbage Accumulation,GARBAGE,41.92,MEDIUM,18.705662,73.707182,True,True,False,NOT_DUPLICATE,False,4,13.8,4577.9,Manual Garbage Collection Tools,SUBMITTED,SUBMITTED,,2026-06-11 07:29:22+05:30,data/complaints/images/garbage_accumulation/complaint_387.jpg,True,ELIGIBLE,READY_FOR_STEP13_PLANNING
404,,404,Drain blockage,Waste has blocked the drainage system.,Blocked Drain,Blocked Drain,WATER,41.88,MEDIUM,18.741288,73.688548,True,True,False,NOT_EVALUATED,False,3,4.9,1571.88,Drain Cleaning Tools,SUBMITTED,SUBMITTED,,2026-03-29 16:12:22+05:30,data/complaints/images/blocked_drain/complaint_404.jpg,True,ELIGIBLE,READY_FOR_STEP13_PLANNING
267,,267,Dark road due to streetlight,Streetlight is not working at night.,Streetlight,Streetlight,ELECTRICITY,41.86,MEDIUM,18.745516,73.688506,True,True,False,NOT_DUPLICATE,False,4,3.0,1386.5,Electrical Maintenance Tools,SUBMITTED,SUBMITTED,,2026-08-01 21:18:22+05:30,data/complaints/images/streetlight/complaint_267.jpg,True,ELIGIBLE,READY_FOR_STEP13_PLANNING
69,,69,Pipeline leakage,A water pipeline appears to be leaking.,Water Leakage,Water Leakage,WATER,41.68,MEDIUM,18.707656,73.708955,True,True,False,NOT_EVALUATED,False,4,15.6,5109.8,Water Leakage Repair Tools,SUBMITTED,SUBMITTED,,2026-04-25 10:48:22+05:30,data/complaints/images/water_leakage/complaint_069.jpg,True,ELIGIBLE,READY_FOR_STEP13_PLANNING
413,,413,Water leakage,Water is leaking from a pipeline.,Water Leakage,Water Leakage,WATER,41.59,MEDIUM,18.722609,73.66348,True,True,False,NOT_DUPLICATE,False,3,8.6,2381.25,Water Leakage Repair Tools,SUBMITTED,SUBMITTED,,2026-05-08 17:05:22+05:30,data/complaints/images/water_leakage/complaint_413.jpg,True,ELIGIBLE,READY_FOR_STEP13_PLANNING
363,,363,Road pothole,Deep pothole noticed on the road.,Pothole,Pothole,ROAD,41.58,MEDIUM,18.709189,73.711051,True,True,False,NOT_DUPLICATE,False,4,8.3,4082.65,Joint Cutting Machine; Plate Compactor,SUBMITTED,SUBMITTED,,2026-05-04 10:00:22+05:30,data/complaints/images/pothole/complaint_363.jpg,True,ELIGIBLE,READY_FOR_STEP13_PLANNING
151,,151,Drain cleaning required,Drain requires cleaning and maintenance.,Blocked Drain,Blocked Drain,WATER,41.47,MEDIUM,18.727982,73.670873,True,True,False,NOT_EVALUATED,False,2,3.1,940.2,Drain Cleaning Tools,SUBMITTED,SUBMITTED,,2026-04-08 21:33:22+05:30,data/complaints/images/blocked_drain/complaint_151.jpg,True,ELIGIBLE,READY_FOR_STEP13_PLANNING
123,,123,Garbage not collected,Garbage has not been collected from the area.,Garbage Accumulation,Garbage Accumulation,GARBAGE,41.46,MEDIUM,18.71848,73.699765,True,True,False,NOT_DUPLICATE,False,4,10.9,3720.95,Manual Garbage Collection Tools,SUBMITTED,SUBMITTED,,2026-06-19 18:26:22+05:30,data/complaints/images/garbage_accumulation/complaint_123.jpg,True,ELIGIBLE,READY_FOR_STEP13_PLANNING
186,,186,Drain blockage,Waste has blocked the drainage system.,Blocked Drain,Blocked Drain,WATER,41.41,MEDIUM,18.710045,73.711702,True,True,False,NOT_EVALUATED,False,4,13.1,4371.05,Drain Cleaning Tools,SUBMITTED,SUBMITTED,,2026-06-19 22:19:22+05:30,data/complaints/images/blocked_drain/complaint_186.jpg,True,ELIGIBLE,READY_FOR_STEP13_PLANNING
397,,397,Garbage accumulation,Garbage has accumulated near the roadside.,Garbage Accumulation,Garbage Accumulation,GARBAGE,41.35,MEDIUM,18.739109,73.660935,True,True,False,NOT_DUPLICATE,False,2,2.2,812.4,Manual Garbage Collection Tools,SUBMITTED,SUBMITTED,,2026-06-26 17:57:22+05:30,data/complaints/images/garbage_accumulation/complaint_397.jpg,True,ELIGIBLE,READY_FOR_STEP13_PLANNING
246,,246,Dark road due to streetlight,Streetlight is not working at night.,Streetlight,Streetlight,ELECTRICITY,41.28,MEDIUM,18.703119,73.706955,True,True,False,NOT_DUPLICATE,False,4,3.0,1386.5,Electrical Maintenance Tools,SUBMITTED,SUBMITTED,,2026-04-19 17:48:22+05:30,data/complaints/images/streetlight/complaint_246.jpg,True,ELIGIBLE,READY_FOR_STEP13_PLANNING
307,,307,Garbage accumulation,Garbage has accumulated near the roadside.,Garbage Accumulation,Garbage Accumulation,GARBAGE,41.28,MEDIUM,18.736348,73.693356,True,True,False,NOT_DUPLICATE,False,2,3.0,926.0,Manual Garbage Collection Tools,SUBMITTED,SUBMITTED,,2026-08-21 13:34:22+05:30,data/complaints/images/garbage_accumulation/complaint_307.jpg,True,ELIGIBLE,READY_FOR_STEP13_PLANNING
482,,482,Drain cleaning required,Drain requires cleaning and maintenance.,Blocked Drain,Blocked Drain,WATER,41.27,MEDIUM,18.703703,73.692543,True,True,False,NOT_EVALUATED,False,3,7.1,2053.12,Drain Cleaning Tools,SUBMITTED,SUBMITTED,,2026-09-14 03:59:22+05:30,data/complaints/images/blocked_drain/complaint_482.jpg,True,ELIGIBLE,READY_FOR_STEP13_PLANNING
313,,313,Road repair required,Damaged portion of road requires maintenance.,Road Damage,Road Damage,ROAD,41.26,MEDIUM,18.737786,73.670608,True,True,False,NOT_EVALUATED,False,2,3.9,2183.8,Joint Cutting Machine; Plate Compactor,SUBMITTED,SUBMITTED,,2026-05-22 22:33:22+05:30,data/complaints/images/road_damage/complaint_313.jpg,True,ELIGIBLE,READY_FOR_STEP13_PLANNING
500,,500,Waste dumped on road,Waste has been dumped near the road.,Garbage Accumulation,Garbage Accumulation,GARBAGE,41.09,MEDIUM,18.722888,73.678967,True,True,False,NOT_DUPLICATE,False,3,8.5,2359.38,Manual Garbage Collection Tools,SUBMITTED,SUBMITTED,,2026-08-03 04:35:22+05:30,data/complaints/images/garbage_accumulation/complaint_500.jpg,True,ELIGIBLE,READY_FOR_STEP13_PLANNING
348,,348,Drain cleaning required,Drain requires cleaning and maintenance.,Blocked Drain,Blocked Drain,WATER,41.05,MEDIUM,18.710678,73.699247,True,True,False,NOT_EVALUATED,False,4,17.0,5523.5,Drain Cleaning Tools,SUBMITTED,SUBMITTED,,2026-05-21 02:53:22+05:30,data/complaints/images/blocked_drain/complaint_348.jpg,True,ELIGIBLE,READY_FOR_STEP13_PLANNING
175,,175,Waste dumped on road,Waste has been dumped near the road.,Garbage Accumulation,Garbage Accumulation,GARBAGE,40.85,MEDIUM,18.729975,73.681613,True,True,False,NOT_EVALUATED,False,2,2.7,883.4,Manual Garbage Collection Tools,SUBMITTED,SUBMITTED,,2026-03-28 20:04:22+05:30,data/complaints/images/garbage_accumulation/complaint_175.jpg,True,ELIGIBLE,READY_FOR_STEP13_PLANNING
32,,32,Dangerous pothole,Pothole is creating a safety problem for commuters.,Pothole,Pothole,ROAD,40.85,MEDIUM,18.72794,73.701457,True,True,False,NOT_EVALUATED,False,3,3.6,2417.5,Joint Cutting Machine; Plate Compactor,SUBMITTED,SUBMITTED,,2026-05-18 21:29:22+05:30,data/complaints/images/pothole/complaint_032.jpg,True,ELIGIBLE,READY_FOR_STEP13_PLANNING
460,,460,Pothole on road,Large pothole causing difficulty for vehicles.,Pothole,Pothole,ROAD,40.47,MEDIUM,18.732962,73.658433,True,True,False,NOT_EVALUATED,False,2,2.0,1914.0,Joint Cutting Machine; Plate Compactor,SUBMITTED,SUBMITTED,,2026-05-27 11:29:22+05:30,data/complaints/images/pothole/complaint_460.jpg,True,ELIGIBLE,READY_FOR_STEP13_PLANNING
48,,48,Dark road due to streetlight,Streetlight is not working at night.,Streetlight,Streetlight,ELECTRICITY,40.34,MEDIUM,18.718887,73.689196,True,True,False,NOT_EVALUATED,False,4,3.0,1386.5,Electrical Maintenance Tools,SUBMITTED,SUBMITTED,,2026-07-28 11:56:22+05:30,data/complaints/images/streetlight/complaint_048.jpg,True,ELIGIBLE,READY_FOR_STEP13_PLANNING
335,,335,Pothole on road,Large pothole causing difficulty for vehicles.,Pothole,Pothole,ROAD,40.3,MEDIUM,18.723714,73.675482,True,True,False,NOT_DUPLICATE,False,3,3.7,2439.38,Joint Cutting Machine; Plate Compactor,SUBMITTED,SUBMITTED,,2026-05-04 22:41:22+05:30,data/complaints/images/pothole/complaint_335.jpg,True,ELIGIBLE,READY_FOR_STEP13_PLANNING
114,,114,Drain blockage,Waste has blocked the drainage system.,Blocked Drain,Blocked Drain,WATER,40.19,MEDIUM,18.71626,73.695549,True,True,False,NOT_DUPLICATE,False,4,12.3,4134.65,Drain Cleaning Tools,SUBMITTED,SUBMITTED,,2026-07-21 23:09:22+05:30,data/complaints/images/blocked_drain/complaint_114.jpg,True,ELIGIBLE,READY_FOR_STEP13_PLANNING
409,,409,Pothole on road,Large pothole causing difficulty for vehicles.,Pothole,Pothole,ROAD,40.17,MEDIUM,18.719144,73.681534,True,True,False,NOT_DUPLICATE,False,2,2.3,1956.6,Joint Cutting Machine; Plate Compactor,SUBMITTED,SUBMITTED,,2026-04-07 20:41:22+05:30,data/complaints/images/pothole/complaint_409.jpg,True,ELIGIBLE,READY_FOR_STEP13_PLANNING
355,,355,Road repair required,Damaged portion of road requires maintenance.,Road Damage,Road Damage,ROAD,40.15,MEDIUM,18.733856,73.678655,True,True,False,NOT_EVALUATED,False,2,2.9,2041.8,Joint Cutting Machine; Plate Compactor,SUBMITTED,SUBMITTED,,2026-04-07 15:26:22+05:30,data/complaints/images/road_damage/complaint_355.jpg,True,ELIGIBLE,READY_FOR_STEP13_PLANNING
255,,255,Garbage not collected,Garbage has not been collected from the area.,Garbage Accumulation,Garbage Accumulation,GARBAGE,40.14,MEDIUM,18.727184,73.696815,True,True,False,NOT_DUPLICATE,False,4,10.9,3720.95,Manual Garbage Collection Tools,SUBMITTED,SUBMITTED,,2026-08-26 00:13:22+05:30,data/complaints/images/garbage_accumulation/complaint_255.jpg,True,ELIGIBLE,READY_FOR_STEP13_PLANNING
342,,342,Road repair required,Damaged portion of road requires maintenance.,Road Damage,Road Damage,ROAD,40.1,MEDIUM,18.705454,73.704505,True,True,False,NOT_EVALUATED,False,4,14.2,5826.1,Joint Cutting Machine; Plate Compactor,SUBMITTED,SUBMITTED,,2026-05-10 20:45:22+05:30,data/complaints/images/road_damage/complaint_342.jpg,True,ELIGIBLE,READY_FOR_STEP13_PLANNING
484,,484,Pipeline leakage,A water pipeline appears to be leaking.,Water Leakage,Water Leakage,WATER,40.09,MEDIUM,18.750341,73.708686,True,True,False,NOT_EVALUATED,False,2,2.9,911.8,Water Leakage Repair Tools,SUBMITTED,SUBMITTED,,2026-05-21 18:39:22+05:30,data/complaints/images/water_leakage/complaint_484.jpg,True,ELIGIBLE,READY_FOR_STEP13_PLANNING
291,,291,Streetlight not working,Streetlight is not functioning.,Streetlight,Streetlight,ELECTRICITY,40.08,MEDIUM,18.717335,73.698479,True,True,False,NOT_EVALUATED,False,4,3.0,1386.5,Electrical Maintenance Tools,SUBMITTED,SUBMITTED,,2026-07-27 06:40:22+05:30,data/complaints/images/streetlight/complaint_291.jpg,True,ELIGIBLE,READY_FOR_STEP13_PLANNING
212,,212,Road flooded with water,Standing water is causing difficulty for commuters.,Waterlogging,Waterlogging,WATER,40.01,MEDIUM,18.722484,73.676627,True,True,False,NOT_EVALUATED,False,3,14.5,4761.88,Truck 5.5 cum per 10 MT,SUBMITTED,SUBMITTED,,2026-04-14 14:35:22+05:30,data/complaints/images/waterlogging/complaint_212.jpg,True,ELIGIBLE,READY_FOR_STEP13_PLANNING
257,,257,Road repair required,Damaged portion of road requires maintenance.,Road Damage,Road Damage,ROAD,40.0,MEDIUM,18.738701,73.691808,True,True,False,NOT_EVALUATED,False,3,7.9,3358.12,Joint Cutting Machine; Plate Compactor,SUBMITTED,SUBMITTED,,2026-09-13 21:00:22+05:30,data/complaints/images/road_damage/complaint_257.jpg,True,ELIGIBLE,READY_FOR_STEP13_PLANNING
428,,428,Waste dumped on road,Waste has been dumped near the road.,Garbage Accumulation,Garbage Accumulation,GARBAGE,39.98,MEDIUM,18.735408,73.68261,True,True,False,NOT_EVALUATED,False,3,5.8,1768.75,Manual Garbage Collection Tools,SUBMITTED,SUBMITTED,,2026-06-21 07:00:22+05:30,data/complaints/images/garbage_accumulation/complaint_428.jpg,True,ELIGIBLE,READY_FOR_STEP13_PLANNING
282,,282,Damaged road,Road surface is damaged and needs repair.,Road Damage,Road Damage,ROAD,39.96,MEDIUM,18.729802,73.686621,True,True,False,NOT_DUPLICATE,False,4,19.7,7451.35,Joint Cutting Machine; Plate Compactor,SUBMITTED,SUBMITTED,,2026-09-13 06:51:22+05:30,data/complaints/images/road_damage/complaint_282.jpg,True,ELIGIBLE,READY_FOR_STEP13_PLANNING
251,,251,Garbage accumulation,Garbage has accumulated near the roadside.,Garbage Accumulation,Garbage Accumulation,GARBAGE,39.91,MEDIUM,18.709525,73.685074,True,True,False,NOT_DUPLICATE,False,3,6.7,1965.62,Manual Garbage Collection Tools,SUBMITTED,SUBMITTED,,2026-07-15 00:27:22+05:30,data/complaints/images/garbage_accumulation/complaint_251.jpg,True,ELIGIBLE,READY_FOR_STEP13_PLANNING
462,,462,Drain blockage,Waste has blocked the drainage system.,Blocked Drain,Blocked Drain,WATER,39.88,MEDIUM,18.707269,73.699581,True,True,False,DUPLICATE,False,4,14.9,4902.95,Drain Cleaning Tools,SUBMITTED,SUBMITTED,,2026-06-11 05:32:22+05:30,data/complaints/images/blocked_drain/complaint_462.jpg,True,ELIGIBLE,READY_FOR_STEP13_PLANNING
395,,395,Drain blockage,Waste has blocked the drainage system.,Blocked Drain,Blocked Drain,WATER,39.57,MEDIUM,18.71627,73.698474,True,True,False,NOT_DUPLICATE,False,3,6.4,1900.0,Drain Cleaning Tools,SUBMITTED,SUBMITTED,,2026-04-04 08:18:22+05:30,data/complaints/images/blocked_drain/complaint_395.jpg,True,ELIGIBLE,READY_FOR_STEP13_PLANNING
494,,494,Garbage not collected,Garbage has not been collected from the area.,Garbage Accumulation,Garbage Accumulation,GARBAGE,39.26,MEDIUM,18.708553,73.687381,True,True,False,NOT_EVALUATED,False,3,7.6,2162.5,Manual Garbage Collection Tools,SUBMITTED,SUBMITTED,,2026-05-18 10:35:22+05:30,data/complaints/images/garbage_accumulation/complaint_494.jpg,True,ELIGIBLE,READY_FOR_STEP13_PLANNING
437,,437,Water accumulation,Water is accumulated in the area.,Waterlogging,Waterlogging,WATER,39.18,MEDIUM,18.730626,73.68854,True,True,False,NOT_DUPLICATE,False,3,16.1,5111.88,Truck 5.5 cum per 10 MT,SUBMITTED,SUBMITTED,,2026-07-17 22:15:22+05:30,data/complaints/images/waterlogging/complaint_437.jpg,True,ELIGIBLE,READY_FOR_STEP13_PLANNING
227,,227,Garbage accumulation,Garbage has accumulated near the roadside.,Garbage Accumulation,Garbage Accumulation,GARBAGE,39.16,MEDIUM,18.748683,73.707113,True,True,False,NOT_EVALUATED,False,3,6.5,1921.88,Manual Garbage Collection Tools,SUBMITTED,SUBMITTED,,2026-06-10 15:53:22+05:30,data/complaints/images/garbage_accumulation/complaint_227.jpg,True,ELIGIBLE,READY_FOR_STEP13_PLANNING
177,,177,Dark road due to streetlight,Streetlight is not working at night.,Streetlight,Streetlight,ELECTRICITY,39.15,MEDIUM,18.712089,73.70869,True,True,False,NOT_EVALUATED,False,4,3.0,1386.5,Electrical Maintenance Tools,SUBMITTED,SUBMITTED,,2026-06-29 18:10:22+05:30,data/complaints/images/streetlight/complaint_177.jpg,True,ELIGIBLE,READY_FOR_STEP13_PLANNING
392,,392,Pipeline leakage,A water pipeline appears to be leaking.,Water Leakage,Water Leakage,WATER,39.09,MEDIUM,18.738846,73.704634,True,True,False,NOT_EVALUATED,False,3,7.6,2162.5,Water Leakage Repair Tools,SUBMITTED,SUBMITTED,,2026-05-30 02:15:22+05:30,data/complaints/images/water_leakage/complaint_392.jpg,True,ELIGIBLE,READY_FOR_STEP13_PLANNING
263,,263,Streetlight not working,Streetlight is not functioning.,Streetlight,Streetlight,ELECTRICITY,39.08,MEDIUM,18.701697,73.705392,True,True,False,NOT_DUPLICATE,False,3,2.0,937.5,Electrical Maintenance Tools,SUBMITTED,SUBMITTED,,2026-04-27 05:16:22+05:30,data/complaints/images/streetlight/complaint_263.jpg,True,ELIGIBLE,READY_FOR_STEP13_PLANNING
281,,281,Water leakage,Water is leaking from a pipeline.,Water Leakage,Water Leakage,WATER,39.03,MEDIUM,18.745878,73.70717,True,True,False,NOT_EVALUATED,False,3,4.6,1506.25,Water Leakage Repair Tools,SUBMITTED,SUBMITTED,,2026-08-03 04:30:22+05:30,data/complaints/images/water_leakage/complaint_281.jpg,True,ELIGIBLE,READY_FOR_STEP13_PLANNING
479,,479,Waterlogging on road,Rainwater has accumulated on the road.,Waterlogging,Waterlogging,WATER,38.9,MEDIUM,18.721006,73.682248,True,True,False,NOT_EVALUATED,False,3,21.0,6183.75,Truck 5.5 cum per 10 MT,SUBMITTED,SUBMITTED,,2026-06-27 04:12:22+05:30,data/complaints/images/waterlogging/complaint_479.jpg,True,ELIGIBLE,READY_FOR_STEP13_PLANNING
359,,359,Drain blockage,Waste has blocked the drainage system.,Blocked Drain,Blocked Drain,WATER,38.77,MEDIUM,18.735933,73.680262,True,True,False,NOT_EVALUATED,False,3,5.0,1593.75,Drain Cleaning Tools,SUBMITTED,SUBMITTED,,2026-08-22 08:10:22+05:30,data/complaints/images/blocked_drain/complaint_359.jpg,True,ELIGIBLE,READY_FOR_STEP13_PLANNING
142,,142,Waterlogging on road,Rainwater has accumulated on the road.,Waterlogging,Waterlogging,WATER,38.75,MEDIUM,18.740428,73.669205,True,True,False,NOT_EVALUATED,False,2,6.4,2498.8,Truck 5.5 cum per 10 MT,SUBMITTED,SUBMITTED,,2026-06-09 06:57:22+05:30,data/complaints/images/waterlogging/complaint_142.jpg,True,ELIGIBLE,READY_FOR_STEP13_PLANNING
358,,358,Water accumulation,Water is accumulated in the area.,Waterlogging,Waterlogging,WATER,38.75,MEDIUM,18.739276,73.663847,True,True,False,NOT_EVALUATED,False,2,7.3,2626.6,Truck 5.5 cum per 10 MT,SUBMITTED,SUBMITTED,,2026-08-09 05:04:22+05:30,data/complaints/images/waterlogging/complaint_358.jpg,True,ELIGIBLE,READY_FOR_STEP13_PLANNING
345,,345,Road repair required,Damaged portion of road requires maintenance.,Road Damage,Road Damage,ROAD,38.73,MEDIUM,18.712535,73.708775,True,True,False,NOT_DUPLICATE,False,4,20.7,7746.85,Joint Cutting Machine; Plate Compactor,SUBMITTED,SUBMITTED,,2026-06-24 12:15:22+05:30,data/complaints/images/road_damage/complaint_345.jpg,True,ELIGIBLE,READY_FOR_STEP13_PLANNING
224,,224,Dangerous pothole,Pothole is creating a safety problem for commuters.,Pothole,Pothole,ROAD,38.72,MEDIUM,18.736779,73.681078,True,True,False,NOT_EVALUATED,False,3,3.6,2417.5,Joint Cutting Machine; Plate Compactor,SUBMITTED,SUBMITTED,,2026-06-16 23:02:22+05:30,data/complaints/images/pothole/complaint_224.jpg,True,ELIGIBLE,READY_FOR_STEP13_PLANNING
53,,53,Damaged road,Road surface is damaged and needs repair.,Road Damage,Road Damage,ROAD,38.71,MEDIUM,18.725841,73.675751,True,True,False,NOT_DUPLICATE,False,3,9.7,3751.88,Joint Cutting Machine; Plate Compactor,SUBMITTED,SUBMITTED,,2026-06-20 03:01:22+05:30,data/complaints/images/road_damage/complaint_053.jpg,True,ELIGIBLE,READY_FOR_STEP13_PLANNING
159,,159,Garbage accumulation,Garbage has accumulated near the roadside.,Garbage Accumulation,Garbage Accumulation,GARBAGE,38.68,MEDIUM,18.701743,73.713152,True,True,False,NOT_EVALUATED,False,4,13.5,4489.25,Manual Garbage Collection Tools,SUBMITTED,SUBMITTED,,2026-09-15 18:34:22+05:30,data/complaints/images/garbage_accumulation/complaint_159.jpg,True,ELIGIBLE,READY_FOR_STEP13_PLANNING
205,,205,Road pothole,Deep pothole noticed on the road.,Pothole,Pothole,ROAD,38.62,MEDIUM,18.732646,73.658627,True,True,False,NOT_DUPLICATE,False,2,2.0,1914.0,Joint Cutting Machine; Plate Compactor,SUBMITTED,SUBMITTED,,2026-08-01 20:09:22+05:30,data/complaints/images/pothole/complaint_205.jpg,True,ELIGIBLE,READY_FOR_STEP13_PLANNING
252,,252,Dangerous pothole,Pothole is creating a safety problem for commuters.,Pothole,Pothole,ROAD,38.6,MEDIUM,18.743836,73.692451,True,True,False,NOT_EVALUATED,False,4,8.3,4082.65,Joint Cutting Machine; Plate Compactor,SUBMITTED,SUBMITTED,,2026-09-16 10:02:22+05:30,data/complaints/images/pothole/complaint_252.jpg,True,ELIGIBLE,READY_FOR_STEP13_PLANNING
99,,99,Road pothole,Deep pothole noticed on the road.,Pothole,Pothole,ROAD,38.6,MEDIUM,18.718039,73.710434,True,True,False,NOT_EVALUATED,False,4,7.2,3757.6,Joint Cutting Machine; Plate Compactor,SUBMITTED,SUBMITTED,,2026-06-26 20:30:22+05:30,data/complaints/images/pothole/complaint_099.jpg,True,ELIGIBLE,READY_FOR_STEP13_PLANNING
152,,152,Dangerous pothole,Pothole is creating a safety problem for commuters.,Pothole,Pothole,ROAD,38.57,MEDIUM,18.720076,73.691013,True,True,False,NOT_EVALUATED,False,3,5.0,2723.75,Joint Cutting Machine; Plate Compactor,SUBMITTED,SUBMITTED,,2026-06-09 07:51:22+05:30,data/complaints/images/pothole/complaint_152.jpg,True,ELIGIBLE,READY_FOR_STEP13_PLANNING
44,,44,Garbage accumulation,Garbage has accumulated near the roadside.,Garbage Accumulation,Garbage Accumulation,GARBAGE,38.52,MEDIUM,18.713756,73.700597,True,True,False,NOT_EVALUATED,False,3,6.5,1921.88,Manual Garbage Collection Tools,SUBMITTED,SUBMITTED,,2026-05-21 16:05:22+05:30,data/complaints/images/garbage_accumulation/complaint_044.jpg,True,ELIGIBLE,READY_FOR_STEP13_PLANNING
468,,468,Waste dumped on road,Waste has been dumped near the road.,Garbage Accumulation,Garbage Accumulation,GARBAGE,38.52,MEDIUM,18.707018,73.699851,True,True,False,NOT_DUPLICATE,False,4,18.0,5819.0,Manual Garbage Collection Tools,SUBMITTED,SUBMITTED,,2026-07-05 15:37:22+05:30,data/complaints/images/garbage_accumulation/complaint_468.jpg,True,ELIGIBLE,READY_FOR_STEP13_PLANNING
140,,140,Streetlight not working,Streetlight is not functioning.,Streetlight,Streetlight,ELECTRICITY,38.44,MEDIUM,18.730445,73.703703,True,True,False,NOT_EVALUATED,False,3,2.0,937.5,Electrical Maintenance Tools,SUBMITTED,SUBMITTED,,2026-05-23 15:49:22+05:30,data/complaints/images/streetlight/complaint_140.jpg,True,ELIGIBLE,READY_FOR_STEP13_PLANNING
415,,415,Waste dumped on road,Waste has been dumped near the road.,Garbage Accumulation,Garbage Accumulation,GARBAGE,38.44,MEDIUM,18.74163,73.666994,True,True,False,NOT_DUPLICATE,False,2,3.2,954.4,Manual Garbage Collection Tools,SUBMITTED,SUBMITTED,,2026-05-17 03:16:22+05:30,data/complaints/images/garbage_accumulation/complaint_415.jpg,True,ELIGIBLE,READY_FOR_STEP13_PLANNING
371,,371,Water accumulation,Water is accumulated in the area.,Waterlogging,Waterlogging,WATER,38.33,MEDIUM,18.73318,73.700481,True,True,False,NOT_EVALUATED,False,3,13.4,4521.25,Truck 5.5 cum per 10 MT,SUBMITTED,SUBMITTED,,2026-07-15 17:16:22+05:30,data/complaints/images/waterlogging/complaint_371.jpg,True,ELIGIBLE,READY_FOR_STEP13_PLANNING
250,,250,Water leakage,Water is leaking from a pipeline.,Water Leakage,Water Leakage,WATER,38.32,MEDIUM,18.736781,73.662012,True,True,False,NOT_EVALUATED,False,2,2.6,869.2,Water Leakage Repair Tools,SUBMITTED,SUBMITTED,,2026-05-22 12:21:22+05:30,data/complaints/images/water_leakage/complaint_250.jpg,True,ELIGIBLE,READY_FOR_STEP13_PLANNING
188,,188,Water leakage,Water is leaking from a pipeline.,Water Leakage,Water Leakage,WATER,38.31,MEDIUM,18.732166,73.690273,True,True,False,NOT_EVALUATED,False,3,8.4,2337.5,Water Leakage Repair Tools,SUBMITTED,SUBMITTED,,2026-09-13 01:23:22+05:30,data/complaints/images/water_leakage/complaint_188.jpg,True,ELIGIBLE,READY_FOR_STEP13_PLANNING
136,,136,Pothole on road,Large pothole causing difficulty for vehicles.,Pothole,Pothole,ROAD,38.29,MEDIUM,18.741266,73.66995,True,True,False,NOT_EVALUATED,False,2,2.1,1928.2,Joint Cutting Machine; Plate Compactor,SUBMITTED,SUBMITTED,,2026-07-10 13:46:22+05:30,data/complaints/images/pothole/complaint_136.jpg,True,ELIGIBLE,READY_FOR_STEP13_PLANNING
367,,367,Road flooded with water,Standing water is causing difficulty for commuters.,Waterlogging,Waterlogging,WATER,38.25,MEDIUM,18.748322,73.671046,True,True,False,NOT_EVALUATED,False,2,3.7,2115.4,Truck 5.5 cum per 10 MT,SUBMITTED,SUBMITTED,,2026-04-09 12:55:22+05:30,data/complaints/images/waterlogging/complaint_367.jpg,True,ELIGIBLE,READY_FOR_STEP13_PLANNING
178,,178,Dark road due to streetlight,Streetlight is not working at night.,Streetlight,Streetlight,ELECTRICITY,38.22,MEDIUM,18.725609,73.667414,True,True,False,NOT_DUPLICATE,False,2,2.0,784.0,Electrical Maintenance Tools,SUBMITTED,SUBMITTED,,2026-08-31 11:42:22+05:30,data/complaints/images/streetlight/complaint_178.jpg,True,ELIGIBLE,READY_FOR_STEP13_PLANNING
365,,365,Pothole on road,Large pothole causing difficulty for vehicles.,Pothole,Pothole,ROAD,38.2,MEDIUM,18.700704,73.696903,True,True,False,NOT_EVALUATED,False,3,4.5,2614.38,Joint Cutting Machine; Plate Compactor,SUBMITTED,SUBMITTED,,2026-06-22 17:06:22+05:30,data/complaints/images/pothole/complaint_365.jpg,True,ELIGIBLE,READY_FOR_STEP13_PLANNING
329,,329,Waste dumped on road,Waste has been dumped near the road.,Garbage Accumulation,Garbage Accumulation,GARBAGE,38.19,MEDIUM,18.700035,73.709393,True,True,False,NOT_EVALUATED,False,3,8.7,2403.12,Manual Garbage Collection Tools,SUBMITTED,SUBMITTED,,2026-05-13 01:38:22+05:30,data/complaints/images/garbage_accumulation/complaint_329.jpg,True,ELIGIBLE,READY_FOR_STEP13_PLANNING
61,,61,Road repair required,Damaged portion of road requires maintenance.,Road Damage,Road Damage,ROAD,38.12,MEDIUM,18.734918,73.69246,True,True,False,NOT_EVALUATED,False,2,3.7,2155.4,Joint Cutting Machine; Plate Compactor,SUBMITTED,SUBMITTED,,2026-09-08 20:29:22+05:30,data/complaints/images/road_damage/complaint_061.jpg,True,ELIGIBLE,READY_FOR_STEP13_PLANNING
268,,268,Streetlight not working,Streetlight is not functioning.,Streetlight,Streetlight,ELECTRICITY,38.08,MEDIUM,18.748185,73.669326,True,True,False,NOT_EVALUATED,False,2,2.0,784.0,Electrical Maintenance Tools,SUBMITTED,SUBMITTED,,2026-04-25 10:41:22+05:30,data/complaints/images/streetlight/complaint_268.jpg,True,ELIGIBLE,READY_FOR_STEP13_PLANNING
461,,461,Dangerous pothole,Pothole is creating a safety problem for commuters.,Pothole,Pothole,ROAD,38.08,MEDIUM,18.716401,73.688861,True,True,False,NOT_EVALUATED,False,3,4.6,2636.25,Joint Cutting Machine; Plate Compactor,SUBMITTED,SUBMITTED,,2026-04-09 11:15:22+05:30,data/complaints/images/pothole/complaint_461.jpg,True,ELIGIBLE,READY_FOR_STEP13_PLANNING
26,,26,Road pothole,Deep pothole noticed on the road.,Pothole,Pothole,ROAD,37.98,MEDIUM,18.748202,73.705266,True,True,False,NOT_DUPLICATE,False,3,4.6,2636.25,Joint Cutting Machine; Plate Compactor,SUBMITTED,SUBMITTED,,2026-07-01 16:49:22+05:30,data/complaints/images/pothole/complaint_026.jpg,True,ELIGIBLE,READY_FOR_STEP13_PLANNING
196,,196,Water leakage,Water is leaking from a pipeline.,Water Leakage,Water Leakage,WATER,37.8,MEDIUM,18.720818,73.683247,True,True,False,NOT_EVALUATED,False,2,3.0,926.0,Water Leakage Repair Tools,SUBMITTED,SUBMITTED,,2026-07-10 13:08:22+05:30,data/complaints/images/water_leakage/complaint_196.jpg,True,ELIGIBLE,READY_FOR_STEP13_PLANNING
376,,376,Pothole on road,Large pothole causing difficulty for vehicles.,Pothole,Pothole,ROAD,37.8,MEDIUM,18.705033,73.694657,True,True,False,DUPLICATE,False,2,2.2,1942.4,Joint Cutting Machine; Plate Compactor,SUBMITTED,SUBMITTED,,2026-04-22 09:15:22+05:30,data/complaints/images/pothole/complaint_376.jpg,True,ELIGIBLE,READY_FOR_STEP13_PLANNING
441,,441,Road pothole,Deep pothole noticed on the road.,Pothole,Pothole,ROAD,37.72,MEDIUM,18.70485,73.708771,True,True,False,NOT_EVALUATED,False,4,6.5,3550.75,Joint Cutting Machine; Plate Compactor,SUBMITTED,SUBMITTED,,2026-09-07 11:45:22+05:30,data/complaints/images/pothole/complaint_441.jpg,True,ELIGIBLE,READY_FOR_STEP13_PLANNING
94,,94,Waste dumped on road,Waste has been dumped near the road.,Garbage Accumulation,Garbage Accumulation,GARBAGE,37.72,MEDIUM,18.719464,73.684095,True,True,False,NOT_DUPLICATE,False,2,2.8,897.6,Manual Garbage Collection Tools,SUBMITTED,SUBMITTED,,2026-04-15 05:21:22+05:30,data/complaints/images/garbage_accumulation/complaint_094.jpg,True,ELIGIBLE,READY_FOR_STEP13_PLANNING
5,,5,Streetlight not working,Streetlight is not functioning.,Streetlight,Streetlight,ELECTRICITY,37.57,MEDIUM,18.704151,73.69439,True,True,False,NOT_EVALUATED,False,3,2.0,937.5,Electrical Maintenance Tools,SUBMITTED,SUBMITTED,,2026-09-11 07:44:22+05:30,data/complaints/images/streetlight/complaint_005.jpg,True,ELIGIBLE,READY_FOR_STEP13_PLANNING
338,,338,Damaged road,Road surface is damaged and needs repair.,Road Damage,Road Damage,ROAD,37.54,MEDIUM,18.719138,73.69078,True,True,False,NOT_DUPLICATE,False,3,6.7,3095.62,Joint Cutting Machine; Plate Compactor,SUBMITTED,SUBMITTED,,2026-07-10 12:29:22+05:30,data/complaints/images/road_damage/complaint_338.jpg,True,ELIGIBLE,READY_FOR_STEP13_PLANNING
37,,37,Drain cleaning required,Drain requires cleaning and maintenance.,Blocked Drain,Blocked Drain,WATER,37.51,MEDIUM,18.742114,73.669606,True,True,False,NOT_EVALUATED,False,2,3.0,926.0,Drain Cleaning Tools,SUBMITTED,SUBMITTED,,2026-07-24 00:27:22+05:30,data/complaints/images/blocked_drain/complaint_037.jpg,True,ELIGIBLE,READY_FOR_STEP13_PLANNING
187,,187,Road repair required,Damaged portion of road requires maintenance.,Road Damage,Road Damage,ROAD,37.38,MEDIUM,18.732711,73.677332,True,True,False,NOT_EVALUATED,False,2,3.4,2112.8,Joint Cutting Machine; Plate Compactor,SUBMITTED,SUBMITTED,,2026-08-15 04:15:22+05:30,data/complaints/images/road_damage/complaint_187.jpg,True,ELIGIBLE,READY_FOR_STEP13_PLANNING
492,,492,Pipeline leakage,A water pipeline appears to be leaking.,Water Leakage,Water Leakage,WATER,37.35,MEDIUM,18.716713,73.703711,True,True,False,NOT_DUPLICATE,False,4,16.5,5375.75,Water Leakage Repair Tools,SUBMITTED,SUBMITTED,,2026-06-08 00:53:22+05:30,data/complaints/images/water_leakage/complaint_492.jpg,True,ELIGIBLE,READY_FOR_STEP13_PLANNING
18,,18,Road repair required,Damaged portion of road requires maintenance.,Road Damage,Road Damage,ROAD,37.31,MEDIUM,18.719481,73.69961,True,True,False,NOT_EVALUATED,False,4,14.8,6003.4,Joint Cutting Machine; Plate Compactor,SUBMITTED,SUBMITTED,,2026-09-02 02:51:22+05:30,data/complaints/images/road_damage/complaint_018.jpg,True,ELIGIBLE,READY_FOR_STEP13_PLANNING
253,,253,Road repair required,Damaged portion of road requires maintenance.,Road Damage,Road Damage,ROAD,37.21,MEDIUM,18.732826,73.70326,True,True,False,NOT_EVALUATED,False,2,3.8,2169.6,Joint Cutting Machine; Plate Compactor,SUBMITTED,SUBMITTED,,2026-07-26 23:46:22+05:30,data/complaints/images/road_damage/complaint_253.jpg,True,ELIGIBLE,READY_FOR_STEP13_PLANNING
469,,469,Drain blockage,Waste has blocked the drainage system.,Blocked Drain,Blocked Drain,WATER,37.07,MEDIUM,18.726855,73.673776,True,True,False,NOT_EVALUATED,False,2,2.4,840.8,Drain Cleaning Tools,SUBMITTED,SUBMITTED,,2026-06-08 12:41:22+05:30,data/complaints/images/blocked_drain/complaint_469.jpg,True,ELIGIBLE,READY_FOR_STEP13_PLANNING
41,,41,Waste dumped on road,Waste has been dumped near the road.,Garbage Accumulation,Garbage Accumulation,GARBAGE,37.06,MEDIUM,18.722704,73.676147,True,True,False,NOT_EVALUATED,False,3,6.4,1900.0,Manual Garbage Collection Tools,SUBMITTED,SUBMITTED,,2026-07-14 20:22:22+05:30,data/complaints/images/garbage_accumulation/complaint_041.jpg,True,ELIGIBLE,READY_FOR_STEP13_PLANNING
238,,238,Water accumulation,Water is accumulated in the area.,Waterlogging,Waterlogging,WATER,37.05,MEDIUM,18.735827,73.660085,True,True,False,NOT_EVALUATED,False,2,7.5,2655.0,Truck 5.5 cum per 10 MT,SUBMITTED,SUBMITTED,,2026-07-22 16:18:22+05:30,data/complaints/images/waterlogging/complaint_238.jpg,True,ELIGIBLE,READY_FOR_STEP13_PLANNING
475,,475,Broken streetlight,Streetlight requires repair.,Streetlight,Streetlight,ELECTRICITY,37.04,MEDIUM,18.734937,73.696882,True,True,False,NOT_EVALUATED,False,2,2.0,784.0,Electrical Maintenance Tools,SUBMITTED,SUBMITTED,,2026-05-16 15:41:22+05:30,data/complaints/images/streetlight/complaint_475.jpg,True,ELIGIBLE,READY_FOR_STEP13_PLANNING
14,,14,Road repair required,Damaged portion of road requires maintenance.,Road Damage,Road Damage,ROAD,37.0,MEDIUM,18.722057,73.689876,True,True,False,NOT_EVALUATED,False,3,6.6,3073.75,Joint Cutting Machine; Plate Compactor,SUBMITTED,SUBMITTED,,2026-08-15 11:44:22+05:30,data/complaints/images/road_damage/complaint_014.jpg,True,ELIGIBLE,READY_FOR_STEP13_PLANNING
382,,382,Garbage not collected,Garbage has not been collected from the area.,Garbage Accumulation,Garbage Accumulation,GARBAGE,36.97,MEDIUM,18.716846,73.675062,True,True,False,NOT_EVALUATED,False,2,2.1,798.2,Manual Garbage Collection Tools,SUBMITTED,SUBMITTED,,2026-04-17 14:32:22+05:30,data/complaints/images/garbage_accumulation/complaint_382.jpg,True,ELIGIBLE,READY_FOR_STEP13_PLANNING
166,,166,Dark road due to streetlight,Streetlight is not working at night.,Streetlight,Streetlight,ELECTRICITY,36.96,MEDIUM,18.727709,73.681532,True,True,False,NOT_EVALUATED,False,2,2.0,784.0,Electrical Maintenance Tools,SUBMITTED,SUBMITTED,,2026-07-27 19:02:22+05:30,data/complaints/images/streetlight/complaint_166.jpg,True,ELIGIBLE,READY_FOR_STEP13_PLANNING
200,,200,Road repair required,Damaged portion of road requires maintenance.,Road Damage,Road Damage,ROAD,36.84,MEDIUM,18.739595,73.701165,True,True,False,NOT_EVALUATED,False,3,6.3,3008.12,Joint Cutting Machine; Plate Compactor,SUBMITTED,SUBMITTED,,2026-07-09 09:20:22+05:30,data/complaints/images/road_damage/complaint_200.jpg,True,ELIGIBLE,READY_FOR_STEP13_PLANNING
383,,383,Streetlight not working,Streetlight is not functioning.,Streetlight,Streetlight,ELECTRICITY,36.79,MEDIUM,18.714208,73.695735,True,True,False,NOT_EVALUATED,False,3,2.0,937.5,Electrical Maintenance Tools,SUBMITTED,SUBMITTED,,2026-08-07 00:25:22+05:30,data/complaints/images/streetlight/complaint_383.jpg,True,ELIGIBLE,READY_FOR_STEP13_PLANNING
1,,1,Road flooded with water,Standing water is causing difficulty for commuters.,Waterlogging,Waterlogging,WATER,36.54,MEDIUM,18.749726,73.672557,True,True,False,NOT_EVALUATED,False,2,4.2,2186.4,Truck 5.5 cum per 10 MT,SUBMITTED,SUBMITTED,,2026-07-13 07:16:22+05:30,data/complaints/images/waterlogging/complaint_001.jpg,True,ELIGIBLE,READY_FOR_STEP13_PLANNING
55,,55,Road pothole,Deep pothole noticed on the road.,Pothole,Pothole,ROAD,36.52,MEDIUM,18.716675,73.696687,True,True,False,NOT_EVALUATED,False,2,2.0,1914.0,Joint Cutting Machine; Plate Compactor,SUBMITTED,SUBMITTED,,2026-04-08 23:13:22+05:30,data/complaints/images/pothole/complaint_055.jpg,True,ELIGIBLE,READY_FOR_STEP13_PLANNING
47,,47,Leakage near road,Water leakage is observed near the road.,Water Leakage,Water Leakage,WATER,36.42,MEDIUM,18.702809,73.69468,True,True,False,NOT_EVALUATED,False,3,6.3,1878.12,Water Leakage Repair Tools,SUBMITTED,SUBMITTED,,2026-09-20 23:59:22+05:30,data/complaints/images/water_leakage/complaint_047.jpg,True,ELIGIBLE,READY_FOR_STEP13_PLANNING
288,,288,Water leakage,Water is leaking from a pipeline.,Water Leakage,Water Leakage,WATER,36.26,MEDIUM,18.702486,73.712399,True,True,False,NOT_EVALUATED,False,4,17.5,5671.25,Water Leakage Repair Tools,SUBMITTED,SUBMITTED,,2026-07-02 19:20:22+05:30,data/complaints/images/water_leakage/complaint_288.jpg,True,ELIGIBLE,READY_FOR_STEP13_PLANNING
485,,485,Drain cleaning required,Drain requires cleaning and maintenance.,Blocked Drain,Blocked Drain,WATER,36.26,MEDIUM,18.727475,73.688187,True,True,False,NOT_DUPLICATE,False,3,5.2,1637.5,Drain Cleaning Tools,SUBMITTED,SUBMITTED,,2026-07-03 16:37:22+05:30,data/complaints/images/blocked_drain/complaint_485.jpg,True,ELIGIBLE,READY_FOR_STEP13_PLANNING
446,,446,Blocked drain,Drain is blocked and water is not flowing.,Blocked Drain,Blocked Drain,WATER,36.21,MEDIUM,18.718336,73.688418,True,True,False,NOT_EVALUATED,False,3,8.4,2337.5,Drain Cleaning Tools,SUBMITTED,SUBMITTED,,2026-07-16 01:30:22+05:30,data/complaints/images/blocked_drain/complaint_446.jpg,True,ELIGIBLE,READY_FOR_STEP13_PLANNING
185,,185,Dangerous pothole,Pothole is creating a safety problem for commuters.,Pothole,Pothole,ROAD,36.19,MEDIUM,18.709222,73.705618,True,True,False,NOT_EVALUATED,False,3,4.8,2680.0,Joint Cutting Machine; Plate Compactor,SUBMITTED,SUBMITTED,,2026-05-07 10:14:22+05:30,data/complaints/images/pothole/complaint_185.jpg,True,ELIGIBLE,READY_FOR_STEP13_PLANNING
46,,46,Road flooded with water,Standing water is causing difficulty for commuters.,Waterlogging,Waterlogging,WATER,36.16,MEDIUM,18.742856,73.66458,True,True,False,NOT_EVALUATED,False,2,7.9,2711.8,Truck 5.5 cum per 10 MT,SUBMITTED,SUBMITTED,,2026-05-19 13:16:22+05:30,data/complaints/images/waterlogging/complaint_046.jpg,True,ELIGIBLE,READY_FOR_STEP13_PLANNING
52,,52,Waterlogging on road,Rainwater has accumulated on the road.,Waterlogging,Waterlogging,WATER,36.14,MEDIUM,18.750758,73.670456,True,True,False,NOT_DUPLICATE,False,2,8.4,2782.8,Truck 5.5 cum per 10 MT,SUBMITTED,SUBMITTED,,2026-05-04 13:33:22+05:30,data/complaints/images/waterlogging/complaint_052.jpg,True,ELIGIBLE,READY_FOR_STEP13_PLANNING
63,,63,Road flooded with water,Standing water is causing difficulty for commuters.,Waterlogging,Waterlogging,WATER,36.14,MEDIUM,18.709855,73.69784,True,True,False,NOT_EVALUATED,False,4,31.9,11016.45,Truck 5.5 cum per 10 MT,SUBMITTED,SUBMITTED,,2026-08-29 23:59:22+05:30,data/complaints/images/waterlogging/complaint_063.jpg,True,ELIGIBLE,READY_FOR_STEP13_PLANNING
421,,421,Leakage near road,Water leakage is observed near the road.,Water Leakage,Water Leakage,WATER,35.96,MEDIUM,18.706768,73.696391,True,True,False,NOT_EVALUATED,False,2,3.0,926.0,Water Leakage Repair Tools,SUBMITTED,SUBMITTED,,2026-08-13 10:56:22+05:30,data/complaints/images/water_leakage/complaint_421.jpg,True,ELIGIBLE,READY_FOR_STEP13_PLANNING
202,,202,Pothole on road,Large pothole causing difficulty for vehicles.,Pothole,Pothole,ROAD,35.93,MEDIUM,18.747017,73.683807,True,True,False,NOT_EVALUATED,False,2,2.3,1956.6,Joint Cutting Machine; Plate Compactor,SUBMITTED,SUBMITTED,,2026-08-09 02:03:22+05:30,data/complaints/images/pothole/complaint_202.jpg,True,ELIGIBLE,READY_FOR_STEP13_PLANNING
466,,466,Road repair required,Damaged portion of road requires maintenance.,Road Damage,Road Damage,ROAD,35.89,MEDIUM,18.744007,73.673671,True,True,False,NOT_EVALUATED,False,2,4.8,2311.6,Joint Cutting Machine; Plate Compactor,SUBMITTED,SUBMITTED,,2026-07-28 03:31:22+05:30,data/complaints/images/road_damage/complaint_466.jpg,True,ELIGIBLE,READY_FOR_STEP13_PLANNING
396,,396,Dangerous pothole,Pothole is creating a safety problem for commuters.,Pothole,Pothole,ROAD,35.79,MEDIUM,18.719928,73.705258,True,True,False,NOT_EVALUATED,False,4,6.2,3462.1,Joint Cutting Machine; Plate Compactor,SUBMITTED,SUBMITTED,,2026-07-28 07:21:22+05:30,data/complaints/images/pothole/complaint_396.jpg,True,ELIGIBLE,READY_FOR_STEP13_PLANNING
412,,412,Pipeline leakage,A water pipeline appears to be leaking.,Water Leakage,Water Leakage,WATER,35.78,MEDIUM,18.741344,73.675277,True,True,False,NOT_EVALUATED,False,2,2.4,840.8,Water Leakage Repair Tools,SUBMITTED,SUBMITTED,,2026-07-30 01:46:22+05:30,data/complaints/images/water_leakage/complaint_412.jpg,True,ELIGIBLE,READY_FOR_STEP13_PLANNING
259,,259,Broken road surface,Road has cracks and damaged portions.,Road Damage,Road Damage,ROAD,35.77,MEDIUM,18.73777,73.705226,True,True,False,NOT_DUPLICATE,False,2,2.6,1999.2,Joint Cutting Machine; Plate Compactor,SUBMITTED,SUBMITTED,,2026-04-25 09:12:22+05:30,data/complaints/images/road_damage/complaint_259.jpg,True,ELIGIBLE,READY_FOR_STEP13_PLANNING
481,,481,Dangerous pothole,Pothole is creating a safety problem for commuters.,Pothole,Pothole,ROAD,35.75,MEDIUM,18.710476,73.684758,True,True,False,NOT_DUPLICATE,False,2,2.2,1942.4,Joint Cutting Machine; Plate Compactor,SUBMITTED,SUBMITTED,,2026-05-05 05:16:22+05:30,data/complaints/images/pothole/complaint_481.jpg,True,ELIGIBLE,READY_FOR_STEP13_PLANNING
161,,161,Damaged road,Road surface is damaged and needs repair.,Road Damage,Road Damage,ROAD,35.73,MEDIUM,18.713936,73.706427,True,True,False,NOT_EVALUATED,False,3,9.1,3620.62,Joint Cutting Machine; Plate Compactor,SUBMITTED,SUBMITTED,,2026-04-27 07:39:22+05:30,data/complaints/images/road_damage/complaint_161.jpg,True,ELIGIBLE,READY_FOR_STEP13_PLANNING
30,,30,Garbage accumulation,Garbage has accumulated near the roadside.,Garbage Accumulation,Garbage Accumulation,GARBAGE,35.73,MEDIUM,18.720028,73.706718,True,True,False,NOT_EVALUATED,False,4,14.5,4784.75,Manual Garbage Collection Tools,SUBMITTED,SUBMITTED,,2026-07-29 10:19:22+05:30,data/complaints/images/garbage_accumulation/complaint_030.jpg,True,ELIGIBLE,READY_FOR_STEP13_PLANNING
456,,456,Road flooded with water,Standing water is causing difficulty for commuters.,Waterlogging,Waterlogging,WATER,35.73,MEDIUM,18.721859,73.701567,True,True,False,NOT_DUPLICATE,False,4,38.0,12819.0,Truck 5.5 cum per 10 MT,SUBMITTED,SUBMITTED,,2026-07-29 10:00:22+05:30,data/complaints/images/waterlogging/complaint_456.jpg,True,ELIGIBLE,READY_FOR_STEP13_PLANNING
127,,127,Garbage accumulation,Garbage has accumulated near the roadside.,Garbage Accumulation,Garbage Accumulation,GARBAGE,35.72,MEDIUM,18.743504,73.673102,True,True,False,NOT_EVALUATED,False,2,2.1,798.2,Manual Garbage Collection Tools,SUBMITTED,SUBMITTED,,2026-07-18 06:17:22+05:30,data/complaints/images/garbage_accumulation/complaint_127.jpg,True,ELIGIBLE,READY_FOR_STEP13_PLANNING
337,,337,Drain blockage,Waste has blocked the drainage system.,Blocked Drain,Blocked Drain,WATER,35.67,MEDIUM,18.71866,73.685016,True,True,False,NOT_EVALUATED,False,2,2.3,826.6,Drain Cleaning Tools,SUBMITTED,SUBMITTED,,2026-05-16 22:36:22+05:30,data/complaints/images/blocked_drain/complaint_337.jpg,True,ELIGIBLE,READY_FOR_STEP13_PLANNING
499,,499,Leakage near road,Water leakage is observed near the road.,Water Leakage,Water Leakage,WATER,35.58,MEDIUM,18.724799,73.656751,True,True,False,DUPLICATE,False,2,2.2,812.4,Water Leakage Repair Tools,SUBMITTED,SUBMITTED,,2026-05-04 08:57:22+05:30,data/complaints/images/water_leakage/complaint_499.jpg,True,ELIGIBLE,READY_FOR_STEP13_PLANNING
163,,163,Dark road due to streetlight,Streetlight is not working at night.,Streetlight,Streetlight,ELECTRICITY,35.51,MEDIUM,18.745395,73.665148,True,True,False,NOT_EVALUATED,False,2,2.0,784.0,Electrical Maintenance Tools,SUBMITTED,SUBMITTED,,2026-09-08 03:18:22+05:30,data/complaints/images/streetlight/complaint_163.jpg,True,ELIGIBLE,READY_FOR_STEP13_PLANNING
65,,65,Road pothole,Deep pothole noticed on the road.,Pothole,Pothole,ROAD,35.37,MEDIUM,18.736449,73.677324,True,True,False,NOT_EVALUATED,False,3,4.1,2526.87,Joint Cutting Machine; Plate Compactor,SUBMITTED,SUBMITTED,,2026-09-11 21:40:22+05:30,data/complaints/images/pothole/complaint_065.jpg,True,ELIGIBLE,READY_FOR_STEP13_PLANNING
73,,73,Drain cleaning required,Drain requires cleaning and maintenance.,Blocked Drain,Blocked Drain,WATER,35.36,MEDIUM,18.747654,73.674417,True,True,False,NOT_EVALUATED,False,2,2.4,840.8,Drain Cleaning Tools,SUBMITTED,SUBMITTED,,2026-08-06 12:08:22+05:30,data/complaints/images/blocked_drain/complaint_073.jpg,True,ELIGIBLE,READY_FOR_STEP13_PLANNING
237,,237,Garbage not collected,Garbage has not been collected from the area.,Garbage Accumulation,Garbage Accumulation,GARBAGE,35.35,MEDIUM,18.713152,73.710078,True,True,False,NOT_EVALUATED,False,4,15.2,4991.6,Manual Garbage Collection Tools,SUBMITTED,SUBMITTED,,2026-09-18 17:36:22+05:30,data/complaints/images/garbage_accumulation/complaint_237.jpg,True,ELIGIBLE,READY_FOR_STEP13_PLANNING
74,,74,Leakage near road,Water leakage is observed near the road.,Water Leakage,Water Leakage,WATER,35.34,MEDIUM,18.715197,73.71076,True,True,False,NOT_EVALUATED,False,3,8.8,2425.0,Water Leakage Repair Tools,SUBMITTED,SUBMITTED,,2026-05-17 02:36:22+05:30,data/complaints/images/water_leakage/complaint_074.jpg,True,ELIGIBLE,READY_FOR_STEP13_PLANNING
199,,199,Broken streetlight,Streetlight requires repair.,Streetlight,Streetlight,ELECTRICITY,35.21,MEDIUM,18.723263,73.659227,True,True,False,NOT_DUPLICATE,False,2,2.0,784.0,Electrical Maintenance Tools,SUBMITTED,SUBMITTED,,2026-08-21 08:58:22+05:30,data/complaints/images/streetlight/complaint_199.jpg,True,ELIGIBLE,READY_FOR_STEP13_PLANNING
440,,440,Pothole on road,Large pothole causing difficulty for vehicles.,Pothole,Pothole,ROAD,35.19,MEDIUM,18.709747,73.706284,True,True,False,NOT_EVALUATED,False,3,3.7,2439.38,Joint Cutting Machine; Plate Compactor,SUBMITTED,SUBMITTED,,2026-04-29 15:17:22+05:30,data/complaints/images/pothole/complaint_440.jpg,True,ELIGIBLE,READY_FOR_STEP13_PLANNING
221,,221,Water accumulation,Water is accumulated in the area.,Waterlogging,Waterlogging,WATER,35.13,MEDIUM,18.698822,73.704179,True,True,False,NOT_DUPLICATE,False,3,12.6,4346.25,Truck 5.5 cum per 10 MT,SUBMITTED,SUBMITTED,,2026-04-18 00:48:22+05:30,data/complaints/images/waterlogging/complaint_221.jpg,True,ELIGIBLE,READY_FOR_STEP13_PLANNING
164,,164,Dangerous pothole,Pothole is creating a safety problem for commuters.,Pothole,Pothole,ROAD,35.1,MEDIUM,18.714268,73.701396,True,True,False,NOT_EVALUATED,False,3,3.6,2417.5,Joint Cutting Machine; Plate Compactor,SUBMITTED,SUBMITTED,,2026-07-04 07:45:22+05:30,data/complaints/images/pothole/complaint_164.jpg,True,ELIGIBLE,READY_FOR_STEP13_PLANNING
300,,300,Pipeline leakage,A water pipeline appears to be leaking.,Water Leakage,Water Leakage,WATER,35.06,MEDIUM,18.711741,73.709917,True,True,False,NOT_DUPLICATE,False,4,15.0,4932.5,Water Leakage Repair Tools,SUBMITTED,SUBMITTED,,2026-09-11 00:56:22+05:30,data/complaints/images/water_leakage/complaint_300.jpg,True,ELIGIBLE,READY_FOR_STEP13_PLANNING
115,,115,Road flooded with water,Standing water is causing difficulty for commuters.,Waterlogging,Waterlogging,WATER,35.02,MEDIUM,18.723265,73.678531,True,True,False,NOT_EVALUATED,False,2,8.0,2726.0,Truck 5.5 cum per 10 MT,SUBMITTED,SUBMITTED,,2026-05-02 07:08:22+05:30,data/complaints/images/waterlogging/complaint_115.jpg,True,ELIGIBLE,READY_FOR_STEP13_PLANNING
368,,368,Waterlogging on road,Rainwater has accumulated on the road.,Waterlogging,Waterlogging,WATER,34.9,MEDIUM,18.710133,73.710257,True,True,False,NOT_EVALUATED,False,3,20.5,6074.38,Truck 5.5 cum per 10 MT,SUBMITTED,SUBMITTED,,2026-05-12 01:54:22+05:30,data/complaints/images/waterlogging/complaint_368.jpg,True,ELIGIBLE,READY_FOR_STEP13_PLANNING
86,,86,Blocked drain,Drain is blocked and water is not flowing.,Blocked Drain,Blocked Drain,WATER,34.88,MEDIUM,18.714932,73.707336,True,True,False,NOT_EVALUATED,False,3,8.5,2359.38,Drain Cleaning Tools,SUBMITTED,SUBMITTED,,2026-06-07 03:46:22+05:30,data/complaints/images/blocked_drain/complaint_086.jpg,True,ELIGIBLE,READY_FOR_STEP13_PLANNING
4,,4,Water accumulation,Water is accumulated in the area.,Waterlogging,Waterlogging,WATER,34.8,MEDIUM,18.748642,73.672136,True,True,False,NOT_DUPLICATE,False,2,4.7,2257.4,Truck 5.5 cum per 10 MT,SUBMITTED,SUBMITTED,,2026-08-13 08:55:22+05:30,data/complaints/images/waterlogging/complaint_004.jpg,True,ELIGIBLE,READY_FOR_STEP13_PLANNING
2,,2,Dangerous pothole,Pothole is creating a safety problem for commuters.,Pothole,Pothole,ROAD,34.79,MEDIUM,18.715706,73.693785,True,True,False,NOT_DUPLICATE,False,3,4.9,2701.88,Joint Cutting Machine; Plate Compactor,SUBMITTED,SUBMITTED,,2026-07-06 17:11:22+05:30,data/complaints/images/pothole/complaint_002.jpg,True,ELIGIBLE,READY_FOR_STEP13_PLANNING
430,,430,Streetlight not working,Streetlight is not functioning.,Streetlight,Streetlight,ELECTRICITY,34.73,MEDIUM,18.727081,73.696026,True,True,False,NOT_EVALUATED,False,2,2.0,784.0,Electrical Maintenance Tools,SUBMITTED,SUBMITTED,,2026-04-08 02:59:22+05:30,data/complaints/images/streetlight/complaint_430.jpg,True,ELIGIBLE,READY_FOR_STEP13_PLANNING
25,,25,Damaged road,Road surface is damaged and needs repair.,Road Damage,Road Damage,ROAD,34.62,MEDIUM,18.710346,73.688156,True,True,False,NOT_DUPLICATE,False,2,3.4,2112.8,Joint Cutting Machine; Plate Compactor,SUBMITTED,SUBMITTED,,2026-03-30 11:22:22+05:30,data/complaints/images/road_damage/complaint_025.jpg,True,ELIGIBLE,READY_FOR_STEP13_PLANNING
295,,295,Road flooded with water,Standing water is causing difficulty for commuters.,Waterlogging,Waterlogging,WATER,34.61,MEDIUM,18.722181,73.661957,True,True,False,NOT_EVALUATED,False,2,7.8,2697.6,Truck 5.5 cum per 10 MT,SUBMITTED,SUBMITTED,,2026-06-16 10:15:22+05:30,data/complaints/images/waterlogging/complaint_295.jpg,True,ELIGIBLE,READY_FOR_STEP13_PLANNING
361,,361,Road flooded with water,Standing water is causing difficulty for commuters.,Waterlogging,Waterlogging,WATER,34.6,MEDIUM,18.711681,73.684397,True,True,False,NOT_EVALUATED,False,2,8.1,2740.2,Truck 5.5 cum per 10 MT,SUBMITTED,SUBMITTED,,2026-04-25 03:17:22+05:30,data/complaints/images/waterlogging/complaint_361.jpg,True,ELIGIBLE,READY_FOR_STEP13_PLANNING
16,,16,Pipeline leakage,A water pipeline appears to be leaking.,Water Leakage,Water Leakage,WATER,34.56,MEDIUM,18.746606,73.66876,True,True,False,NOT_EVALUATED,False,2,2.5,855.0,Water Leakage Repair Tools,SUBMITTED,SUBMITTED,,2026-07-23 03:30:22+05:30,data/complaints/images/water_leakage/complaint_016.jpg,True,ELIGIBLE,READY_FOR_STEP13_PLANNING
81,,81,Broken streetlight,Streetlight requires repair.,Streetlight,Streetlight,ELECTRICITY,34.45,MEDIUM,18.714306,73.711784,True,True,False,NOT_DUPLICATE,False,4,3.0,1386.5,Electrical Maintenance Tools,SUBMITTED,SUBMITTED,,2026-09-09 07:21:22+05:30,data/complaints/images/streetlight/complaint_081.jpg,True,ELIGIBLE,READY_FOR_STEP13_PLANNING
488,,488,Waste dumped on road,Waste has been dumped near the road.,Garbage Accumulation,Garbage Accumulation,GARBAGE,34.36,MEDIUM,18.698117,73.70688,True,True,False,NOT_EVALUATED,False,3,5.1,1615.62,Manual Garbage Collection Tools,SUBMITTED,SUBMITTED,,2026-06-09 03:48:22+05:30,data/complaints/images/garbage_accumulation/complaint_488.jpg,True,ELIGIBLE,READY_FOR_STEP13_PLANNING
407,,407,Blocked drain,Drain is blocked and water is not flowing.,Blocked Drain,Blocked Drain,WATER,34.27,MEDIUM,18.724913,73.69098,True,True,False,NOT_DUPLICATE,False,3,7.8,2206.25,Drain Cleaning Tools,SUBMITTED,SUBMITTED,,2026-08-26 12:02:22+05:30,data/complaints/images/blocked_drain/complaint_407.jpg,True,ELIGIBLE,READY_FOR_STEP13_PLANNING
167,,167,Broken road surface,Road has cracks and damaged portions.,Road Damage,Road Damage,ROAD,34.15,MEDIUM,18.717822,73.685372,True,True,False,NOT_DUPLICATE,False,3,7.4,3248.75,Joint Cutting Machine; Plate Compactor,SUBMITTED,SUBMITTED,,2026-09-18 11:38:22+05:30,data/complaints/images/road_damage/complaint_167.jpg,True,ELIGIBLE,READY_FOR_STEP13_PLANNING
472,,472,Road flooded with water,Standing water is causing difficulty for commuters.,Waterlogging,Waterlogging,WATER,34.14,MEDIUM,18.744675,73.68657,True,True,False,NOT_EVALUATED,False,2,7.9,2711.8,Truck 5.5 cum per 10 MT,SUBMITTED,SUBMITTED,,2026-04-25 08:56:22+05:30,data/complaints/images/waterlogging/complaint_472.jpg,True,ELIGIBLE,READY_FOR_STEP13_PLANNING
316,,316,Road pothole,Deep pothole noticed on the road.,Pothole,Pothole,ROAD,34.08,MEDIUM,18.74364,73.706013,True,True,False,NOT_EVALUATED,False,2,2.0,1914.0,Joint Cutting Machine; Plate Compactor,SUBMITTED,SUBMITTED,,2026-04-12 03:04:22+05:30,data/complaints/images/pothole/complaint_316.jpg,True,ELIGIBLE,READY_FOR_STEP13_PLANNING
256,,256,Leakage near road,Water leakage is observed near the road.,Water Leakage,Water Leakage,WATER,33.96,MEDIUM,18.726434,73.69621,True,True,False,NOT_EVALUATED,False,2,2.7,883.4,Water Leakage Repair Tools,SUBMITTED,SUBMITTED,,2026-04-21 19:07:22+05:30,data/complaints/images/water_leakage/complaint_256.jpg,True,ELIGIBLE,READY_FOR_STEP13_PLANNING
422,,422,Waterlogging on road,Rainwater has accumulated on the road.,Waterlogging,Waterlogging,WATER,33.88,MEDIUM,18.724841,73.693355,True,True,False,NOT_DUPLICATE,False,3,14.3,4718.12,Truck 5.5 cum per 10 MT,SUBMITTED,SUBMITTED,,2026-08-10 09:03:22+05:30,data/complaints/images/waterlogging/complaint_422.jpg,True,ELIGIBLE,READY_FOR_STEP13_PLANNING
181,,181,Pothole on road,Large pothole causing difficulty for vehicles.,Pothole,Pothole,ROAD,33.87,MEDIUM,18.743123,73.690776,True,True,False,NOT_DUPLICATE,False,2,2.1,1928.2,Joint Cutting Machine; Plate Compactor,SUBMITTED,SUBMITTED,,2026-07-06 08:25:22+05:30,data/complaints/images/pothole/complaint_181.jpg,True,ELIGIBLE,READY_FOR_STEP13_PLANNING
314,,314,Dangerous pothole,Pothole is creating a safety problem for commuters.,Pothole,Pothole,ROAD,33.86,MEDIUM,18.711431,73.705318,True,True,False,NOT_EVALUATED,False,3,3.8,2461.25,Joint Cutting Machine; Plate Compactor,SUBMITTED,SUBMITTED,,2026-06-05 07:51:22+05:30,data/complaints/images/pothole/complaint_314.jpg,True,ELIGIBLE,READY_FOR_STEP13_PLANNING
40,,40,Dangerous pothole,Pothole is creating a safety problem for commuters.,Pothole,Pothole,ROAD,33.86,MEDIUM,18.729828,73.699809,True,True,False,NOT_EVALUATED,False,2,2.0,1914.0,Joint Cutting Machine; Plate Compactor,SUBMITTED,SUBMITTED,,2026-04-23 14:21:22+05:30,data/complaints/images/pothole/complaint_040.jpg,True,ELIGIBLE,READY_FOR_STEP13_PLANNING
148,,148,Water accumulation,Water is accumulated in the area.,Waterlogging,Waterlogging,WATER,33.81,MEDIUM,18.711039,73.681237,True,True,False,NOT_DUPLICATE,False,2,5.5,2371.0,Truck 5.5 cum per 10 MT,SUBMITTED,SUBMITTED,,2026-06-29 12:14:22+05:30,data/complaints/images/waterlogging/complaint_148.jpg,True,ELIGIBLE,READY_FOR_STEP13_PLANNING
100,,100,Broken streetlight,Streetlight requires repair.,Streetlight,Streetlight,ELECTRICITY,33.76,MEDIUM,18.726333,73.690204,True,True,False,NOT_DUPLICATE,False,2,2.0,784.0,Electrical Maintenance Tools,SUBMITTED,SUBMITTED,,2026-05-23 01:07:22+05:30,data/complaints/images/streetlight/complaint_100.jpg,True,ELIGIBLE,READY_FOR_STEP13_PLANNING
436,,436,Water accumulation,Water is accumulated in the area.,Waterlogging,Waterlogging,WATER,33.75,MEDIUM,18.743233,73.711033,True,True,False,NOT_EVALUATED,False,2,5.4,2356.8,Truck 5.5 cum per 10 MT,SUBMITTED,SUBMITTED,,2026-05-26 11:48:22+05:30,data/complaints/images/waterlogging/complaint_436.jpg,True,ELIGIBLE,READY_FOR_STEP13_PLANNING
122,,122,Pipeline leakage,A water pipeline appears to be leaking.,Water Leakage,Water Leakage,WATER,33.69,MEDIUM,18.708316,73.703223,True,True,False,NOT_EVALUATED,False,3,7.0,2031.25,Water Leakage Repair Tools,SUBMITTED,SUBMITTED,,2026-06-22 22:34:22+05:30,data/complaints/images/water_leakage/complaint_122.jpg,True,ELIGIBLE,READY_FOR_STEP13_PLANNING
155,,155,Dark road due to streetlight,Streetlight is not working at night.,Streetlight,Streetlight,ELECTRICITY,33.68,MEDIUM,18.70818,73.712891,True,True,False,NOT_EVALUATED,False,3,2.0,937.5,Electrical Maintenance Tools,SUBMITTED,SUBMITTED,,2026-06-15 19:06:22+05:30,data/complaints/images/streetlight/complaint_155.jpg,True,ELIGIBLE,READY_FOR_STEP13_PLANNING
137,,137,Streetlight not working,Streetlight is not functioning.,Streetlight,Streetlight,ELECTRICITY,33.62,MEDIUM,18.713382,73.704035,True,True,False,NOT_EVALUATED,False,3,2.0,937.5,Electrical Maintenance Tools,SUBMITTED,SUBMITTED,,2026-08-17 18:06:22+05:30,data/complaints/images/streetlight/complaint_137.jpg,True,ELIGIBLE,READY_FOR_STEP13_PLANNING
43,,43,Road flooded with water,Standing water is causing difficulty for commuters.,Waterlogging,Waterlogging,WATER,33.61,MEDIUM,18.740751,73.704556,True,True,False,NOT_EVALUATED,False,2,3.7,2115.4,Truck 5.5 cum per 10 MT,SUBMITTED,SUBMITTED,,2026-04-20 16:52:22+05:30,data/complaints/images/waterlogging/complaint_043.jpg,True,ELIGIBLE,READY_FOR_STEP13_PLANNING
112,,112,Drain cleaning required,Drain requires cleaning and maintenance.,Blocked Drain,Blocked Drain,WATER,33.59,MEDIUM,18.715922,73.68106,True,True,False,NOT_EVALUATED,False,2,2.7,883.4,Drain Cleaning Tools,SUBMITTED,SUBMITTED,,2026-09-14 19:30:22+05:30,data/complaints/images/blocked_drain/complaint_112.jpg,True,ELIGIBLE,READY_FOR_STEP13_PLANNING
310,,310,Waste dumped on road,Waste has been dumped near the road.,Garbage Accumulation,Garbage Accumulation,GARBAGE,33.53,MEDIUM,18.722123,73.67998,True,True,False,NOT_EVALUATED,False,2,2.8,897.6,Manual Garbage Collection Tools,SUBMITTED,SUBMITTED,,2026-07-11 11:38:22+05:30,data/complaints/images/garbage_accumulation/complaint_310.jpg,True,ELIGIBLE,READY_FOR_STEP13_PLANNING
286,,286,Drain blockage,Waste has blocked the drainage system.,Blocked Drain,Blocked Drain,WATER,33.5,MEDIUM,18.730983,73.681157,True,True,False,NOT_DUPLICATE,False,2,2.7,883.4,Drain Cleaning Tools,SUBMITTED,SUBMITTED,,2026-07-09 21:34:22+05:30,data/complaints/images/blocked_drain/complaint_286.jpg,True,ELIGIBLE,READY_FOR_STEP13_PLANNING
304,,304,Broken road surface,Road has cracks and damaged portions.,Road Damage,Road Damage,ROAD,33.46,MEDIUM,18.726263,73.655896,True,True,False,NOT_EVALUATED,False,2,2.8,2027.6,Joint Cutting Machine; Plate Compactor,SUBMITTED,SUBMITTED,,2026-09-21 20:48:22+05:30,data/complaints/images/road_damage/complaint_304.jpg,True,ELIGIBLE,READY_FOR_STEP13_PLANNING
19,,19,Drain blockage,Waste has blocked the drainage system.,Blocked Drain,Blocked Drain,WATER,33.42,MEDIUM,18.730033,73.694688,True,True,False,NOT_DUPLICATE,False,2,3.0,926.0,Drain Cleaning Tools,SUBMITTED,SUBMITTED,,2026-08-15 03:05:22+05:30,data/complaints/images/blocked_drain/complaint_019.jpg,True,ELIGIBLE,READY_FOR_STEP13_PLANNING
143,,143,Waste dumped on road,Waste has been dumped near the road.,Garbage Accumulation,Garbage Accumulation,GARBAGE,33.38,MEDIUM,18.725431,73.674742,True,True,False,NOT_DUPLICATE,False,3,9.0,2468.75,Manual Garbage Collection Tools,SUBMITTED,SUBMITTED,,2026-07-31 02:59:22+05:30,data/complaints/images/garbage_accumulation/complaint_143.jpg,True,ELIGIBLE,READY_FOR_STEP13_PLANNING
194,,194,Broken road surface,Road has cracks and damaged portions.,Road Damage,Road Damage,ROAD,33.32,MEDIUM,18.713298,73.698614,True,True,False,NOT_EVALUATED,False,3,10.9,4014.38,Joint Cutting Machine; Plate Compactor,SUBMITTED,SUBMITTED,,2026-08-12 19:03:22+05:30,data/complaints/images/road_damage/complaint_194.jpg,True,ELIGIBLE,READY_FOR_STEP13_PLANNING
241,,241,Drain cleaning required,Drain requires cleaning and maintenance.,Blocked Drain,Blocked Drain,WATER,33.29,MEDIUM,18.730844,73.693364,True,True,False,NOT_DUPLICATE,False,2,3.0,926.0,Drain Cleaning Tools,SUBMITTED,SUBMITTED,,2026-09-12 02:10:22+05:30,data/complaints/images/blocked_drain/complaint_241.jpg,True,ELIGIBLE,READY_FOR_STEP13_PLANNING
97,,97,Road flooded with water,Standing water is causing difficulty for commuters.,Waterlogging,Waterlogging,WATER,33.29,MEDIUM,18.721081,73.698849,True,True,False,NOT_DUPLICATE,False,2,4.5,2229.0,Truck 5.5 cum per 10 MT,SUBMITTED,SUBMITTED,,2026-04-03 03:16:22+05:30,data/complaints/images/waterlogging/complaint_097.jpg,True,ELIGIBLE,READY_FOR_STEP13_PLANNING
449,,449,Garbage accumulation,Garbage has accumulated near the roadside.,Garbage Accumulation,Garbage Accumulation,GARBAGE,33.26,MEDIUM,18.704926,73.709685,True,True,False,NOT_EVALUATED,False,3,5.5,1703.12,Manual Garbage Collection Tools,SUBMITTED,SUBMITTED,,2026-06-28 23:29:22+05:30,data/complaints/images/garbage_accumulation/complaint_449.jpg,True,ELIGIBLE,READY_FOR_STEP13_PLANNING
326,,326,Blocked drain,Drain is blocked and water is not flowing.,Blocked Drain,Blocked Drain,WATER,33.21,MEDIUM,18.733037,73.699825,True,True,False,NOT_EVALUATED,False,3,5.0,1593.75,Drain Cleaning Tools,SUBMITTED,SUBMITTED,,2026-09-20 00:02:22+05:30,data/complaints/images/blocked_drain/complaint_326.jpg,True,ELIGIBLE,READY_FOR_STEP13_PLANNING
223,,223,Broken streetlight,Streetlight requires repair.,Streetlight,Streetlight,ELECTRICITY,33.13,MEDIUM,18.712209,73.681723,True,True,False,NOT_DUPLICATE,False,2,2.0,784.0,Electrical Maintenance Tools,SUBMITTED,SUBMITTED,,2026-04-25 22:03:22+05:30,data/complaints/images/streetlight/complaint_223.jpg,True,ELIGIBLE,READY_FOR_STEP13_PLANNING
203,,203,Leakage near road,Water leakage is observed near the road.,Water Leakage,Water Leakage,WATER,33.1,MEDIUM,18.707696,73.708651,True,True,False,NOT_DUPLICATE,False,3,5.0,1593.75,Water Leakage Repair Tools,SUBMITTED,SUBMITTED,,2026-08-27 02:53:22+05:30,data/complaints/images/water_leakage/complaint_203.jpg,True,ELIGIBLE,READY_FOR_STEP13_PLANNING
28,,28,Pipeline leakage,A water pipeline appears to be leaking.,Water Leakage,Water Leakage,WATER,33.09,MEDIUM,18.729427,73.685417,True,True,False,NOT_DUPLICATE,False,2,2.2,812.4,Water Leakage Repair Tools,SUBMITTED,SUBMITTED,,2026-05-22 11:15:22+05:30,data/complaints/images/water_leakage/complaint_028.jpg,True,ELIGIBLE,READY_FOR_STEP13_PLANNING
319,,319,Road flooded with water,Standing water is causing difficulty for commuters.,Waterlogging,Waterlogging,WATER,33.07,MEDIUM,18.74585,73.705545,True,True,False,NOT_EVALUATED,False,2,4.4,2214.8,Truck 5.5 cum per 10 MT,SUBMITTED,SUBMITTED,,2026-04-30 05:49:22+05:30,data/complaints/images/waterlogging/complaint_319.jpg,True,ELIGIBLE,READY_FOR_STEP13_PLANNING
394,,394,Leakage near road,Water leakage is observed near the road.,Water Leakage,Water Leakage,WATER,33.05,MEDIUM,18.734352,73.679373,True,True,False,NOT_EVALUATED,False,2,3.5,997.0,Water Leakage Repair Tools,SUBMITTED,SUBMITTED,,2026-09-12 14:29:22+05:30,data/complaints/images/water_leakage/complaint_394.jpg,True,ELIGIBLE,READY_FOR_STEP13_PLANNING
452,,452,Broken road surface,Road has cracks and damaged portions.,Road Damage,Road Damage,ROAD,33.05,MEDIUM,18.704521,73.705785,True,True,False,NOT_EVALUATED,False,3,8.1,3401.88,Joint Cutting Machine; Plate Compactor,SUBMITTED,SUBMITTED,,2026-07-28 08:33:22+05:30,data/complaints/images/road_damage/complaint_452.jpg,True,ELIGIBLE,READY_FOR_STEP13_PLANNING
344,,344,Broken streetlight,Streetlight requires repair.,Streetlight,Streetlight,ELECTRICITY,33.0,MEDIUM,18.701708,73.712805,True,True,False,NOT_DUPLICATE,False,3,2.0,937.5,Electrical Maintenance Tools,SUBMITTED,SUBMITTED,,2026-07-16 09:39:22+05:30,data/complaints/images/streetlight/complaint_344.jpg,True,ELIGIBLE,READY_FOR_STEP13_PLANNING
91,,91,Water accumulation,Water is accumulated in the area.,Waterlogging,Waterlogging,WATER,32.95,MEDIUM,18.701306,73.707743,True,True,False,NOT_EVALUATED,False,2,3.9,2143.8,Truck 5.5 cum per 10 MT,SUBMITTED,SUBMITTED,,2026-05-12 21:01:22+05:30,data/complaints/images/waterlogging/complaint_091.jpg,True,ELIGIBLE,READY_FOR_STEP13_PLANNING
385,,385,Road flooded with water,Standing water is causing difficulty for commuters.,Waterlogging,Waterlogging,WATER,32.94,MEDIUM,18.739034,73.699239,True,True,False,NOT_DUPLICATE,False,2,8.1,2740.2,Truck 5.5 cum per 10 MT,SUBMITTED,SUBMITTED,,2026-05-28 05:39:22+05:30,data/complaints/images/waterlogging/complaint_385.jpg,True,ELIGIBLE,READY_FOR_STEP13_PLANNING
340,,340,Dark road due to streetlight,Streetlight is not working at night.,Streetlight,Streetlight,ELECTRICITY,32.93,MEDIUM,18.740607,73.70795,True,True,False,NOT_DUPLICATE,False,2,2.0,784.0,Electrical Maintenance Tools,SUBMITTED,SUBMITTED,,2026-05-15 14:47:22+05:30,data/complaints/images/streetlight/complaint_340.jpg,True,ELIGIBLE,READY_FOR_STEP13_PLANNING
448,,448,Waste dumped on road,Waste has been dumped near the road.,Garbage Accumulation,Garbage Accumulation,GARBAGE,32.87,MEDIUM,18.731375,73.698715,True,True,False,NOT_DUPLICATE,False,2,2.4,840.8,Manual Garbage Collection Tools,SUBMITTED,SUBMITTED,,2026-07-30 10:39:22+05:30,data/complaints/images/garbage_accumulation/complaint_448.jpg,True,ELIGIBLE,READY_FOR_STEP13_PLANNING
401,,401,Road flooded with water,Standing water is causing difficulty for commuters.,Waterlogging,Waterlogging,WATER,32.86,MEDIUM,18.715725,73.709897,True,True,False,NOT_EVALUATED,False,3,15.7,5024.38,Truck 5.5 cum per 10 MT,SUBMITTED,SUBMITTED,,2026-08-07 20:07:22+05:30,data/complaints/images/waterlogging/complaint_401.jpg,True,ELIGIBLE,READY_FOR_STEP13_PLANNING
463,,463,Road pothole,Deep pothole noticed on the road.,Pothole,Pothole,ROAD,32.76,MEDIUM,18.706996,73.690635,True,True,False,NOT_EVALUATED,False,2,2.0,1914.0,Joint Cutting Machine; Plate Compactor,SUBMITTED,SUBMITTED,,2026-05-23 00:17:22+05:30,data/complaints/images/pothole/complaint_463.jpg,True,ELIGIBLE,READY_FOR_STEP13_PLANNING
103,,103,Water leakage,Water is leaking from a pipeline.,Water Leakage,Water Leakage,WATER,32.72,MEDIUM,18.69804,73.71191,True,True,False,NOT_EVALUATED,False,2,3.5,997.0,Water Leakage Repair Tools,SUBMITTED,SUBMITTED,,2026-05-11 21:48:22+05:30,data/complaints/images/water_leakage/complaint_103.jpg,True,ELIGIBLE,READY_FOR_STEP13_PLANNING
82,,82,Road flooded with water,Standing water is causing difficulty for commuters.,Waterlogging,Waterlogging,WATER,32.65,MEDIUM,18.721567,73.689938,True,True,False,NOT_DUPLICATE,False,2,4.2,2186.4,Truck 5.5 cum per 10 MT,SUBMITTED,SUBMITTED,,2026-06-16 20:04:22+05:30,data/complaints/images/waterlogging/complaint_082.jpg,True,ELIGIBLE,READY_FOR_STEP13_PLANNING
298,,298,Pothole on road,Large pothole causing difficulty for vehicles.,Pothole,Pothole,ROAD,32.53,MEDIUM,18.721417,73.680125,True,True,False,NOT_EVALUATED,False,2,2.0,1914.0,Joint Cutting Machine; Plate Compactor,SUBMITTED,SUBMITTED,,2026-06-27 12:44:22+05:30,data/complaints/images/pothole/complaint_298.jpg,True,ELIGIBLE,READY_FOR_STEP13_PLANNING
62,,62,Water accumulation,Water is accumulated in the area.,Waterlogging,Waterlogging,WATER,32.45,MEDIUM,18.699318,73.708502,True,True,False,NOT_EVALUATED,False,3,21.1,6205.62,Truck 5.5 cum per 10 MT,SUBMITTED,SUBMITTED,,2026-07-26 05:06:22+05:30,data/complaints/images/waterlogging/complaint_062.jpg,True,ELIGIBLE,READY_FOR_STEP13_PLANNING
322,,322,Dark road due to streetlight,Streetlight is not working at night.,Streetlight,Streetlight,ELECTRICITY,32.39,MEDIUM,18.727957,73.701211,True,True,False,NOT_EVALUATED,False,2,2.0,784.0,Electrical Maintenance Tools,SUBMITTED,SUBMITTED,,2026-06-14 16:01:22+05:30,data/complaints/images/streetlight/complaint_322.jpg,True,ELIGIBLE,READY_FOR_STEP13_PLANNING
293,,293,Waste dumped on road,Waste has been dumped near the road.,Garbage Accumulation,Garbage Accumulation,GARBAGE,32.26,MEDIUM,18.717226,73.706708,True,True,False,NOT_EVALUATED,False,3,6.9,2009.38,Manual Garbage Collection Tools,SUBMITTED,SUBMITTED,,2026-06-28 12:30:22+05:30,data/complaints/images/garbage_accumulation/complaint_293.jpg,True,ELIGIBLE,READY_FOR_STEP13_PLANNING
389,,389,Waterlogging on road,Rainwater has accumulated on the road.,Waterlogging,Waterlogging,WATER,32.24,MEDIUM,18.709811,73.706022,True,True,False,NOT_DUPLICATE,False,3,17.9,5505.62,Truck 5.5 cum per 10 MT,SUBMITTED,SUBMITTED,,2026-07-04 07:34:22+05:30,data/complaints/images/waterlogging/complaint_389.jpg,True,ELIGIBLE,READY_FOR_STEP13_PLANNING
373,,373,Garbage accumulation,Garbage has accumulated near the roadside.,Garbage Accumulation,Garbage Accumulation,GARBAGE,32.07,MEDIUM,18.74662,73.695154,True,True,False,NOT_EVALUATED,False,2,2.0,784.0,Manual Garbage Collection Tools,SUBMITTED,SUBMITTED,,2026-05-06 18:44:22+05:30,data/complaints/images/garbage_accumulation/complaint_373.jpg,True,ELIGIBLE,READY_FOR_STEP13_PLANNING
128,,128,Dark road due to streetlight,Streetlight is not working at night.,Streetlight,Streetlight,ELECTRICITY,32.05,MEDIUM,18.712464,73.702348,True,True,False,NOT_DUPLICATE,False,3,2.0,937.5,Electrical Maintenance Tools,SUBMITTED,SUBMITTED,,2026-08-15 05:20:22+05:30,data/complaints/images/streetlight/complaint_128.jpg,True,ELIGIBLE,READY_FOR_STEP13_PLANNING
49,,49,Broken streetlight,Streetlight requires repair.,Streetlight,Streetlight,ELECTRICITY,31.96,MEDIUM,18.723195,73.685861,True,True,False,NOT_EVALUATED,False,2,2.0,784.0,Electrical Maintenance Tools,SUBMITTED,SUBMITTED,,2026-08-29 21:24:22+05:30,data/complaints/images/streetlight/complaint_049.jpg,True,ELIGIBLE,READY_FOR_STEP13_PLANNING
244,,244,Broken streetlight,Streetlight requires repair.,Streetlight,Streetlight,ELECTRICITY,31.86,MEDIUM,18.708585,73.68739,True,True,False,NOT_EVALUATED,False,2,2.0,784.0,Electrical Maintenance Tools,SUBMITTED,SUBMITTED,,2026-07-08 19:33:22+05:30,data/complaints/images/streetlight/complaint_244.jpg,True,ELIGIBLE,READY_FOR_STEP13_PLANNING
130,,130,Dangerous pothole,Pothole is creating a safety problem for commuters.,Pothole,Pothole,ROAD,31.83,MEDIUM,18.710461,73.688789,True,True,False,NOT_EVALUATED,False,2,2.0,1914.0,Joint Cutting Machine; Plate Compactor,SUBMITTED,SUBMITTED,,2026-06-01 07:04:22+05:30,data/complaints/images/pothole/complaint_130.jpg,True,ELIGIBLE,READY_FOR_STEP13_PLANNING
89,,89,Dark road due to streetlight,Streetlight is not working at night.,Streetlight,Streetlight,ELECTRICITY,31.81,MEDIUM,18.717372,73.701057,True,True,False,NOT_DUPLICATE,False,3,2.0,937.5,Electrical Maintenance Tools,SUBMITTED,SUBMITTED,,2026-08-24 09:02:22+05:30,data/complaints/images/streetlight/complaint_089.jpg,True,ELIGIBLE,READY_FOR_STEP13_PLANNING
190,,190,Garbage accumulation,Garbage has accumulated near the roadside.,Garbage Accumulation,Garbage Accumulation,GARBAGE,31.78,MEDIUM,18.744117,73.662879,True,True,False,NOT_EVALUATED,False,2,2.1,798.2,Manual Garbage Collection Tools,SUBMITTED,SUBMITTED,,2026-09-10 21:52:22+05:30,data/complaints/images/garbage_accumulation/complaint_190.jpg,True,ELIGIBLE,READY_FOR_STEP13_PLANNING
145,,145,Streetlight not working,Streetlight is not functioning.,Streetlight,Streetlight,ELECTRICITY,31.66,MEDIUM,18.732367,73.685739,True,True,False,NOT_EVALUATED,False,2,2.0,784.0,Electrical Maintenance Tools,SUBMITTED,SUBMITTED,,2026-08-23 16:52:22+05:30,data/complaints/images/streetlight/complaint_145.jpg,True,ELIGIBLE,READY_FOR_STEP13_PLANNING
169,,169,Pothole on road,Large pothole causing difficulty for vehicles.,Pothole,Pothole,ROAD,31.64,MEDIUM,18.74267,73.695497,True,True,False,NOT_EVALUATED,False,2,2.0,1914.0,Joint Cutting Machine; Plate Compactor,SUBMITTED,SUBMITTED,,2026-07-20 17:08:22+05:30,data/complaints/images/pothole/complaint_169.jpg,True,ELIGIBLE,READY_FOR_STEP13_PLANNING
233,,233,Blocked drain,Drain is blocked and water is not flowing.,Blocked Drain,Blocked Drain,WATER,31.55,MEDIUM,18.717612,73.705221,True,True,False,NOT_EVALUATED,False,3,7.9,2228.12,Drain Cleaning Tools,SUBMITTED,SUBMITTED,,2026-06-22 07:45:22+05:30,data/complaints/images/blocked_drain/complaint_233.jpg,True,ELIGIBLE,READY_FOR_STEP13_PLANNING
104,,104,Broken road surface,Road has cracks and damaged portions.,Road Damage,Road Damage,ROAD,31.43,MEDIUM,18.705079,73.700224,True,True,False,NOT_EVALUATED,False,3,11.8,4211.25,Joint Cutting Machine; Plate Compactor,SUBMITTED,SUBMITTED,,2026-08-15 05:05:22+05:30,data/complaints/images/road_damage/complaint_104.jpg,True,ELIGIBLE,READY_FOR_STEP13_PLANNING
493,,493,Waste dumped on road,Waste has been dumped near the road.,Garbage Accumulation,Garbage Accumulation,GARBAGE,31.4,MEDIUM,18.722209,73.677948,True,True,False,NOT_EVALUATED,False,2,3.3,968.6,Manual Garbage Collection Tools,SUBMITTED,SUBMITTED,,2026-09-19 17:02:22+05:30,data/complaints/images/garbage_accumulation/complaint_493.jpg,True,ELIGIBLE,READY_FOR_STEP13_PLANNING
410,,410,Damaged road,Road surface is damaged and needs repair.,Road Damage,Road Damage,ROAD,31.33,MEDIUM,18.71427,73.707152,True,True,False,NOT_EVALUATED,False,3,6.9,3139.38,Joint Cutting Machine; Plate Compactor,SUBMITTED,SUBMITTED,,2026-07-27 21:57:22+05:30,data/complaints/images/road_damage/complaint_410.jpg,True,ELIGIBLE,READY_FOR_STEP13_PLANNING
458,,458,Road repair required,Damaged portion of road requires maintenance.,Road Damage,Road Damage,ROAD,31.19,MEDIUM,18.70998,73.707376,True,True,False,NOT_DUPLICATE,False,3,6.4,3030.0,Joint Cutting Machine; Plate Compactor,SUBMITTED,SUBMITTED,,2026-08-24 23:07:22+05:30,data/complaints/images/road_damage/complaint_458.jpg,True,ELIGIBLE,READY_FOR_STEP13_PLANNING
38,,38,Waste dumped on road,Waste has been dumped near the road.,Garbage Accumulation,Garbage Accumulation,GARBAGE,31.18,MEDIUM,18.720523,73.702453,True,True,False,NOT_EVALUATED,False,3,7.7,2184.38,Manual Garbage Collection Tools,SUBMITTED,SUBMITTED,,2026-06-28 22:56:22+05:30,data/complaints/images/garbage_accumulation/complaint_038.jpg,True,ELIGIBLE,READY_FOR_STEP13_PLANNING
487,,487,Pothole on road,Large pothole causing difficulty for vehicles.,Pothole,Pothole,ROAD,31.07,MEDIUM,18.741241,73.702786,True,True,False,NOT_DUPLICATE,False,2,2.3,1956.6,Joint Cutting Machine; Plate Compactor,SUBMITTED,SUBMITTED,,2026-09-15 12:20:22+05:30,data/complaints/images/pothole/complaint_487.jpg,True,ELIGIBLE,READY_FOR_STEP13_PLANNING
296,,296,Blocked drain,Drain is blocked and water is not flowing.,Blocked Drain,Blocked Drain,WATER,30.96,MEDIUM,18.74565,73.695061,True,True,False,NOT_EVALUATED,False,3,4.9,1571.88,Drain Cleaning Tools,SUBMITTED,SUBMITTED,,2026-09-15 18:55:22+05:30,data/complaints/images/blocked_drain/complaint_296.jpg,True,ELIGIBLE,READY_FOR_STEP13_PLANNING
88,,88,Drain cleaning required,Drain requires cleaning and maintenance.,Blocked Drain,Blocked Drain,WATER,30.95,MEDIUM,18.744653,73.691076,True,True,False,NOT_DUPLICATE,False,2,2.6,869.2,Drain Cleaning Tools,SUBMITTED,SUBMITTED,,2026-05-26 21:53:22+05:30,data/complaints/images/blocked_drain/complaint_088.jpg,True,ELIGIBLE,READY_FOR_STEP13_PLANNING
346,,346,Broken road surface,Road has cracks and damaged portions.,Road Damage,Road Damage,ROAD,30.81,MEDIUM,18.72277,73.666863,True,True,False,NOT_EVALUATED,False,2,3.9,2183.8,Joint Cutting Machine; Plate Compactor,SUBMITTED,SUBMITTED,,2026-08-20 07:14:22+05:30,data/complaints/images/road_damage/complaint_346.jpg,True,ELIGIBLE,READY_FOR_STEP13_PLANNING
454,,454,Streetlight not working,Streetlight is not functioning.,Streetlight,Streetlight,ELECTRICITY,30.61,MEDIUM,18.748389,73.70387,True,True,False,NOT_DUPLICATE,False,2,2.0,784.0,Electrical Maintenance Tools,SUBMITTED,SUBMITTED,,2026-08-16 12:15:22+05:30,data/complaints/images/streetlight/complaint_454.jpg,True,ELIGIBLE,READY_FOR_STEP13_PLANNING
64,,64,Garbage accumulation,Garbage has accumulated near the roadside.,Garbage Accumulation,Garbage Accumulation,GARBAGE,30.52,MEDIUM,18.709469,73.687604,True,True,False,NOT_EVALUATED,False,2,2.7,883.4,Manual Garbage Collection Tools,SUBMITTED,SUBMITTED,,2026-06-11 20:44:22+05:30,data/complaints/images/garbage_accumulation/complaint_064.jpg,True,ELIGIBLE,READY_FOR_STEP13_PLANNING
193,,193,Garbage accumulation,Garbage has accumulated near the roadside.,Garbage Accumulation,Garbage Accumulation,GARBAGE,30.51,MEDIUM,18.746234,73.69017,True,True,False,NOT_EVALUATED,False,2,2.8,897.6,Manual Garbage Collection Tools,SUBMITTED,SUBMITTED,,2026-04-23 02:19:22+05:30,data/complaints/images/garbage_accumulation/complaint_193.jpg,True,ELIGIBLE,READY_FOR_STEP13_PLANNING
211,,211,Waterlogging on road,Rainwater has accumulated on the road.,Waterlogging,Waterlogging,WATER,30.49,MEDIUM,18.743542,73.693612,True,True,False,NOT_EVALUATED,False,2,6.3,2484.6,Truck 5.5 cum per 10 MT,SUBMITTED,SUBMITTED,,2026-06-16 21:00:22+05:30,data/complaints/images/waterlogging/complaint_211.jpg,True,ELIGIBLE,READY_FOR_STEP13_PLANNING
284,,284,Waste dumped on road,Waste has been dumped near the road.,Garbage Accumulation,Garbage Accumulation,GARBAGE,30.16,MEDIUM,18.715307,73.703124,True,True,False,NOT_EVALUATED,False,3,4.7,1528.12,Manual Garbage Collection Tools,SUBMITTED,SUBMITTED,,2026-06-24 22:45:22+05:30,data/complaints/images/garbage_accumulation/complaint_284.jpg,True,ELIGIBLE,READY_FOR_STEP13_PLANNING
146,,146,Pothole on road,Large pothole causing difficulty for vehicles.,Pothole,Pothole,ROAD,29.74,MEDIUM,18.699035,73.702324,True,True,False,NOT_EVALUATED,False,3,3.7,2439.38,Joint Cutting Machine; Plate Compactor,SUBMITTED,SUBMITTED,,2026-08-31 00:38:22+05:30,data/complaints/images/pothole/complaint_146.jpg,True,ELIGIBLE,READY_FOR_STEP13_PLANNING
457,,457,Damaged road,Road surface is damaged and needs repair.,Road Damage,Road Damage,ROAD,29.58,MEDIUM,18.719411,73.701194,True,True,False,NOT_EVALUATED,False,2,4.4,2254.8,Joint Cutting Machine; Plate Compactor,SUBMITTED,SUBMITTED,,2026-04-02 09:20:22+05:30,data/complaints/images/road_damage/complaint_457.jpg,True,ELIGIBLE,READY_FOR_STEP13_PLANNING
478,,478,Road repair required,Damaged portion of road requires maintenance.,Road Damage,Road Damage,ROAD,29.52,MEDIUM,18.716771,73.690694,True,True,False,NOT_EVALUATED,False,2,4.9,2325.8,Joint Cutting Machine; Plate Compactor,SUBMITTED,SUBMITTED,,2026-08-11 05:10:22+05:30,data/complaints/images/road_damage/complaint_478.jpg,True,ELIGIBLE,READY_FOR_STEP13_PLANNING
343,,343,Road repair required,Damaged portion of road requires maintenance.,Road Damage,Road Damage,ROAD,29.48,MEDIUM,18.706066,73.70975,True,True,False,NOT_EVALUATED,False,2,3.0,2056.0,Joint Cutting Machine; Plate Compactor,SUBMITTED,SUBMITTED,,2026-04-07 03:25:22+05:30,data/complaints/images/road_damage/complaint_343.jpg,True,ELIGIBLE,READY_FOR_STEP13_PLANNING
124,,124,Damaged road,Road surface is damaged and needs repair.,Road Damage,Road Damage,ROAD,29.41,MEDIUM,18.74699,73.696762,True,True,False,NOT_EVALUATED,False,2,4.9,2325.8,Joint Cutting Machine; Plate Compactor,SUBMITTED,SUBMITTED,,2026-07-06 06:56:22+05:30,data/complaints/images/road_damage/complaint_124.jpg,True,ELIGIBLE,READY_FOR_STEP13_PLANNING
106,,106,Road flooded with water,Standing water is causing difficulty for commuters.,Waterlogging,Waterlogging,WATER,29.37,MEDIUM,18.700413,73.702317,True,True,False,NOT_DUPLICATE,False,2,7.1,2598.2,Truck 5.5 cum per 10 MT,SUBMITTED,SUBMITTED,,2026-05-04 18:21:22+05:30,data/complaints/images/waterlogging/complaint_106.jpg,True,ELIGIBLE,READY_FOR_STEP13_PLANNING
271,,271,Broken streetlight,Streetlight requires repair.,Streetlight,Streetlight,ELECTRICITY,29.32,MEDIUM,18.734983,73.699937,True,True,False,NOT_DUPLICATE,False,2,2.0,784.0,Electrical Maintenance Tools,SUBMITTED,SUBMITTED,,2026-09-16 03:21:22+05:30,data/complaints/images/streetlight/complaint_271.jpg,True,ELIGIBLE,READY_FOR_STEP13_PLANNING
34,,34,Damaged road,Road surface is damaged and needs repair.,Road Damage,Road Damage,ROAD,29.3,MEDIUM,18.724295,73.678754,True,True,False,NOT_EVALUATED,False,2,3.8,2169.6,Joint Cutting Machine; Plate Compactor,SUBMITTED,SUBMITTED,,2026-09-10 07:42:22+05:30,data/complaints/images/road_damage/complaint_034.jpg,True,ELIGIBLE,READY_FOR_STEP13_PLANNING
334,,334,Leakage near road,Water leakage is observed near the road.,Water Leakage,Water Leakage,WATER,29.09,MEDIUM,18.746384,73.712423,True,True,False,NOT_EVALUATED,False,2,3.4,982.8,Water Leakage Repair Tools,SUBMITTED,SUBMITTED,,2026-08-30 21:45:22+05:30,data/complaints/images/water_leakage/complaint_334.jpg,True,ELIGIBLE,READY_FOR_STEP13_PLANNING
328,,328,Road pothole,Deep pothole noticed on the road.,Pothole,Pothole,ROAD,29.01,MEDIUM,18.70937,73.687442,True,True,False,NOT_DUPLICATE,False,2,2.1,1928.2,Joint Cutting Machine; Plate Compactor,SUBMITTED,SUBMITTED,,2026-08-03 15:45:22+05:30,data/complaints/images/pothole/complaint_328.jpg,True,ELIGIBLE,READY_FOR_STEP13_PLANNING
70,,70,Dangerous pothole,Pothole is creating a safety problem for commuters.,Pothole,Pothole,ROAD,29.01,MEDIUM,18.720577,73.697461,True,True,False,NOT_EVALUATED,False,2,2.4,1970.8,Joint Cutting Machine; Plate Compactor,SUBMITTED,SUBMITTED,,2026-09-08 13:16:22+05:30,data/complaints/images/pothole/complaint_070.jpg,True,ELIGIBLE,READY_FOR_STEP13_PLANNING
172,,172,Drain blockage,Waste has blocked the drainage system.,Blocked Drain,Blocked Drain,WATER,28.91,MEDIUM,18.707498,73.706445,True,True,False,NOT_DUPLICATE,False,2,2.5,855.0,Drain Cleaning Tools,SUBMITTED,SUBMITTED,,2026-04-17 09:04:22+05:30,data/complaints/images/blocked_drain/complaint_172.jpg,True,ELIGIBLE,READY_FOR_STEP13_PLANNING
277,,277,Broken road surface,Road has cracks and damaged portions.,Road Damage,Road Damage,ROAD,28.77,MEDIUM,18.69802,73.70995,True,True,False,NOT_DUPLICATE,False,2,4.8,2311.6,Joint Cutting Machine; Plate Compactor,SUBMITTED,SUBMITTED,,2026-04-19 22:50:22+05:30,data/complaints/images/road_damage/complaint_277.jpg,True,ELIGIBLE,READY_FOR_STEP13_PLANNING
301,,301,Leakage near road,Water leakage is observed near the road.,Water Leakage,Water Leakage,WATER,28.73,MEDIUM,18.708508,73.702556,True,True,False,NOT_EVALUATED,False,2,2.6,869.2,Water Leakage Repair Tools,SUBMITTED,SUBMITTED,,2026-05-30 20:28:22+05:30,data/complaints/images/water_leakage/complaint_301.jpg,True,ELIGIBLE,READY_FOR_STEP13_PLANNING
370,,370,Pothole on road,Large pothole causing difficulty for vehicles.,Pothole,Pothole,ROAD,28.63,MEDIUM,18.728417,73.692983,True,True,False,NOT_EVALUATED,False,2,2.0,1914.0,Joint Cutting Machine; Plate Compactor,SUBMITTED,SUBMITTED,,2026-07-27 20:20:22+05:30,data/complaints/images/pothole/complaint_370.jpg,True,ELIGIBLE,READY_FOR_STEP13_PLANNING
217,,217,Pothole on road,Large pothole causing difficulty for vehicles.,Pothole,Pothole,ROAD,28.16,MEDIUM,18.746813,73.703666,True,True,False,NOT_EVALUATED,False,2,2.5,1985.0,Joint Cutting Machine; Plate Compactor,SUBMITTED,SUBMITTED,,2026-09-16 12:17:22+05:30,data/complaints/images/pothole/complaint_217.jpg,True,ELIGIBLE,READY_FOR_STEP13_PLANNING
154,,154,Damaged road,Road surface is damaged and needs repair.,Road Damage,Road Damage,ROAD,28.14,MEDIUM,18.713807,73.705051,True,True,False,NOT_EVALUATED,False,2,3.0,2056.0,Joint Cutting Machine; Plate Compactor,SUBMITTED,SUBMITTED,,2026-06-13 19:31:22+05:30,data/complaints/images/road_damage/complaint_154.jpg,True,ELIGIBLE,READY_FOR_STEP13_PLANNING
31,,31,Road repair required,Damaged portion of road requires maintenance.,Road Damage,Road Damage,ROAD,28.12,MEDIUM,18.700823,73.707249,True,True,False,NOT_EVALUATED,False,2,2.5,1985.0,Joint Cutting Machine; Plate Compactor,SUBMITTED,SUBMITTED,,2026-08-02 10:50:22+05:30,data/complaints/images/road_damage/complaint_031.jpg,True,ELIGIBLE,READY_FOR_STEP13_PLANNING
391,,391,Leakage near road,Water leakage is observed near the road.,Water Leakage,Water Leakage,WATER,28.09,MEDIUM,18.69875,73.70526,True,True,False,NOT_EVALUATED,False,2,2.7,883.4,Water Leakage Repair Tools,SUBMITTED,SUBMITTED,,2026-05-02 03:25:22+05:30,data/complaints/images/water_leakage/complaint_391.jpg,True,ELIGIBLE,READY_FOR_STEP13_PLANNING
262,,262,Drain cleaning required,Drain requires cleaning and maintenance.,Blocked Drain,Blocked Drain,WATER,28.02,MEDIUM,18.712541,73.710954,True,True,False,NOT_EVALUATED,False,2,2.5,855.0,Drain Cleaning Tools,SUBMITTED,SUBMITTED,,2026-07-18 19:36:22+05:30,data/complaints/images/blocked_drain/complaint_262.jpg,True,ELIGIBLE,READY_FOR_STEP13_PLANNING
184,,184,Garbage accumulation,Garbage has accumulated near the roadside.,Garbage Accumulation,Garbage Accumulation,GARBAGE,27.88,MEDIUM,18.74649,73.697192,True,True,False,NOT_EVALUATED,False,2,2.4,840.8,Manual Garbage Collection Tools,SUBMITTED,SUBMITTED,,2026-07-21 00:35:22+05:30,data/complaints/images/garbage_accumulation/complaint_184.jpg,True,ELIGIBLE,READY_FOR_STEP13_PLANNING
400,,400,Dark road due to streetlight,Streetlight is not working at night.,Streetlight,Streetlight,ELECTRICITY,27.78,MEDIUM,18.725549,73.690924,True,True,False,NOT_EVALUATED,False,2,2.0,784.0,Electrical Maintenance Tools,SUBMITTED,SUBMITTED,,2026-08-12 13:31:22+05:30,data/complaints/images/streetlight/complaint_400.jpg,True,ELIGIBLE,READY_FOR_STEP13_PLANNING
283,,283,Road flooded with water,Standing water is causing difficulty for commuters.,Waterlogging,Waterlogging,WATER,27.25,MEDIUM,18.709195,73.705221,True,True,False,NOT_EVALUATED,False,2,7.1,2598.2,Truck 5.5 cum per 10 MT,SUBMITTED,SUBMITTED,,2026-05-29 22:33:22+05:30,data/complaints/images/waterlogging/complaint_283.jpg,True,ELIGIBLE,READY_FOR_STEP13_PLANNING
160,,160,Pipeline leakage,A water pipeline appears to be leaking.,Water Leakage,Water Leakage,WATER,26.61,MEDIUM,18.704378,73.702643,True,True,False,NOT_EVALUATED,False,2,2.2,812.4,Water Leakage Repair Tools,SUBMITTED,SUBMITTED,,2026-06-10 10:11:22+05:30,data/complaints/images/water_leakage/complaint_160.jpg,True,ELIGIBLE,READY_FOR_STEP13_PLANNING
280,,280,Road flooded with water,Standing water is causing difficulty for commuters.,Waterlogging,Waterlogging,WATER,26.6,MEDIUM,18.715782,73.687706,True,True,False,NOT_DUPLICATE,False,2,5.0,2300.0,Truck 5.5 cum per 10 MT,SUBMITTED,SUBMITTED,,2026-09-14 04:46:22+05:30,data/complaints/images/waterlogging/complaint_280.jpg,True,ELIGIBLE,READY_FOR_STEP13_PLANNING
10,,10,Road repair required,Damaged portion of road requires maintenance.,Road Damage,Road Damage,ROAD,26.48,MEDIUM,18.708357,73.704338,True,True,False,NOT_EVALUATED,False,2,3.9,2183.8,Joint Cutting Machine; Plate Compactor,SUBMITTED,SUBMITTED,,2026-07-08 09:14:22+05:30,data/complaints/images/road_damage/complaint_010.jpg,True,ELIGIBLE,READY_FOR_STEP13_PLANNING
79,,79,Streetlight not working,Streetlight is not functioning.,Streetlight,Streetlight,ELECTRICITY,26.12,MEDIUM,18.744545,73.688021,True,True,False,NOT_DUPLICATE,False,2,2.0,784.0,Electrical Maintenance Tools,SUBMITTED,SUBMITTED,,2026-09-16 00:33:22+05:30,data/complaints/images/streetlight/complaint_079.jpg,True,ELIGIBLE,READY_FOR_STEP13_PLANNING
352,,352,Dark road due to streetlight,Streetlight is not working at night.,Streetlight,Streetlight,ELECTRICITY,25.92,MEDIUM,18.723832,73.693954,True,True,False,NOT_DUPLICATE,False,2,2.0,784.0,Electrical Maintenance Tools,SUBMITTED,SUBMITTED,,2026-08-10 07:15:22+05:30,data/complaints/images/streetlight/complaint_352.jpg,True,ELIGIBLE,READY_FOR_STEP13_PLANNING
490,,490,Drain blockage,Waste has blocked the drainage system.,Blocked Drain,Blocked Drain,WATER,25.79,MEDIUM,18.709493,73.694733,True,True,False,NOT_EVALUATED,False,2,3.4,982.8,Drain Cleaning Tools,SUBMITTED,SUBMITTED,,2026-08-12 06:11:22+05:30,data/complaints/images/blocked_drain/complaint_490.jpg,True,ELIGIBLE,READY_FOR_STEP13_PLANNING
133,,133,Water accumulation,Water is accumulated in the area.,Waterlogging,Waterlogging,WATER,25.59,MEDIUM,18.700211,73.700493,True,True,False,NOT_EVALUATED,False,2,6.0,2442.0,Truck 5.5 cum per 10 MT,SUBMITTED,SUBMITTED,,2026-08-06 04:02:22+05:30,data/complaints/images/waterlogging/complaint_133.jpg,True,ELIGIBLE,READY_FOR_STEP13_PLANNING
226,,226,Waterlogging on road,Rainwater has accumulated on the road.,Waterlogging,Waterlogging,WATER,25.4,MEDIUM,18.718074,73.700154,True,True,False,NOT_EVALUATED,False,2,5.9,2427.8,Truck 5.5 cum per 10 MT,SUBMITTED,SUBMITTED,,2026-08-27 04:16:22+05:30,data/complaints/images/waterlogging/complaint_226.jpg,True,ELIGIBLE,READY_FOR_STEP13_PLANNING
265,,265,Garbage not collected,Garbage has not been collected from the area.,Garbage Accumulation,Garbage Accumulation,GARBAGE,25.37,MEDIUM,18.712066,73.689862,True,True,False,NOT_EVALUATED,False,2,3.2,954.4,Manual Garbage Collection Tools,SUBMITTED,SUBMITTED,,2026-09-01 13:40:22+05:30,data/complaints/images/garbage_accumulation/complaint_265.jpg,True,ELIGIBLE,READY_FOR_STEP13_PLANNING
349,,349,Road pothole,Deep pothole noticed on the road.,Pothole,Pothole,ROAD,25.34,MEDIUM,18.711956,73.710104,True,True,False,NOT_DUPLICATE,False,2,2.0,1914.0,Joint Cutting Machine; Plate Compactor,SUBMITTED,SUBMITTED,,2026-07-10 09:31:22+05:30,data/complaints/images/pothole/complaint_349.jpg,True,ELIGIBLE,READY_FOR_STEP13_PLANNING
424,,424,Dangerous pothole,Pothole is creating a safety problem for commuters.,Pothole,Pothole,ROAD,24.82,LOW,18.712375,73.694069,True,True,False,NOT_EVALUATED,False,2,2.1,1928.2,Joint Cutting Machine; Plate Compactor,SUBMITTED,SUBMITTED,,2026-07-29 14:06:22+05:30,data/complaints/images/pothole/complaint_424.jpg,True,ELIGIBLE,READY_FOR_STEP13_PLANNING
121,,121,Drain cleaning required,Drain requires cleaning and maintenance.,Blocked Drain,Blocked Drain,WATER,21.66,LOW,18.719882,73.70536,True,True,False,NOT_DUPLICATE,False,2,2.1,798.2,Drain Cleaning Tools,SUBMITTED,SUBMITTED,,2026-09-08 08:03:22+05:30,data/complaints/images/blocked_drain/complaint_121.jpg,True,ELIGIBLE,READY_FOR_STEP13_PLANNING
85,,85,Streetlight not working,Streetlight is not functioning.,Streetlight,Streetlight,ELECTRICITY,21.25,LOW,18.703483,73.709369,True,True,False,NOT_DUPLICATE,False,2,2.0,784.0,Electrical Maintenance Tools,SUBMITTED,SUBMITTED,,2026-08-04 00:36:22+05:30,data/complaints/images/streetlight/complaint_085.jpg,True,ELIGIBLE,READY_FOR_STEP13_PLANNING
