{"type" : "FeatureCollection", "name" : "tdmc_wards_clean_v2", "features" : [{"type" : "Feature", "properties" : {"ward_id" : 1, "ward_number" : 1, "ward_name" : "Ward 1", "ward_scheme" : "ANALYTICAL_GIS_23", "source" : "CivicBrain analytical GIS units, topology-cleaned v2 (from tdmc_wards_verified.geojson; disputed areas split to nearest undisputed core)", "area_km2" : 2.384960}, "geometry" : {"type":"MultiPolygon","coordinates":[[[[73.66261899980825,18.743785388531016],[73.66291571964128,18.74388359252582],[73.66291573508049,18.743883626502942],[73.66291664965394,18.743883157800255],[73.66304767194508,18.743927309526377],[73.66427147842913,18.743274651254264],[73.66473912519879,18.74302550562491],[73.666097017475,18.74230125203223],[73.66637582788071,18.74215279322226],[73.66700152360153,18.741818809851605],[73.66723796284751,18.741693250178297],[73.66736211125077,18.74162647767489],[73.66771718589624,18.74143784051344],[73.6678583825235,18.741361709750496],[73.66802868933608,18.741271916870698],[73.66805843241532,18.741254924510464],[73.66819642586569,18.741182635259733],[73.66833837101954,18.74110491480986],[73.66834052632903,18.74110667191388],[73.66834061623521,18.741106622069548],[73.66834576769352,18.74110082135088],[73.66834623801684,18.741100580310167],[73.66834828068978,18.74110237342524],[73.6683496490099,18.741101614930948],[73.66835276267244,18.741097236533435],[73.66835430403832,18.74109644661435],[73.66835605901741,18.74109806166124],[73.66835812277154,18.74109691766119],[73.66836012051859,18.741093465761807],[73.66836240235149,18.74109229635004],[73.6683638648652,18.741093734641172],[73.66836646059714,18.741092295741712],[73.66836773247178,18.74108956475506],[73.66837043152842,18.741088181529538],[73.66837162020599,18.74108943560727],[73.66837474027577,18.74108770605513],[73.66837531193276,18.74108568039602],[73.66837847438929,18.74108405969472],[73.6683794181655,18.741085112958014],[73.66838282235673,18.74108322590603],[73.66838304060657,18.74108171957861],[73.66838654644685,18.74107992288681],[73.66838725075165,18.74108077110031],[73.66839088452802,18.74107875679241],[73.66839089284834,18.74107769543036],[73.66839455087283,18.741075820747305],[73.66839503511682,18.74107645598904],[73.6683984576737,18.741074558766396],[73.66839846349964,18.741073815588877],[73.66840226858503,18.74107186554373],[73.6684025579652,18.741072285842424],[73.66840607844891,18.741070334332424],[73.66840608176477,18.741069911345313],[73.66841614583525,18.741064753673392],[73.66841850160718,18.741063447792378],[73.66841869133548,18.74106344914232],[73.66842090359373,18.741062315396782],[73.66842082122797,18.741062161957977],[73.66842457182057,18.74106008288831],[73.66842475973054,18.74106033918472],[73.66842872790332,18.741058305559886],[73.66842853295601,18.741057887107797],[73.668432225983,18.74105583995011],[73.66843264503366,18.741056298092417],[73.66843659666506,18.741054272951978],[73.66843630630716,18.741053578096928],[73.66843990298837,18.741051584342994],[73.6684406375063,18.741052202082514],[73.66844443552485,18.741050255654777],[73.66844407809567,18.74104926995109],[73.66844744229549,18.741047405067732],[73.66844863054047,18.74104810577806],[73.66845228132632,18.741046234810305],[73.66845184221536,18.741044966060503],[73.66845499159496,18.74104322026093],[73.66845681091681,18.74104391347051],[73.66846015202967,18.741042201203115],[73.668459666053,18.74104062906191],[73.66846219529208,18.741039227024636],[73.66846521192721,18.74103960808375],[73.66846799544025,18.74103818157886],[73.66846745984533,18.741036308719384],[73.66846888204329,18.741035520355013],[73.6684743907141,18.74103490410481],[73.66847577420954,18.741034195081106],[73.6685312582794,18.74100302068389],[73.66914600736936,18.740675280542426],[73.66925202209636,18.740619324195567],[73.67012463878197,18.740153960692687],[73.67024809359934,18.74008773898394],[73.67209480408322,18.73910333633861],[73.672243859087,18.73902365952366],[73.67385529705518,18.738164595705236],[73.67485183988012,18.73763317314518],[73.67505876815775,18.73757982842574],[73.67507671048551,18.737576960896025],[73.67528378729499,18.73756671099691],[73.67822795391739,18.737423926874524],[73.6782880553769,18.737421374915826],[73.67881970123491,18.73739571462895],[73.67918204553303,18.737377519076837],[73.67954068936712,18.73736124488022],[73.67966806265873,18.737352809059345],[73.67966859476913,18.73735279106303],[73.6796753345099,18.73735537567503],[73.67967601088984,18.737355332970782],[73.67967697540581,18.737352507613426],[73.67967791630645,18.737352475792985],[73.67968396561297,18.73735483076345],[73.6796850823515,18.73735476026212],[73.67968584622082,18.737352207588152],[73.67968748675142,18.737352152103625],[73.67969244867724,18.737354295198678],[73.67969418512708,18.73735418556912],[73.67969478060752,18.737351905408488],[73.67969700604307,18.737351830140277],[73.67970097677657,18.73735375678857],[73.67970327695217,18.73735361157552],[73.67970372507872,18.737351602892915],[73.67970560056176,18.737351539460192],[73.67971003519072,18.737353184899302],[73.67971212378886,18.737353053039953],[73.67971243584974,18.737351308288602],[73.67971354059857,18.737351270918957],[73.67971953736054,18.737352584992454],[73.67972095948534,18.737352495211518],[73.67972105243304,18.737351805551075],[73.67972976890658,18.737351939040686],[73.67973263849194,18.73735175787725],[73.67973553768849,18.73735052695477],[73.67973834196691,18.737350432103547],[73.67973851122116,18.737351387112902],[73.67974255232542,18.737351131975675],[73.67974329169682,18.737350264699426],[73.6797471535077,18.737350134087947],[73.6797472582803,18.73735083487481],[73.67975105285882,18.737350595311575],[73.6797516117691,18.737349983304185],[73.67975562268553,18.737349847644907],[73.67975567605012,18.737350303436898],[73.67975954189147,18.737350059370176],[73.6797600559205,18.737349697705486],[73.67976747827646,18.737349446672965],[73.67976906906469,18.737349457893202],[73.6797742187847,18.73734913277446],[73.67977632090583,18.737349147601186],[73.67977842786907,18.737349076339694],[73.67977842439113,18.737348867257726],[73.67978251397481,18.737348609073052],[73.67978284279431,18.737348927020584],[73.67978672769634,18.737348795622374],[73.67978673121479,18.737348342824934],[73.67979078938976,18.737348086614304],[73.67979123680746,18.737348643118022],[73.67979506314681,18.737348513710167],[73.67979509717426,18.737347814652296],[73.67979900174981,18.737347568147136],[73.6797996153569,18.737348359747568],[73.67980377793081,18.737348218958203],[73.67980384588428,18.737347262314746],[73.67980724356396,18.73734704780907],[73.67980900285654,18.73734804224346],[73.67981252667785,18.737347923062863],[73.67981265231613,18.737346706335757],[73.67981359553771,18.7373466467904],[73.67982097564845,18.737347637314677],[73.67982127681942,18.73734762712273],[73.67982561102063,18.737347480540432],[73.67983011478117,18.73734732821427],[73.67983196328346,18.73734726569238],[73.67983694321644,18.737345172768503],[73.67983832285873,18.73734508565989],[73.67983896098706,18.73734702902017],[73.67984132403946,18.73734694910042],[73.67984517360563,18.737344653152377],[73.67984720144523,18.737344525127984],[73.6798480183237,18.737346722694355],[73.67984970643111,18.73734666559217],[73.67985469078653,18.737344052305343],[73.67985608013609,18.73734396458736],[73.67985707485398,18.737346416389517],[73.67985811662881,18.737346381150147],[73.67986440951498,18.737343438728868],[73.67986499049191,18.73734340204677],[73.67986619287839,18.737346107996892],[73.67986645063729,18.73734609927879],[73.67988297324061,18.73734264487027],[73.68005526232467,18.737335994720752],[73.68077517891874,18.737300591641354],[73.68170339255435,18.737255635516682],[73.68174757326109,18.7372824395053],[73.6817476210596,18.737282475326413],[73.68183609948873,18.7373374828216],[73.68227972022284,18.73835994397272],[73.68291941896457,18.739833605770812],[73.68381479689111,18.74189714051993],[73.68401562410575,18.74235961738009],[73.6851823734296,18.74504846339615],[73.68588111620578,18.746658473091482],[73.68589811043891,18.746710318254046],[73.68590625450989,18.746755925625358],[73.68590893908585,18.746803773602633],[73.68590615870059,18.746853864406425],[73.68589112740787,18.746935582359434],[73.68587996791719,18.74697447814085],[73.6855731345279,18.7469263869341],[73.68415682001108,18.747398624895293],[73.6812297700044,18.74837458333398],[73.68042334923084,18.748643466067893],[73.678397140973,18.749319059245526],[73.676835663861,18.74983969839087],[73.67556451194308,18.750263535159803],[73.67317470091413,18.751060363468753],[73.67282630387652,18.751176528545336],[73.67084346355972,18.75183766169028],[73.67009338105296,18.751118271180346],[73.66948303900578,18.75053290317003],[73.66568817051466,18.746893313632444],[73.66513935100619,18.746366950811854],[73.66447094854908,18.745725898118874],[73.66275251753333,18.74407778210281],[73.66261899980825,18.743785388531016]]]]}}, {"type" : "Feature", "properties" : {"ward_id" : 2, "ward_number" : 2, "ward_name" : "Ward 2", "ward_scheme" : "ANALYTICAL_GIS_23", "source" : "CivicBrain analytical GIS units, topology-cleaned v2 (from tdmc_wards_verified.geojson; disputed areas split to nearest undisputed core)", "area_km2" : 0.806195}, "geometry" : {"type":"MultiPolygon","coordinates":[[[[73.68183609948873,18.7373374828216],[73.68187556621089,18.73727817640157],[73.68187559755751,18.737278146975093],[73.6820331298742,18.73704165737017],[73.68485603835475,18.737173664713325],[73.6848810388822,18.73717649852421],[73.68488105065542,18.737176498128022],[73.6848831321356,18.737173315494545],[73.68488553393014,18.737173622859785],[73.68488769286351,18.73717627347915],[73.68489041146462,18.737176181535713],[73.68489124535897,18.737174353765408],[73.68489520953716,18.73717486106919],[73.68489552319073,18.73717600864497],[73.68489953272045,18.737175873036882],[73.68489955172151,18.737175757364508],[73.68490695088232,18.737175809349228],[73.68490697441482,18.737176366658638],[73.6849108514039,18.7371768628135],[73.68491270861605,18.737175427411845],[73.6849153768703,18.737175337165503],[73.68491603819157,18.73717752658133],[73.68491875447174,18.737177874188315],[73.68492236643134,18.737175100769214],[73.68492324683372,18.737175070991178],[73.68492572397524,18.737178766098612],[73.68492667501154,18.737178887809023],[73.68496403645541,18.73717898531316],[73.68533517022072,18.737195904215948],[73.68579183879335,18.73721737064039],[73.68598996366322,18.737292314150558],[73.6860777948205,18.737324050335186],[73.68608168458138,18.737326697947026],[73.6860876839691,18.737327465708074],[73.68618390639408,18.73736527782036],[73.68658855074358,18.737410525123774],[73.68676477081556,18.737429787749264],[73.68718142761072,18.737476754175763],[73.6873851127613,18.737499001633108],[73.6875884461712,18.73752357839188],[73.68759183843505,18.737519956999613],[73.6875919895529,18.737519976339097],[73.68759700638435,18.737524453923985],[73.68759753034797,18.737524503546034],[73.68760055561069,18.73752107257226],[73.68760140675606,18.7375211814877],[73.68760551029972,18.737525259248482],[73.68760660521652,18.7375253629334],[73.6876092642969,18.737522187045837],[73.68761086111108,18.737522391396272],[73.68761397413492,18.73752606076752],[73.68761574619072,18.737526228584965],[73.6876180627026,18.7375233130094],[73.68762004711346,18.737523566956348],[73.68762259089912,18.73752687677695],[73.687624782505,18.73752708432166],[73.68762672766162,18.737524421889503],[73.68762933758804,18.73752475588989],[73.68763118489848,18.73752769062941],[73.68763390271427,18.737527948001475],[73.687635543606,18.737525550089657],[73.68763851652234,18.737525930541082],[73.68763991331738,18.73752851720693],[73.68764306899372,18.73752881605201],[73.68764440041652,18.737526683518645],[73.68764763068525,18.73752709690346],[73.68764870546308,18.737529349824158],[73.6876522371309,18.737529684277767],[73.68765325342761,18.73752781646877],[73.68765682763191,18.737528273866783],[73.68765761652311,18.7375301937023],[73.687661360724,18.737530548278176],[73.68766210770858,18.73752894957197],[73.6876656473857,18.737529402562128],[73.68766627992663,18.73753101413007],[73.68767019608734,18.737531384992547],[73.6876707128237,18.73753005080166],[73.68767435958814,18.737530517491102],[73.68767490962824,18.73753183136636],[73.6876790085532,18.73753221953094],[73.68767934135191,18.737531155023387],[73.68768317041675,18.737531645038725],[73.68768363952616,18.737532658087776],[73.68768779218858,18.737533051345732],[73.6876879972916,18.737532262753135],[73.68769194986406,18.73753276857079],[73.68769226100162,18.737533474533674],[73.68769656782513,18.73753388239019],[73.68769666450683,18.73753337191695],[73.68770070997283,18.737533889635568],[73.6877008870547,18.737534291426943],[73.68770531553155,18.73753471079869],[73.68770534687278,18.73753448302993],[73.68771228153386,18.737535370482274],[73.68771828510536,18.737535939021488],[73.68771826582669,18.737536136305867],[73.68772254987515,18.73753668454879],[73.68772265221551,18.737536352577116],[73.68772586405593,18.737536656739213],[73.6877258605687,18.73753710822794],[73.68773004789574,18.73753764409091],[73.6877302109126,18.737537068390644],[73.68773339579907,18.7375373699962],[73.68773349745594,18.737538085541498],[73.68773761371051,18.73753861231275],[73.6877378429183,18.737537791142447],[73.68774198650158,18.737538183540394],[73.68774225513033,18.737539206289103],[73.68774624839853,18.73753971732462],[73.68774662163561,18.737538622486298],[73.68775069155981,18.737539007906882],[73.68775109073734,18.737540337007257],[73.68775488434693,18.7375408224895],[73.68775545863018,18.737539459352707],[73.68775924729061,18.737539818132856],[73.68775988589537,18.737541462552926],[73.6877636288608,18.73754194155351],[73.68776442598794,18.73754030856322],[73.68776800262714,18.737540647269654],[73.68776893594244,18.737542620716102],[73.68777248322878,18.737543074670246],[73.6877735023087,18.737541168088296],[73.68777675650432,18.73754147626028],[73.68777808316597,18.73754379131599],[73.68778132856713,18.73754420663894],[73.68778259027744,18.73754202871567],[73.68778537597161,18.737542292525212],[73.68778733254982,18.73754497499295],[73.68779003253754,18.737545320519967],[73.68779159436083,18.737542881408235],[73.68779400553257,18.73754310974605],[73.68779650010717,18.737546148192312],[73.68779885878392,18.737546450040767],[73.68780070423229,18.737543744112962],[73.68780247998484,18.737543912270837],[73.68780592932822,18.73754735487886],[73.68780759742398,18.737547568347733],[73.68780975674602,18.737544601382083],[73.68781098195036,18.737544717409776],[73.68781533972248,18.737548559155876],[73.68781634825854,18.737548688221686],[73.68781885821122,18.737545463286057],[73.68781929476397,18.73754550463214],[73.68782472100003,18.737549759704244],[73.68782512700683,18.73754981166137],[73.68782782944527,18.737546448052402],[73.68797807313923,18.737565037828738],[73.68808435155262,18.737576346984724],[73.68851730027757,18.737625094505468],[73.68881895271635,18.737658283143524],[73.68934417868998,18.73771715799071],[73.68937648017182,18.737720414201195],[73.69000731669517,18.737790727892545],[73.69003536346747,18.737800396169018],[73.69013039998143,18.73780996489969],[73.69152379765465,18.73795433844611],[73.69155023391853,18.737960992109326],[73.69158953111739,18.737980388617846],[73.69155677771803,18.73801702121542],[73.69150749433834,18.738054863731353],[73.69150689099294,18.7380588598211],[73.69150280323626,18.738058279159574],[73.69150243446072,18.73806270257776],[73.69148829982248,18.7380690272179],[73.69135971864802,18.738166689221337],[73.69126559467644,18.73922258586447],[73.69082766636114,18.744139624766035],[73.69075208975772,18.74498938125585],[73.69053683900803,18.747405442166837],[73.69033608898953,18.747551943494553],[73.69033608673475,18.747551945611285],[73.69019960559322,18.74765151191961],[73.68587996791719,18.74697447814085],[73.68589112740787,18.746935582359434],[73.68590615870059,18.746853864406425],[73.68590893908585,18.746803773602633],[73.68590625450989,18.746755925625358],[73.68589811043891,18.746710318254046],[73.68588111620578,18.746658473091482],[73.6851823734296,18.74504846339615],[73.68401562410575,18.74235961738009],[73.68381479689111,18.74189714051993],[73.68291941896457,18.739833605770812],[73.68227972022284,18.73835994397272],[73.68183609948873,18.7373374828216]]]]}}, {"type" : "Feature", "properties" : {"ward_id" : 3, "ward_number" : 3, "ward_name" : "Ward 3", "ward_scheme" : "ANALYTICAL_GIS_23", "source" : "CivicBrain analytical GIS units, topology-cleaned v2 (from tdmc_wards_verified.geojson; disputed areas split to nearest undisputed core)", "area_km2" : 0.736982}, "geometry" : {"type":"MultiPolygon","coordinates":[[[[73.69158953111739,18.737980388617846],[73.69170956340494,18.73799348743645],[73.69303370091889,18.738139752776423],[73.69316431058928,18.73815404196635],[73.69461943416223,18.738314741438643],[73.69600168551526,18.73846725563238],[73.69628786429372,18.738734597021672],[73.6962908397804,18.738734145829337],[73.69629161065592,18.73873852580428],[73.69629627040891,18.738739187713865],[73.69629959019537,18.7387465746652],[73.69645379580247,18.73889024173889],[73.69692846123529,18.741712777682007],[73.69774910439388,18.746591751858023],[73.69791102264217,18.747553668168255],[73.69810146474111,18.74868627556084],[73.69805122564749,18.74873630492453],[73.69805119845245,18.748736355807125],[73.69792513573962,18.748862364606598],[73.695041479935,18.748410397896354],[73.69168810760591,18.747884810678947],[73.69019960559322,18.74765151191961],[73.69033608673475,18.747551945611285],[73.69033608898953,18.747551943494553],[73.69053683900803,18.747405442166837],[73.69075208975772,18.74498938125585],[73.69082766636114,18.744139624766035],[73.69126559467644,18.73922258586447],[73.69135971864802,18.738166689221337],[73.69148829982248,18.7380690272179],[73.69150243446072,18.73806270257776],[73.69150280323626,18.738058279159574],[73.69150689099294,18.7380588598211],[73.69150749433834,18.738054863731353],[73.69155677771803,18.73801702121542],[73.69158953111739,18.737980388617846]]]]}}, {"type" : "Feature", "properties" : {"ward_id" : 4, "ward_number" : 4, "ward_name" : "Ward 4", "ward_scheme" : "ANALYTICAL_GIS_23", "source" : "CivicBrain analytical GIS units, topology-cleaned v2 (from tdmc_wards_verified.geojson; disputed areas split to nearest undisputed core)", "area_km2" : 0.614021}, "geometry" : {"type":"MultiPolygon","coordinates":[[[[73.68232002798189,18.734947917131628],[73.68232130125014,18.73476714522943],[73.6823232155932,18.734499579811636],[73.68409866030895,18.733390174180567],[73.68571841566978,18.732378265550178],[73.68633620424355,18.73199210187088],[73.68738035393889,18.731339880818297],[73.68820623801632,18.73082359959629],[73.6890191947119,18.730315974859824],[73.68912538565557,18.730249173625776],[73.68934269771437,18.73011444038091],[73.68948462102966,18.73002268092455],[73.68948977108816,18.730024312249697],[73.6894898202194,18.730024279747493],[73.68949202190758,18.730018025885453],[73.68949242880927,18.730017786115166],[73.68949700198351,18.730019528106254],[73.68949791462971,18.73001892427973],[73.68949932173885,18.730013724334242],[73.68950055384806,18.730012998299003],[73.68950431983525,18.730014686433112],[73.68950586243692,18.730013665808702],[73.68950672670361,18.73000936082637],[73.68950856304401,18.730008278734285],[73.68951161725816,18.730009858270154],[73.68951382011942,18.730008400810092],[73.68951414498711,18.73000498947774],[73.68951661461695,18.730003534200968],[73.68951902932969,18.730004954265453],[73.6895216514081,18.730003219431733],[73.6895216719578,18.73000055407382],[73.68952460059391,18.72999882832529],[73.68952638987697,18.730000084336233],[73.68952945707258,18.729998055006053],[73.68952922823404,18.72999610140798],[73.68953254791822,18.729994145220665],[73.6895337890596,18.729995188852055],[73.6895364581431,18.729993422928718],[73.68953640974395,18.72999186957162],[73.68953954198771,18.729990023848384],[73.68954036592716,18.729990837438514],[73.68954319518762,18.729988965531703],[73.68954320366372,18.729987866137623],[73.68954653075976,18.72998590559232],[73.68954700203982,18.729986446825293],[73.68954997479503,18.729984479977755],[73.68955004772532,18.729983833163],[73.6895534676648,18.729981817903404],[73.68955364390983,18.729982052402733],[73.68955682686924,18.72997994647937],[73.68955682770601,18.729979837944086],[73.689558320034,18.729978958562405],[73.68956320642904,18.729975725601506],[73.68956338901579,18.729975971575822],[73.68956698061791,18.72997385515688],[73.6895670655958,18.729973172282193],[73.68957027342559,18.72997104989725],[73.68957075823086,18.729971629140124],[73.68957422862647,18.729969584143163],[73.6895743124635,18.729968377575705],[73.68957733153727,18.729966380076252],[73.68957818493332,18.729967252823627],[73.68958143464783,18.72996533787422],[73.6895815979762,18.729963557296237],[73.6895843168954,18.72996175839594],[73.68958563366249,18.729962863531572],[73.68958862609216,18.72996110018661],[73.6895887857884,18.729958801663408],[73.68959129966993,18.729957138414115],[73.68959314051737,18.729958439983672],[73.68959587028873,18.729956831422392],[73.68959603331268,18.729954006517833],[73.68959820188364,18.729952571741194],[73.68960073802414,18.72995396301615],[73.6896030767759,18.729952584875697],[73.68960331702253,18.729949187426623],[73.68960493415874,18.72994811748908],[73.68960839387569,18.729949451667785],[73.68961027315434,18.729948344275964],[73.68961051251686,18.72994442670514],[73.68961159414732,18.729943711082772],[73.68961626064213,18.72994481604029],[73.68961751180503,18.729944078770206],[73.6896177549876,18.7299396349118],[73.68961881031751,18.729938936680465],[73.6896243482795,18.729940050257582],[73.68962497997742,18.72993967801927],[73.68962565315103,18.729934409286294],[73.68962598736526,18.729934188172496],[73.6896324972912,18.729935204031285],[73.68977277208275,18.729844054518487],[73.68995334618404,18.729732610508627],[73.69000389289366,18.729700166157876],[73.69098735636285,18.7290862111701],[73.69139375712524,18.728832200107195],[73.69141598595515,18.728813897850554],[73.69159900712826,18.72877318446217],[73.69160358676466,18.72877374948991],[73.69160373831333,18.728773660188164],[73.69186814513888,18.728717039337603],[73.6922166742532,18.72842878626316],[73.69227302063298,18.728379273911948],[73.69227398168181,18.72837870760126],[73.69227888628035,18.728378352651298],[73.69228081958913,18.72837613624081],[73.69228340718183,18.72837315346026],[73.69228358933219,18.72837296089962],[73.69228373226642,18.728372961897804],[73.69228762954663,18.728370665363094],[73.69228726178088,18.72837008563403],[73.69274641041592,18.727989534208092],[73.69350262669604,18.72736321880928],[73.69371863434888,18.7275273965403],[73.69371867509899,18.72752739682455],[73.69377635779699,18.72757125883927],[73.69348711439432,18.72837508014154],[73.69333572611457,18.728795062560597],[73.69305662132327,18.729571167637676],[73.6923327074381,18.73158216777802],[73.69189091100091,18.732810206753648],[73.69161114720941,18.733586922893696],[73.6913967495179,18.734183177656426],[73.69095071046554,18.735422132951747],[73.69088712648801,18.735599174790572],[73.69047980282643,18.736730423153368],[73.69012958603584,18.73770394248917],[73.6900480908655,18.737756571578352],[73.69004410553393,18.73775619416361],[73.69004299493018,18.737759285748222],[73.69001827186607,18.737774723606606],[73.69000731669517,18.737790727892545],[73.68937648017182,18.737720414201195],[73.68934417868998,18.73771715799071],[73.68881895271635,18.737658283143524],[73.68851730027757,18.737625094505468],[73.68808435155262,18.737576346984724],[73.68797807313923,18.737565037828738],[73.68782782944527,18.737546448052402],[73.68782512700683,18.73754981166137],[73.68782472100003,18.737549759704244],[73.68781929476397,18.73754550463214],[73.68781885821122,18.737545463286057],[73.68781634825854,18.737548688221686],[73.68781533972248,18.737548559155876],[73.68781098195036,18.737544717409776],[73.68780975674602,18.737544601382083],[73.68780759742398,18.737547568347733],[73.68780592932822,18.73754735487886],[73.68780247998484,18.737543912270837],[73.68780070423229,18.737543744112962],[73.68779885878392,18.737546450040767],[73.68779650010717,18.737546148192312],[73.68779400553257,18.73754310974605],[73.68779159436083,18.737542881408235],[73.68779003253754,18.737545320519967],[73.68778733254982,18.73754497499295],[73.68778537597161,18.737542292525212],[73.68778259027744,18.73754202871567],[73.68778132856713,18.73754420663894],[73.68777808316597,18.73754379131599],[73.68777675650432,18.73754147626028],[73.6877735023087,18.737541168088296],[73.68777248322878,18.737543074670246],[73.68776893594244,18.737542620716102],[73.68776800262714,18.737540647269654],[73.68776442598794,18.73754030856322],[73.6877636288608,18.73754194155351],[73.68775988589537,18.737541462552926],[73.68775924729061,18.737539818132856],[73.68775545863018,18.737539459352707],[73.68775488434693,18.7375408224895],[73.68775109073734,18.737540337007257],[73.68775069155981,18.737539007906882],[73.68774662163561,18.737538622486298],[73.68774624839853,18.73753971732462],[73.68774225513033,18.737539206289103],[73.68774198650158,18.737538183540394],[73.6877378429183,18.737537791142447],[73.68773761371051,18.73753861231275],[73.68773349745594,18.737538085541498],[73.68773339579907,18.7375373699962],[73.6877302109126,18.737537068390644],[73.68773004789574,18.73753764409091],[73.6877258605687,18.73753710822794],[73.68772586405593,18.737536656739213],[73.68772265221551,18.737536352577116],[73.68772254987515,18.73753668454879],[73.68771826582669,18.737536136305867],[73.68771828510536,18.737535939021488],[73.68771228153386,18.737535370482274],[73.68770534687278,18.73753448302993],[73.68770531553155,18.73753471079869],[73.6877008870547,18.737534291426943],[73.68770070997283,18.737533889635568],[73.68769666450683,18.73753337191695],[73.68769656782513,18.73753388239019],[73.68769226100162,18.737533474533674],[73.68769194986406,18.73753276857079],[73.6876879972916,18.737532262753135],[73.68768779218858,18.737533051345732],[73.68768363952616,18.737532658087776],[73.68768317041675,18.737531645038725],[73.68767934135191,18.737531155023387],[73.6876790085532,18.73753221953094],[73.68767490962824,18.73753183136636],[73.68767435958814,18.737530517491102],[73.6876707128237,18.73753005080166],[73.68767019608734,18.737531384992547],[73.68766627992663,18.73753101413007],[73.6876656473857,18.737529402562128],[73.68766210770858,18.73752894957197],[73.687661360724,18.737530548278176],[73.68765761652311,18.7375301937023],[73.68765682763191,18.737528273866783],[73.68765325342761,18.73752781646877],[73.6876522371309,18.737529684277767],[73.68764870546308,18.737529349824158],[73.68764763068525,18.73752709690346],[73.68764440041652,18.737526683518645],[73.68764306899372,18.73752881605201],[73.68763991331738,18.73752851720693],[73.68763851652234,18.737525930541082],[73.687635543606,18.737525550089657],[73.68763390271427,18.737527948001475],[73.68763118489848,18.73752769062941],[73.68762933758804,18.73752475588989],[73.68762672766162,18.737524421889503],[73.687624782505,18.73752708432166],[73.68762259089912,18.73752687677695],[73.68762004711346,18.737523566956348],[73.6876180627026,18.7375233130094],[73.68761574619072,18.737526228584965],[73.68761397413492,18.73752606076752],[73.68761086111108,18.737522391396272],[73.6876092642969,18.737522187045837],[73.68760660521652,18.7375253629334],[73.68760551029972,18.737525259248482],[73.68760140675606,18.7375211814877],[73.68760055561069,18.73752107257226],[73.68759753034797,18.737524503546034],[73.68759700638435,18.737524453923985],[73.6875919895529,18.737519976339097],[73.68759183843505,18.737519956999613],[73.6875884461712,18.73752357839188],[73.6873851127613,18.737499001633108],[73.68718142761072,18.737476754175763],[73.68676477081556,18.737429787749264],[73.68658855074358,18.737410525123774],[73.68618390639408,18.73736527782036],[73.6860876839691,18.737327465708074],[73.68608168458138,18.737326697947026],[73.6860777948205,18.737324050335186],[73.68598996366322,18.737292314150558],[73.68579183879335,18.73721737064039],[73.68581465103829,18.737144938176073],[73.68581465116046,18.737144922381933],[73.68583251132284,18.737088364072804],[73.68530608506791,18.736767791754],[73.6851266022605,18.736657938108653],[73.68490312239129,18.736524458409175],[73.68490289429374,18.7365196547572],[73.68490208008514,18.73651921290346],[73.68489652396082,18.736520003304637],[73.6848951721243,18.73651908316419],[73.68489540576194,18.736515590921652],[73.68489402074412,18.73651483930515],[73.68488980130954,18.736515427455057],[73.68488764235657,18.73651395792751],[73.68488822229426,18.736511692636824],[73.68488590277079,18.736510433894342],[73.68488304933584,18.73651083162839],[73.6848803218312,18.73650897512283],[73.68488085333306,18.736507693688235],[73.68487789676482,18.73650608924205],[73.68487639048249,18.73650629920199],[73.6848698162208,18.736501824341914],[73.68486953285252,18.736501550357232],[73.68486894507122,18.736501231384928],[73.68486820217647,18.736500725722593],[73.6848680108018,18.736500724378047],[73.68486088882038,18.736496859460576],[73.68486089737986,18.73649575361795],[73.6848575552736,18.736493478771756],[73.68485654110549,18.736494500065156],[73.68485329837291,18.7364927403207],[73.68485274915324,18.736490207428236],[73.68485015099856,18.736488438956542],[73.68484817835599,18.73648996182013],[73.68484593062232,18.73648874202991],[73.6848443583526,18.736484496126167],[73.68484288627198,18.736483494132465],[73.68483971912946,18.73648537121078],[73.68483873453889,18.736484836895702],[73.68483577139658,18.736478651302548],[73.68470748919582,18.736403375355913],[73.6845795840904,18.73632451923273],[73.68411866473797,18.736044155561906],[73.68372895017798,18.735806411293677],[73.68232002798189,18.734947917131628]]]]}}, {"type" : "Feature", "properties" : {"ward_id" : 5, "ward_number" : 5, "ward_name" : "Ward 5", "ward_scheme" : "ANALYTICAL_GIS_23", "source" : "CivicBrain analytical GIS units, topology-cleaned v2 (from tdmc_wards_verified.geojson; disputed areas split to nearest undisputed core)", "area_km2" : 1.504681}, "geometry" : {"type":"MultiPolygon","coordinates":[[[[73.69416338297039,18.725598166550313],[73.6943061867194,18.72547228974125],[73.69432956002709,18.725454692348492],[73.69437031723002,18.725432058830464],[73.69440532640503,18.725419734377386],[73.69575186939633,18.72507193701954],[73.69699636025778,18.724750296535603],[73.69967456534137,18.72405824166475],[73.70002742549953,18.723967303742242],[73.70071943358279,18.723788133189593],[73.70095165320369,18.72368634735659],[73.70100742657692,18.72367326943481],[73.7010623225935,18.72367447965914],[73.70115800971323,18.723693897857988],[73.70221264825743,18.725727051408846],[73.70246538065028,18.726214274008413],[73.70331975421108,18.72786135268436],[73.7041172638717,18.72939880792941],[73.7043210479224,18.72979166697684],[73.7050578202837,18.731212031652742],[73.70460448915833,18.731134155713775],[73.70460446625651,18.7311341653595],[73.7045677381921,18.73112781924669],[73.70417746713497,18.731460530732004],[73.70330138382131,18.732206731428242],[73.7027281258941,18.732695599129766],[73.7021749554403,18.733166684641844],[73.70190383422137,18.73339802132425],[73.69973663678492,18.73524466018708],[73.69814662536636,18.736599855769885],[73.69750445668045,18.73714692778376],[73.69702702809916,18.737553974585268],[73.69637785950108,18.73810706618064],[73.69633704839158,18.738119840442575],[73.69620658814618,18.738255068830636],[73.69620652697924,18.73825509743746],[73.69600168551526,18.73846725563238],[73.69461943416223,18.738314741438643],[73.69316431058928,18.73815404196635],[73.69303370091889,18.738139752776423],[73.69170956340494,18.73799348743645],[73.69158953111739,18.737980388617846],[73.69155023391853,18.737960992109326],[73.69152379765465,18.73795433844611],[73.69013039998143,18.73780996489969],[73.69003536346747,18.737800396169018],[73.69000731669517,18.737790727892545],[73.69001827186607,18.737774723606606],[73.69004299493018,18.737759285748222],[73.69004410553393,18.73775619416361],[73.6900480908655,18.737756571578352],[73.69012958603584,18.73770394248917],[73.69047980282643,18.736730423153368],[73.69088712648801,18.735599174790572],[73.69095071046554,18.735422132951747],[73.6913967495179,18.734183177656426],[73.69161114720941,18.733586922893696],[73.69189091100091,18.732810206753648],[73.6923327074381,18.73158216777802],[73.69305662132327,18.729571167637676],[73.69333572611457,18.728795062560597],[73.69348711439432,18.72837508014154],[73.69377635779699,18.72757125883927],[73.69371867509899,18.72752739682455],[73.69371863434888,18.7275273965403],[73.69350262669604,18.72736321880928],[73.6941050666727,18.726341080765422],[73.69420037638618,18.726182042158676],[73.6942027535071,18.72617275904837],[73.69420702493312,18.72616786211877],[73.69420860189477,18.726163472310464],[73.69420985187787,18.72616387033629],[73.69434728150303,18.72592995912388],[73.69431276343319,18.725873517510685],[73.69431403187629,18.725869986534548],[73.69430974763156,18.725868859459712],[73.69431106317151,18.72586434301219],[73.69416338297039,18.725598166550313]]]]}}, {"type" : "Feature", "properties" : {"ward_id" : 6, "ward_number" : 6, "ward_name" : "Ward 6", "ward_scheme" : "ANALYTICAL_GIS_23", "source" : "CivicBrain analytical GIS units, topology-cleaned v2 (from tdmc_wards_verified.geojson; disputed areas split to nearest undisputed core)", "area_km2" : 2.565612}, "geometry" : {"type":"MultiPolygon","coordinates":[[[[73.69600168551526,18.73846725563238],[73.69620652697924,18.73825509743746],[73.69620658814618,18.738255068830636],[73.69633704839158,18.738119840442575],[73.69637785950108,18.73810706618064],[73.69702702809916,18.737553974585268],[73.69750445668045,18.73714692778376],[73.69814662536636,18.736599855769885],[73.69973663678492,18.73524466018708],[73.70190383422137,18.73339802132425],[73.7021749554403,18.733166684641844],[73.7027281258941,18.732695599129766],[73.70330138382131,18.732206731428242],[73.70417746713497,18.731460530732004],[73.7045677381921,18.73112781924669],[73.70460446625651,18.7311341653595],[73.70460448915833,18.731134155713775],[73.7050578202837,18.731212031652742],[73.70554445698889,18.732150179726116],[73.70621613852357,18.733445061003316],[73.70678527880384,18.734542261135726],[73.70691289913131,18.734788290217672],[73.70784227515985,18.736579960114817],[73.70891982162797,18.738657276047146],[73.70931287878709,18.73941501956344],[73.71092135150066,18.74251586583562],[73.71104235654494,18.74274914183254],[73.71197834785933,18.74455356481414],[73.71268094362554,18.74590804318136],[73.71312725694176,18.746768455009846],[73.71453024288655,18.74947315974589],[73.7152412496573,18.750843852967773],[73.71565485691855,18.751641213441605],[73.7142740565467,18.751424795170696],[73.71283124812628,18.751198658153157],[73.71220285599597,18.751100167771842],[73.7101578747749,18.750779649843427],[73.70717279749594,18.75031178694708],[73.70584466536795,18.750103623595383],[73.70303039637717,18.74966253214937],[73.70198449051482,18.74949860322362],[73.6998742812402,18.74916786182647],[73.69792513573962,18.748862364606598],[73.69805119845245,18.748736355807125],[73.69805122564749,18.74873630492453],[73.69810146474111,18.74868627556084],[73.69791102264217,18.747553668168255],[73.69774910439388,18.746591751858023],[73.69692846123529,18.741712777682007],[73.69645379580247,18.73889024173889],[73.69629959019537,18.7387465746652],[73.69629627040891,18.738739187713865],[73.69629161065592,18.73873852580428],[73.6962908397804,18.738734145829337],[73.69628786429372,18.738734597021672],[73.69600168551526,18.73846725563238]]]]}}, {"type" : "Feature", "properties" : {"ward_id" : 7, "ward_number" : 7, "ward_name" : "Ward 7", "ward_scheme" : "ANALYTICAL_GIS_23", "source" : "CivicBrain analytical GIS units, topology-cleaned v2 (from tdmc_wards_verified.geojson; disputed areas split to nearest undisputed core)", "area_km2" : 0.315648}, "geometry" : {"type":"MultiPolygon","coordinates":[[[[73.70355604470451,18.72232189768377],[73.70346257109205,18.7222598667375],[73.70338405694794,18.722215202067584],[73.70333098405779,18.72218977453656],[73.70324451280779,18.722158891634244],[73.70318482543877,18.722147547188484],[73.70313343254976,18.722146747798504],[73.7029849902979,18.72216544348786],[73.70296721256693,18.72216484257584],[73.70209627255431,18.72201776725377],[73.70149572641596,18.72191543728964],[73.70144744434714,18.721908691845467],[73.70132862813293,18.72188588630735],[73.70131423365807,18.72188738240039],[73.70131364930013,18.721887266563307],[73.70131142162681,18.72188301138027],[73.70131074125301,18.721882915922556],[73.70130591193357,18.721885732805024],[73.70130456332058,18.721885465474063],[73.70130307335668,18.721881840044155],[73.7013016225735,18.72188163648642],[73.70129756130909,18.72188407747883],[73.70129560169175,18.721883689020533],[73.70129469302853,18.721880664211337],[73.70129252623252,18.72188036018662],[73.70128930109735,18.72188244007424],[73.70128664309318,18.72188191318397],[73.70128616333271,18.721879467408883],[73.7012835444352,18.721879099960624],[73.70128087405628,18.72188076959708],[73.70127783176098,18.721880166524546],[73.70127763415798,18.72187827069099],[73.70127445591964,18.721877824753378],[73.70127260174324,18.72187912978558],[73.70126905877942,18.721878427476963],[73.70126905086158,18.72187706637762],[73.70126537648925,18.721876550828572],[73.70126423317525,18.72187747089981],[73.70126035665666,18.72187670246539],[73.70126040715317,18.721875853584788],[73.70125641061735,18.72187529282615],[73.70125585892586,18.721875810889948],[73.70125374765834,18.721875392382906],[73.70125376331863,18.72187492138539],[73.70124954118207,18.72187432898122],[73.7012494878335,18.72187454796265],[73.70124415135315,18.721873490126402],[73.70124353194555,18.72187348583168],[73.70123715995184,18.721872591778407],[73.70123332402473,18.72187134385318],[73.70123128973304,18.721870940599416],[73.70121375992585,18.721869308533133],[73.70121334067835,18.721869249710792],[73.7012048928344,18.72186806440591],[73.70120472930373,18.721868041458876],[73.70104785917381,18.721839920902905],[73.70061514052976,18.721767416150087],[73.70047909726162,18.721743932881303],[73.70009453578828,18.7216792257056],[73.70006772998609,18.721669797912956],[73.70000225729329,18.721627924471],[73.69998314760346,18.72159253817579],[73.69992034034418,18.721428874767913],[73.70131939593556,18.71973436834677],[73.70185603536584,18.719084196610318],[73.70185792919048,18.719081213469835],[73.701877245723,18.719064435403588],[73.70191411711627,18.71905007267344],[73.70220338002513,18.71901033913972],[73.70301335913649,18.717892416951273],[73.70320369436675,18.717628459477044],[73.70320632098007,18.717625731069287],[73.70320691669448,18.717625171637675],[73.70320710454163,18.71762481581281],[73.70320812124018,18.717623861037676],[73.70320964187825,18.717622281470017],[73.70320883287559,18.717621541984613],[73.70320969437238,18.7176199101258],[73.70326911401779,18.717539788562434],[73.70345793092847,18.71727848478293],[73.70348024350719,18.7172553235246],[73.70351259952187,18.717257126483283],[73.70498740880141,18.71752769538392],[73.70516060776099,18.71755965754024],[73.70735600016664,18.71796237097729],[73.70936199722627,18.718330595862472],[73.70988856508109,18.7184270638428],[73.7099344195813,18.718429056053207],[73.71000196750683,18.718416251223328],[73.71021195057821,18.718346662246667],[73.71026444713307,18.7183320313013],[73.71033302548507,18.718319054544956],[73.71038453812122,18.718313029632135],[73.70994970267107,18.7188311502015],[73.7063115854226,18.720817454242393],[73.70444995451615,18.72183384945011],[73.70355604470451,18.72232189768377]]]]}}, {"type" : "Feature", "properties" : {"ward_id" : 8, "ward_number" : 8, "ward_name" : "Ward 8", "ward_scheme" : "ANALYTICAL_GIS_23", "source" : "CivicBrain analytical GIS units, topology-cleaned v2 (from tdmc_wards_verified.geojson; disputed areas split to nearest undisputed core)", "area_km2" : 0.876764}, "geometry" : {"type":"MultiPolygon","coordinates":[[[[73.70530288555807,18.714711985099896],[73.70540219560658,18.714636938022583],[73.70540226403135,18.71463692386586],[73.70563413524069,18.714461569137068],[73.7058193521432,18.713233695480657],[73.70604063382754,18.71176877626591],[73.70607147226741,18.711576703586264],[73.70607152339966,18.711576106299184],[73.70606865375741,18.711571270051298],[73.7060687647709,18.711570759355176],[73.7060721073362,18.711569285094438],[73.70607232334443,18.711566761875083],[73.70607002093293,18.711564980527328],[73.70607048178137,18.711562860419225],[73.70607274279025,18.71156186206912],[73.70607303147402,18.71155848993794],[73.7060715625151,18.711557888607068],[73.70607218407105,18.71155502920674],[73.70607337544394,18.711554471834617],[73.70607392963531,18.711547998116394],[73.70607393750883,18.711546962730473],[73.70607413404512,18.711546058586638],[73.70607413778623,18.711545566622686],[73.70607444359162,18.711541994333086],[73.70607500932918,18.711542031953023],[73.70607585618451,18.71153813606558],[73.70607485149431,18.71153722948322],[73.7060751181875,18.71153411415138],[73.70607676938057,18.71153393498932],[73.70607751995225,18.71153048210166],[73.70607557904381,18.711528730719806],[73.70607576029116,18.711526613497405],[73.70607861604468,18.711525439651666],[73.70607916431204,18.71152291739807],[73.70607629320934,18.711520388270227],[73.70607633504757,18.71151989955124],[73.70608068334055,18.711515929264465],[73.70608081246489,18.71151533523575],[73.70610305345453,18.711356613170185],[73.70622145277727,18.710569771090086],[73.70626779873342,18.710498857818123],[73.70628260693141,18.710480977575525],[73.7067900879569,18.7101046150825],[73.70768511542164,18.709439936565158],[73.70816634947543,18.70908297135336],[73.70837508571223,18.70892765063881],[73.7087852066594,18.708623561322337],[73.70910190367854,18.708388087154233],[73.70936768459202,18.708191162652795],[73.71024842891667,18.707537268908666],[73.71033704901745,18.70747122798999],[73.7113334545076,18.70673173623626],[73.71205869695936,18.706193108970954],[73.71249844359656,18.705866995812386],[73.71344644523104,18.705162952231603],[73.71347652530292,18.705147953030835],[73.71347652530085,18.707041548156152],[73.71331704030324,18.711120059813165],[73.71326126218636,18.71254647449309],[73.71316533506663,18.71499961967754],[73.71225517573312,18.716084104118476],[73.71127378659816,18.717253461156215],[73.71038453812122,18.718313029632135],[73.71033302548507,18.718319054544956],[73.71026444713307,18.7183320313013],[73.71021195057821,18.718346662246667],[73.71000196750683,18.718416251223328],[73.7099344195813,18.718429056053207],[73.70988856508109,18.7184270638428],[73.70936199722627,18.718330595862472],[73.70735600016664,18.71796237097729],[73.70516060776099,18.71755965754024],[73.70498740880141,18.71752769538392],[73.70351259952187,18.717257126483283],[73.70348024350719,18.7172553235246],[73.70346886229358,18.717214111495544],[73.70347607885341,18.71717807795224],[73.70353860662779,18.717081724423956],[73.7035512706166,18.717036006394004],[73.70354609453385,18.71698955344069],[73.70353093238839,18.716941863865795],[73.7042044562713,18.71615423883329],[73.70508658106151,18.715123275150805],[73.7051811128734,18.71501182693272],[73.70536393318987,18.714799094517687],[73.70536758622086,18.714794398991636],[73.70536758726728,18.71479426148722],[73.70536791292717,18.714793979045393],[73.70536816130293,18.714793598868056],[73.70530288555807,18.714711985099896]]]]}}, {"type" : "Feature", "properties" : {"ward_id" : 9, "ward_number" : 9, "ward_name" : "Ward 9", "ward_scheme" : "ANALYTICAL_GIS_23", "source" : "CivicBrain analytical GIS units, topology-cleaned v2 (from tdmc_wards_verified.geojson; disputed areas split to nearest undisputed core)", "area_km2" : 0.051717}, "geometry" : {"type":"MultiPolygon","coordinates":[[[[73.70353093238839,18.716941863865795],[73.70354609453385,18.71698955344069],[73.7035512706166,18.717036006394004],[73.70353860662779,18.717081724423956],[73.70347607885341,18.71717807795224],[73.70346886229358,18.717214111495544],[73.70348024350719,18.7172553235246],[73.70345793092847,18.71727848478293],[73.70326911401779,18.717539788562434],[73.70320969437238,18.7176199101258],[73.70320883287559,18.717621541984613],[73.70320964187825,18.717622281470017],[73.70320812124018,18.717623861037676],[73.70320710454163,18.71762481581281],[73.70320691669448,18.717625171637675],[73.70320632098007,18.717625731069287],[73.70320369436675,18.717628459477044],[73.70301335913649,18.717892416951273],[73.70220338002513,18.71901033913972],[73.70191411711627,18.71905007267344],[73.701877245723,18.719064435403588],[73.70185792919048,18.719081213469835],[73.70182812833303,18.71905521672187],[73.70169416244585,18.718980718359674],[73.70168920175044,18.718980158341395],[73.70154806897939,18.71889953272759],[73.70153247011866,18.718894387805378],[73.70153230331842,18.718894291643675],[73.70153275054199,18.71889121173345],[73.70153201194219,18.71889082310384],[73.70152558426882,18.71889041812065],[73.70152468333407,18.718889898733902],[73.70152515627093,18.718887215858555],[73.70152337502103,18.71888627861304],[73.70151881947366,18.718886518220216],[73.7015169630491,18.71888544799336],[73.70151747113472,18.718883172157977],[73.70151516845588,18.718881960558544],[73.70151169196907,18.718882409213098],[73.70150932005585,18.7188810418031],[73.70150983118603,18.718879152246117],[73.7015069861472,18.718877655268162],[73.70150451398852,18.71887827111202],[73.70150168680694,18.718876641237294],[73.70150216547991,18.718875118772957],[73.70149895433393,18.718873429164802],[73.70149725886823,18.71887408853344],[73.70149404881857,18.71887223794559],[73.70149447770946,18.718871073697827],[73.70149091884679,18.718869201129024],[73.70148985350917,18.718869819341336],[73.7014864388259,18.71886785077829],[73.70148678672794,18.718867026928457],[73.70148309371116,18.718865083770332],[73.70148249947647,18.71886557974556],[73.70147885859434,18.718863480777753],[73.70147910016729,18.718862982484602],[73.70147524389483,18.71886095342706],[73.70147498170313,18.718861245752933],[73.70147125829922,18.718859099207187],[73.70147136474553,18.718858912328404],[73.70146856624525,18.718857439844054],[73.70146837769612,18.71885743853714],[73.70146441149454,18.718855152019803],[73.70146421559613,18.718855150661938],[73.70145722262828,18.718851471167785],[73.70145722615167,18.718851009673244],[73.70145400733149,18.71884915401796],[73.70145368007877,18.718849607187263],[73.7014500058121,18.71884767389037],[73.7014500973,18.718846899886525],[73.70144641930263,18.718844779525416],[73.70144585475606,18.718845489735443],[73.70144251492593,18.71884373241241],[73.7014422771334,18.718842391568487],[73.70143887049574,18.718840427641695],[73.70143805431317,18.718841385368357],[73.70143546839368,18.71884002473307],[73.70143396712288,18.718837600846978],[73.70143135999496,18.71883609783637],[73.70143026415676,18.71883728642165],[73.70142929674998,18.718836777398955],[73.70142450801796,18.71883214767504],[73.70142379946203,18.718831739193124],[73.70137708174103,18.718808768775848],[73.70125150701578,18.718736753933946],[73.70121558357519,18.718719072105507],[73.70111801136572,18.718663784921837],[73.7007920743377,18.718485104937237],[73.70022472335064,18.718171864062736],[73.69989830745186,18.717992354485926],[73.69952248836854,18.71778513621071],[73.69921053961535,18.717604868078944],[73.69918549312843,18.717581042163932],[73.6992177865374,18.717552745611012],[73.69923519388414,18.717547989146233],[73.69935556798019,18.71753434616667],[73.69987487656896,18.7174733374689],[73.70061829882141,18.71738711312657],[73.70112749737571,18.717327278292462],[73.70144828126219,18.7172902506797],[73.70173159989535,18.717256828307274],[73.70183592898486,18.717245162667002],[73.70230020976186,18.717190520322465],[73.70244032872462,18.71717468782594],[73.70286879481269,18.717124210568155],[73.70323419813072,18.717082029926747],[73.70326908870784,18.717068319446927],[73.70349418627289,18.7169558540737],[73.70353093238839,18.716941863865795]]]]}}, {"type" : "Feature", "properties" : {"ward_id" : 10, "ward_number" : 10, "ward_name" : "Ward 10", "ward_scheme" : "ANALYTICAL_GIS_23", "source" : "CivicBrain analytical GIS units, topology-cleaned v2 (from tdmc_wards_verified.geojson; disputed areas split to nearest undisputed core)", "area_km2" : 0.164001}, "geometry" : {"type":"MultiPolygon","coordinates":[[[[73.69720263823449,18.716458332490237],[73.69723512502442,18.71651048324414],[73.69723514870022,18.716510581585915],[73.69725770464358,18.716547246380863],[73.69745839086028,18.7166397923857],[73.69745861195082,18.71663992034675],[73.69745820480969,18.71664224919886],[73.69746441680195,18.71664328014805],[73.69747103495901,18.716647110691106],[73.69747122634075,18.71664711202161],[73.69747618263486,18.716648937540374],[73.69772877204501,18.71676808429057],[73.69887433721166,18.717305137591346],[73.69890927750524,18.717479554148294],[73.69890928638692,18.71747957825503],[73.69891874204961,18.717526099724886],[73.69902898048345,18.717548894433126],[73.6990308730706,18.71754890757536],[73.69903103720462,18.71755002770926],[73.69903377525613,18.717551612470242],[73.6990463431643,18.717551686982905],[73.69918549312843,18.717581042163932],[73.69921053961535,18.717604868078944],[73.69952248836854,18.71778513621071],[73.69989830745186,18.717992354485926],[73.70022472335064,18.718171864062736],[73.7007920743377,18.718485104937237],[73.70111801136572,18.718663784921837],[73.70121558357519,18.718719072105507],[73.70125150701578,18.718736753933946],[73.70137708174103,18.718808768775848],[73.70142379946203,18.718831739193124],[73.70142450801796,18.71883214767504],[73.70142929674998,18.718836777398955],[73.70143026415676,18.71883728642165],[73.70143135999496,18.71883609783637],[73.70143396712288,18.718837600846978],[73.70143546839368,18.71884002473307],[73.70143805431317,18.718841385368357],[73.70143887049574,18.718840427641695],[73.7014422771334,18.718842391568487],[73.70144251492593,18.71884373241241],[73.70144585475606,18.718845489735443],[73.70144641930263,18.718844779525416],[73.7014500973,18.718846899886525],[73.7014500058121,18.71884767389037],[73.70145368007877,18.718849607187263],[73.70145400733149,18.71884915401796],[73.70145722615167,18.718851009673244],[73.70145722262828,18.718851471167785],[73.70146421559613,18.718855150661938],[73.70146441149454,18.718855152019803],[73.70146837769612,18.71885743853714],[73.70146856624525,18.718857439844054],[73.70147136474553,18.718858912328404],[73.70147125829922,18.718859099207187],[73.70147498170313,18.718861245752933],[73.70147524389483,18.71886095342706],[73.70147910016729,18.718862982484602],[73.70147885859434,18.718863480777753],[73.70148249947647,18.71886557974556],[73.70148309371116,18.718865083770332],[73.70148678672794,18.718867026928457],[73.7014864388259,18.71886785077829],[73.70148985350917,18.718869819341336],[73.70149091884679,18.718869201129024],[73.70149447770946,18.718871073697827],[73.70149404881857,18.71887223794559],[73.70149725886823,18.71887408853344],[73.70149895433393,18.718873429164802],[73.70150216547991,18.718875118772957],[73.70150168680694,18.718876641237294],[73.70150451398852,18.71887827111202],[73.7015069861472,18.718877655268162],[73.70150983118603,18.718879152246117],[73.70150932005585,18.7188810418031],[73.70151169196907,18.718882409213098],[73.70151516845588,18.718881960558544],[73.70151747113472,18.718883172157977],[73.7015169630491,18.71888544799336],[73.70151881947366,18.718886518220216],[73.70152337502103,18.71888627861304],[73.70152515627093,18.718887215858555],[73.70152468333407,18.718889898733902],[73.70152558426882,18.71889041812065],[73.70153201194219,18.71889082310384],[73.70153275054199,18.71889121173345],[73.70153230331842,18.718894291643675],[73.70153247011866,18.718894387805378],[73.70154806897939,18.71889953272759],[73.70168920175044,18.718980158341395],[73.70169416244585,18.718980718359674],[73.70182812833303,18.71905521672187],[73.70185792919048,18.719081213469835],[73.70185603536584,18.719084196610318],[73.70131939593556,18.71973436834677],[73.69992034034418,18.721428874767913],[73.69985114898903,18.721447931292992],[73.69950832090139,18.721563957973082],[73.699473045607,18.721570992159887],[73.69943283699041,18.72154006906117],[73.69927007896457,18.721500187869353],[73.69910925969612,18.721462131090636],[73.69899891015542,18.721434468807193],[73.69888973356531,18.721411020584043],[73.69888965780456,18.721410999057923],[73.69888747375921,18.72140633084156],[73.6988873770407,18.72140631167287],[73.69888177992574,18.721408760738722],[73.69888046986839,18.721408388523553],[73.69887941964973,18.72140473429754],[73.69887813639235,18.72140447991845],[73.69887367193543,18.721406457044075],[73.69887150976369,18.72140584271552],[73.69887110702166,18.72140308650293],[73.69886902593633,18.721402673971387],[73.69886552203377,18.72140414143755],[73.69886274081186,18.72140335121347],[73.6988627049382,18.721401420972235],[73.69885995139725,18.72140087514081],[73.69885746523876,18.7214018522845],[73.69885412190553,18.721400902346403],[73.69885424660778,18.721399744297504],[73.69885077463826,18.721399056054686],[73.69884941246579,18.7213995642705],[73.69884555324793,18.72139846776165],[73.69884564266016,18.72139803875264],[73.69884161732928,18.721397240817065],[73.6988412253753,18.721397238094443],[73.69884035255593,18.721396990099233],[73.69883639316865,18.721396205235994],[73.69883646294305,18.721395884957435],[73.69883251598446,18.72139476352272],[73.69883217913551,18.721395369899284],[73.6988295483914,18.72139484841425],[73.69882952753278,18.721393914416232],[73.69882576411855,18.72139284512955],[73.69882513704852,18.721393973963032],[73.69882125672923,18.72139320477514],[73.69882093212411,18.721391472225935],[73.69881765515522,18.721390541154722],[73.69881628330387,18.72139221890784],[73.6988129750004,18.721391563111286],[73.69881224395,18.721389003674147],[73.69880974447973,18.721388293514455],[73.69880721847197,18.72139042200363],[73.69880471698269,18.721389926138873],[73.6988035376355,18.721386529980915],[73.69880206179646,18.721386110647014],[73.69879780889491,18.72138855676784],[73.69879646421104,18.721388290214584],[73.69879474058075,18.72138403049145],[73.69879424102925,18.721383888561245],[73.69878817717535,18.721386562588588],[73.69867141729117,18.72135566714785],[73.69862213258496,18.721344980431745],[73.69846095622474,18.721305352190562],[73.69784328157864,18.721157113070372],[73.69738311353095,18.721046143979063],[73.69731488914154,18.721041139302756],[73.69732303264215,18.72100216652669],[73.69733218202106,18.720981620876252],[73.69736739197934,18.720922433237956],[73.69736741583303,18.720922344994733],[73.69743107172377,18.720814692448872],[73.6973799527591,18.720050575115874],[73.69732289821567,18.71920274751836],[73.69726620359206,18.718353405059915],[73.69722480139473,18.717739367576655],[73.69717243865153,18.716954293181093],[73.69714139229036,18.716493958847696],[73.69717382422773,18.716475087455457],[73.69717384327683,18.71647507544341],[73.69720263823449,18.716458332490237]]]]}}, {"type" : "Feature", "properties" : {"ward_id" : 11, "ward_number" : 11, "ward_name" : "Ward 11", "ward_scheme" : "ANALYTICAL_GIS_23", "source" : "CivicBrain analytical GIS units, topology-cleaned v2 (from tdmc_wards_verified.geojson; disputed areas split to nearest undisputed core)", "area_km2" : 0.342973}, "geometry" : {"type":"MultiPolygon","coordinates":[[[[73.68999755935279,18.724695373949505],[73.68999167952876,18.724655953598045],[73.68999167804377,18.724655938316705],[73.68998753034738,18.72462960844708],[73.69042601801952,18.724414726895365],[73.69050384768192,18.72437725002143],[73.69096775368375,18.724150163339022],[73.69116475242555,18.72405265879818],[73.69126877889332,18.724002925951037],[73.69135965693539,18.723956999759288],[73.69144793185204,18.723915526606834],[73.69152185953439,18.72387709635757],[73.69159447631088,18.723844602951843],[73.69159480852856,18.723844434780062],[73.69159462006786,18.723840899013712],[73.691595187648,18.723840630242982],[73.69160222727233,18.723840679419954],[73.69160298398292,18.723840296371968],[73.6916027292301,18.723837058992466],[73.69160355564317,18.72383666764833],[73.6916100627493,18.72383671310499],[73.69161112034463,18.72383617775048],[73.69161078119615,18.72383324604999],[73.69161218401281,18.723832581758753],[73.69161783344664,18.723832779580846],[73.69161928291668,18.72383204585701],[73.69161890671975,18.723829398280913],[73.69162029165133,18.723828742457986],[73.69162573371167,18.72382878047407],[73.69162736178168,18.723827956344923],[73.69162691606178,18.723825605533744],[73.69162835453412,18.723824924359075],[73.69163366241496,18.723824766963297],[73.69163542514653,18.72382387467593],[73.69163493725391,18.723821807167237],[73.69163617181424,18.723821222555216],[73.69164201769564,18.723820537533218],[73.69164333182783,18.72381987231501],[73.69164285900735,18.72381805588847],[73.69164463046042,18.723817217038],[73.69164941050292,18.723816795291032],[73.6916512766013,18.723815850674807],[73.69165080833505,18.72381429156413],[73.69165278404267,18.72381335598156],[73.69165710037667,18.723812902685168],[73.69165920699805,18.72381183631629],[73.69165876899888,18.723810521860827],[73.69166088445496,18.72380952010733],[73.69166477381721,18.723809018403855],[73.69166713356704,18.72380782390054],[73.69166673220376,18.72380675095505],[73.69166951655315,18.72380543245185],[73.69167224846393,18.723805234741775],[73.69167506203988,18.723803810512795],[73.69167472191695,18.72380296749322],[73.69167767654021,18.72380156835769],[73.69167993155791,18.723801345566436],[73.69168297047116,18.723799807267746],[73.6916827012262,18.72379918896434],[73.69168576000875,18.723797740505457],[73.69168760648272,18.72379746052643],[73.69169087423693,18.72379580638431],[73.69169068416161,18.72379540871646],[73.69169405546043,18.723793812260947],[73.69169544899168,18.723793490651385],[73.69170264208914,18.723789849508094],[73.69170286419879,18.723789640961893],[73.691708839359,18.723786811478824],[73.69170906819375,18.7237865966182],[73.69171210670662,18.723785058524033],[73.69171220096776,18.723785219617895],[73.69171607781475,18.723783383776585],[73.69171599770834,18.72378308890318],[73.69171914141602,18.72378149755317],[73.69171935410075,18.72378183232522],[73.69172321281522,18.72378000505882],[73.69172304737477,18.723779520355972],[73.69172616320547,18.72377794312424],[73.69172652240583,18.723778437837076],[73.69173032543775,18.723776636937387],[73.69173009240416,18.723775954170645],[73.69173401579509,18.72377396815829],[73.69173455085615,18.72377463603784],[73.69173833088198,18.72377284603744],[73.69173808658637,18.723771907525457],[73.69174192231002,18.723769965882134],[73.69174264409762,18.72377080355252],[73.69174625032753,18.723769095858387],[73.69174606666803,18.723767868010277],[73.69174972340112,18.723766016986275],[73.6917506564231,18.723767009392873],[73.6917541045721,18.723765376542577],[73.69175403137325,18.723763836284846],[73.69175759636417,18.72376203169781],[73.69175871914801,18.723763191359197],[73.69176195229615,18.723761660325433],[73.69176208083186,18.723759761660443],[73.691765468251,18.723758046952668],[73.69176678411888,18.72375937226554],[73.69176968670385,18.7237579977678],[73.69177025030883,18.723755626275082],[73.69177327823353,18.72375409354562],[73.69177478849556,18.723755581862502],[73.69177747361455,18.723754310338805],[73.69177849841732,18.723751451092497],[73.69178116882799,18.7237500993251],[73.69178289822112,18.723751741565838],[73.6917848854826,18.723750800514342],[73.69178707480116,18.72374710973393],[73.69178899554724,18.723746137449982],[73.69179094602933,18.723747930601128],[73.6917918947334,18.723747481348713],[73.6917960330241,18.7237425750767],[73.69179686327215,18.72374215480688],[73.69179901669081,18.723744108807825],[73.69179945507773,18.723743901211876],[73.6918947147609,18.723694947487203],[73.69211528936867,18.723587916182428],[73.6922447754844,18.72352420463814],[73.69318707278788,18.723062994168053],[73.69344087284261,18.72293827725972],[73.69373095276346,18.72279660458266],[73.69402669690508,18.722651410941214],[73.69438067494762,18.722478380769942],[73.69463696198196,18.72235253820702],[73.69499006493129,18.722179896402295],[73.69562965764602,18.721866422269056],[73.69616761317307,18.721603109005134],[73.69731488914154,18.721041139302756],[73.69738311353095,18.721046143979063],[73.69784328157864,18.721157113070372],[73.69846095622474,18.721305352190562],[73.69862213258496,18.721344980431745],[73.69867141729117,18.72135566714785],[73.69878817717535,18.721386562588588],[73.69879424102925,18.721383888561245],[73.69879474058075,18.72138403049145],[73.69879646421104,18.721388290214584],[73.69879780889491,18.72138855676784],[73.69880206179646,18.721386110647014],[73.6988035376355,18.721386529980915],[73.69880471698269,18.721389926138873],[73.69880721847197,18.72139042200363],[73.69880974447973,18.721388293514455],[73.69881224395,18.721389003674147],[73.6988129750004,18.721391563111286],[73.69881628330387,18.72139221890784],[73.69881765515522,18.721390541154722],[73.69882093212411,18.721391472225935],[73.69882125672923,18.72139320477514],[73.69882513704852,18.721393973963032],[73.69882576411855,18.72139284512955],[73.69882952753278,18.721393914416232],[73.6988295483914,18.72139484841425],[73.69883217913551,18.721395369899284],[73.69883251598446,18.72139476352272],[73.69883646294305,18.721395884957435],[73.69883639316865,18.721396205235994],[73.69884035255593,18.721396990099233],[73.6988412253753,18.721397238094443],[73.69884161732928,18.721397240817065],[73.69884564266016,18.72139803875264],[73.69884555324793,18.72139846776165],[73.69884941246579,18.7213995642705],[73.69885077463826,18.721399056054686],[73.69885424660778,18.721399744297504],[73.69885412190553,18.721400902346403],[73.69885746523876,18.7214018522845],[73.69885995139725,18.72140087514081],[73.6988627049382,18.721401420972235],[73.69886274081186,18.72140335121347],[73.69886552203377,18.72140414143755],[73.69886902593633,18.721402673971387],[73.69887110702166,18.72140308650293],[73.69887150976369,18.72140584271552],[73.69887367193543,18.721406457044075],[73.69887813639235,18.72140447991845],[73.69887941964973,18.72140473429754],[73.69888046986839,18.721408388523553],[73.69888177992574,18.721408760738722],[73.6988873770407,18.72140631167287],[73.69888747375921,18.72140633084156],[73.69888965780456,18.721410999057923],[73.69888973356531,18.721411020584043],[73.69899891015542,18.721434468807193],[73.69910925969612,18.721462131090636],[73.69927007896457,18.721500187869353],[73.69943283699041,18.72154006906117],[73.699473045607,18.721570992159887],[73.69950832090139,18.721563957973082],[73.69985114898903,18.721447931292992],[73.69992034034418,18.721428874767913],[73.69998314760346,18.72159253817579],[73.70000225729329,18.721627924471],[73.70006772998609,18.721669797912956],[73.70009453578828,18.7216792257056],[73.70047909726162,18.721743932881303],[73.70061514052976,18.721767416150087],[73.70104785917381,18.721839920902905],[73.70120472930373,18.721868041458876],[73.7012048928344,18.72186806440591],[73.7012126269676,18.72186914957581],[73.70121334067835,18.721869249710792],[73.70121375992585,18.721869308533133],[73.70123128973304,18.721870940599416],[73.70123332402473,18.72187134385318],[73.70123715995184,18.721872591778407],[73.70124353194555,18.72187348583168],[73.70124415135315,18.721873490126402],[73.7012494878335,18.72187454796265],[73.70124954118207,18.72187432898122],[73.70125376331863,18.72187492138539],[73.70125374765834,18.721875392382906],[73.70125585892586,18.721875810889948],[73.70125641061735,18.72187529282615],[73.70126040715317,18.721875853584788],[73.70126035665666,18.72187670246539],[73.70126423317525,18.72187747089981],[73.70126537648925,18.721876550828572],[73.70126905086158,18.72187706637762],[73.70126905877942,18.721878427476963],[73.70127260174324,18.72187912978558],[73.70127445591964,18.721877824753378],[73.70127763415798,18.72187827069099],[73.70127783176098,18.721880166524546],[73.70128087405628,18.72188076959708],[73.7012835444352,18.721879099960624],[73.70128616333271,18.721879467408883],[73.70128664309318,18.72188191318397],[73.70128930109735,18.72188244007424],[73.70129252623252,18.72188036018662],[73.70129469302853,18.721880664211337],[73.70129560169175,18.721883689020533],[73.70129756130909,18.72188407747883],[73.7013016225735,18.72188163648642],[73.70130307335668,18.721881840044155],[73.70130456332058,18.721885465474063],[73.70130591193357,18.721885732805024],[73.70131074125301,18.721882915922556],[73.70131142162681,18.72188301138027],[73.70131364930013,18.721887266563307],[73.70131423365807,18.72188738240039],[73.70132862813293,18.72188588630735],[73.70144744434714,18.721908691845467],[73.70149572641596,18.72191543728964],[73.70209627255431,18.72201776725377],[73.70296721256693,18.72216484257584],[73.7029849902979,18.72216544348786],[73.70313343254976,18.722146747798504],[73.70318482543877,18.722147547188484],[73.70324451280779,18.722158891634244],[73.70333098405779,18.72218977453656],[73.70338405694794,18.722215202067584],[73.70346257109205,18.7222598667375],[73.70355604470451,18.72232189768377],[73.70113264610531,18.72364500138136],[73.70115800971323,18.723693897857988],[73.7010623225935,18.72367447965914],[73.70100742657692,18.72367326943481],[73.70095165320369,18.72368634735659],[73.70071943358279,18.723788133189593],[73.70002742549953,18.723967303742242],[73.69967456534137,18.72405824166475],[73.69699636025778,18.724750296535603],[73.69575186939633,18.72507193701954],[73.69440532640503,18.725419734377386],[73.69437031723002,18.725432058830464],[73.69432956002709,18.725454692348492],[73.6943061867194,18.72547228974125],[73.69416338297039,18.725598166550313],[73.69406999648494,18.72559690680996],[73.69399792502666,18.725586745230427],[73.69297291041,18.725358271315656],[73.69093009403629,18.724903245242178],[73.68999755935279,18.724695373949505]]]]}}, {"type" : "Feature", "properties" : {"ward_id" : 12, "ward_number" : 12, "ward_name" : "Ward 12", "ward_scheme" : "ANALYTICAL_GIS_23", "source" : "CivicBrain analytical GIS units, topology-cleaned v2 (from tdmc_wards_verified.geojson; disputed areas split to nearest undisputed core)", "area_km2" : 0.436393}, "geometry" : {"type":"MultiPolygon","coordinates":[[[[73.67900518304015,18.733243515945922],[73.67905320236281,18.73322052491325],[73.67909255805422,18.73321496098348],[73.67909261365189,18.733214979095397],[73.67911286373688,18.733208588561737],[73.67924866625155,18.73306969005682],[73.67931050804009,18.73300893615696],[73.67938867016014,18.732928176582796],[73.67950815041716,18.73280928219919],[73.67961778904075,18.732696503634607],[73.67964842304083,18.732667505209474],[73.67972592626137,18.732587182788606],[73.67975042431237,18.732564470332548],[73.67982772510244,18.732484280991468],[73.6800250564467,18.732284781697217],[73.68004369511017,18.732268186672968],[73.6801077558487,18.732201180212083],[73.68022222958045,18.732087841508676],[73.68027320371782,18.7320339340625],[73.68029872939508,18.732010483043116],[73.68037502454548,18.731931027734255],[73.68040712915285,18.731900993901903],[73.68045778373384,18.731847390268545],[73.68050911665148,18.73179792532993],[73.68053418148159,18.731770189384374],[73.68066844910621,18.731636881270205],[73.6806677929107,18.73163505736781],[73.68074499362247,18.731559610163384],[73.68075053591664,18.731551493988803],[73.68085337236073,18.731450090678894],[73.68087784516051,18.731422830295475],[73.68106332956431,18.7312371043776],[73.68106509385075,18.731235309752904],[73.6810674588705,18.73123198336087],[73.68107179302895,18.731227631488444],[73.6810731927737,18.73122707156357],[73.68107577562266,18.731224444296657],[73.68107537948954,18.731224030348596],[73.6810783429433,18.73122105477611],[73.68107910258463,18.73122106012724],[73.68108201873561,18.731218093835807],[73.68108165715714,18.731217727010115],[73.68108476132197,18.731214610147347],[73.68108530150377,18.73121475460741],[73.68108825877006,18.731211746488544],[73.68108793810285,18.731211420378266],[73.68109102780538,18.731208318033794],[73.68109146740376,18.731208482685663],[73.6810944529756,18.731205445769447],[73.68109417272743,18.73120516025364],[73.6810973327519,18.73120198729987],[73.68109768497253,18.7312021582036],[73.68110071668791,18.73119907435386],[73.68110047510244,18.731198832103857],[73.68110363446714,18.731195659813984],[73.6811039061544,18.731195830032938],[73.68110693504941,18.73119274906379],[73.68110673233205,18.73119254927682],[73.68110992360289,18.731189344952938],[73.68111013849169,18.73118949052812],[73.68111319858882,18.731186377809152],[73.68111303561416,18.731186220220298],[73.6811158406147,18.73118340374888],[73.68111601047299,18.73118351757049],[73.68111904891761,18.73118042687332],[73.68111892374941,18.731180308008145],[73.6811217257962,18.731177494497707],[73.68112185912864,18.731177568339618],[73.68112489867244,18.73117447652058],[73.6811248121328,18.73117439554451],[73.68112618730028,18.73117301474836],[73.68112811264851,18.73117120727877],[73.68113770687413,18.731161448065752],[73.68114775333298,18.731151360523665],[73.68114775436288,18.73115122780063],[73.68115336501303,18.731145520675287],[73.68115351936513,18.73114557090951],[73.68115626513017,18.731142813901947],[73.68115614254853,18.731142695371275],[73.68115905535093,18.73113973248858],[73.68115923183093,18.731139835070785],[73.68116196967168,18.731137086031303],[73.68116180789762,18.731136932607523],[73.68116470692468,18.731133983723907],[73.68116491564933,18.731134128008634],[73.68116767292237,18.7311313594616],[73.68116747498622,18.7311311680667],[73.68117039441304,18.73112819843537],[73.68117065149444,18.73112836870496],[73.68117339715371,18.73112561181383],[73.68117316663285,18.73112537854234],[73.681176057639,18.731122437824826],[73.68117635728714,18.73112263957759],[73.68117909871185,18.73111988693058],[73.68117883519284,18.731119612502475],[73.68118174354926,18.731116654142223],[73.68118207893708,18.731116894522756],[73.6811852426478,18.73111371787041],[73.68118493876739,18.731113403977783],[73.68118782740241,18.731110465665008],[73.68118823957161,18.731110708691748],[73.68119140584372,18.731107529473025],[73.6811910647204,18.731107172677035],[73.6811939044488,18.731104284106408],[73.68119440855975,18.73110451447969],[73.68119750195748,18.731101408427374],[73.68119712075465,18.731101012503174],[73.68119994108658,18.73109814366606],[73.68120060347977,18.731098294227493],[73.68120366487533,18.731095220307676],[73.68120324647738,18.731094781426254],[73.6812058092951,18.73109217453703],[73.68120701634328,18.73109185513937],[73.68120980907705,18.73108905098642],[73.68120935027957,18.731088572667314],[73.68121201644486,18.73108586065783],[73.68121350378193,18.73108534117057],[73.68121620246922,18.731082631441268],[73.68121570663394,18.731082107003438],[73.68121834043048,18.73107942792811],[73.68121995434325,18.731078864233478],[73.68122259755265,18.731076210209007],[73.68122206562617,18.731075638665157],[73.68122452460788,18.731073137407424],[73.68122645630987,18.731072335673904],[73.68122894362904,18.731069838184933],[73.68122837664829,18.731069219126706],[73.68123089642827,18.73106665602076],[73.6812328316352,18.73106593426268],[73.68123533564332,18.73106342002088],[73.68123473340268,18.731062753058282],[73.68123721744908,18.73106022629649],[73.68123928392518,18.73105945558401],[73.68124173023786,18.73105699927238],[73.68124109400901,18.731056283077038],[73.68124340151985,18.731053935891815],[73.68124579201726,18.73105292087713],[73.68124812146735,18.731050581897478],[73.68124745112567,18.731049816640194],[73.68124971527445,18.731047513561577],[73.68125224856935,18.73104643791779],[73.68125451587926,18.73104416133695],[73.68125381291645,18.731043345446935],[73.68125588114307,18.731041241660527],[73.68125876815937,18.731039891662004],[73.68126088373714,18.731037767435204],[73.68126014245291,18.731036907071022],[73.68126241398137,18.731034596472014],[73.68126507014908,18.731033563909808],[73.6812672776893,18.731031347331776],[73.681266504931,18.731030435177292],[73.6812685917602,18.731028312455727],[73.68127158622062,18.73102702117989],[73.68127366745424,18.731024931445543],[73.68127286260018,18.73102396817409],[73.68127490448994,18.731021891174507],[73.68127804339191,18.73102053760944],[73.68128006120466,18.731018511548033],[73.68127922631035,18.731017495041577],[73.68128106682917,18.73101562287111],[73.68128456916429,18.73101398514324],[73.6812864501945,18.731012096423903],[73.68128558432262,18.731011027696926],[73.68128737349723,18.731009207754482],[73.68129102990947,18.73100749798304],[73.68129284372415,18.731005676741198],[73.68129194927455,18.73100455329859],[73.68129352090364,18.731002954634405],[73.68129756509603,18.73100093605865],[73.68129920912251,18.73099928531459],[73.68129827796699,18.730998115764645],[73.68129991428493,18.73099645131284],[73.68130412441714,18.730994349924753],[73.68130557213081,18.730992896283517],[73.68130462096934,18.73099166369287],[73.6813062525457,18.730990004059958],[73.68131037017082,18.73098807862043],[73.68131198969867,18.730986452462442],[73.68131100218059,18.730985172745854],[73.68131235270762,18.730983799003432],[73.68131714742512,18.73098127365012],[73.68131835195085,18.73098006419361],[73.68131734635784,18.730978719471032],[73.68131870587074,18.730977336584125],[73.68132336949185,18.73097502612397],[73.68132474464642,18.730973645353174],[73.68132371436633,18.730972241966516],[73.68132484501537,18.73097109187145],[73.6813299130394,18.730968455826552],[73.68133110754755,18.730967256437832],[73.68133004220552,18.730965805301835],[73.68133143826415,18.730964385235914],[73.68133617119803,18.730962172075646],[73.68133749971643,18.730960838126315],[73.68133641099692,18.73095932699813],[73.68133758897483,18.73095812875798],[73.68134270970728,18.730955606829518],[73.68134388515563,18.730954426571287],[73.68134277015196,18.730952858484624],[73.68134389100223,18.730951718359446],[73.68134917319131,18.730949116912257],[73.68135027706545,18.730948008519498],[73.6813491402521,18.730946378843278],[73.68135003039353,18.730945473394556],[73.68135571880156,18.730942544531985],[73.68135666176764,18.730941597708778],[73.68135549969291,18.730939910042135],[73.68135632787914,18.73093906762615],[73.68136218498965,18.73093605189533],[73.68136305340884,18.730935179925673],[73.68136187113033,18.730933429045262],[73.68136245624748,18.73093283386917],[73.68136873754788,18.730929472542467],[73.68136941375501,18.73092879356612],[73.68136819810616,18.730926993267595],[73.68136885589443,18.730926324173463],[73.68137531603792,18.730922867140364],[73.68137577173974,18.730922409575204],[73.68137454692483,18.73092053527933],[73.68137521588814,18.730919854815216],[73.6813815236286,18.73091663416651],[73.68138218809774,18.730915966980795],[73.68138093027198,18.730914042157917],[73.6813812701021,18.73091369649219],[73.68138835521732,18.730909774627786],[73.68138854530733,18.73090958376102],[73.68138728030372,18.73090758293976],[73.68138764391787,18.730907213071344],[73.68139454280107,18.73090356174422],[73.68139496143492,18.730903141399423],[73.68139366936647,18.730901084002756],[73.68139998114982,18.730894663676914],[73.68140040142296,18.730894236178077],[73.68140732780718,18.730890724461084],[73.68140770965988,18.730890341040507],[73.68140636517367,18.730888169872536],[73.68140645995598,18.730888073456878],[73.68141404621123,18.730883928487867],[73.68141271720144,18.730881708616277],[73.68141283123651,18.730881592619575],[73.68142034735794,18.7308776516599],[73.68142045463301,18.730877543946818],[73.6814700852382,18.73082372002608],[73.681509501167,18.730787493068913],[73.68154026574352,18.73075291740275],[73.6816423484085,18.730649811332686],[73.68168762292403,18.7306072958411],[73.6817252467716,18.730566144207696],[73.68184032117688,18.730452783620972],[73.68201855565063,18.730269897458772],[73.68208210314745,18.730208323631576],[73.68212697141999,18.730160411919947],[73.6822475375019,18.730041066811104],[73.68233104828383,18.72995423092938],[73.68242570527839,18.729860911592993],[73.68301113674207,18.729269017170626],[73.68303246252685,18.729245701657128],[73.68315110384613,18.729127472991422],[73.68320454041088,18.729071841832823],[73.68332929609892,18.728947340529956],[73.68354885559604,18.728724043282448],[73.68357114486486,18.728702820189515],[73.68391475656458,18.728355403282833],[73.68403350793223,18.728234440328656],[73.68433959231965,18.72792571278328],[73.68436762990294,18.727918251900153],[73.6843676850637,18.727918260158088],[73.68442368055065,18.727903774503996],[73.68485344724108,18.727990641891445],[73.6864560516738,18.7281820604083],[73.68765140968264,18.7283245043527],[73.68835327226468,18.728408635643994],[73.68878307336554,18.728459381779636],[73.68911033384063,18.72849923368096],[73.68925535864024,18.728515471975804],[73.68931511678443,18.72852396569377],[73.68938005823,18.72853011242877],[73.68957327073036,18.728555905979743],[73.68957630075822,18.72855244844548],[73.68957635568093,18.728552455670133],[73.68958199959701,18.728556934374872],[73.68958223876452,18.728556960012202],[73.68958506694082,18.728553601510075],[73.68958561990075,18.728553674243503],[73.68959046936067,18.728557842448488],[73.68959139648409,18.728557941845235],[73.68959387285902,18.728554759786025],[73.68959466425943,18.72855486388955],[73.68959925986228,18.72855878490749],[73.68960038914899,18.72855890597776],[73.68960254258371,18.72855590016589],[73.68960401619302,18.7285560939914],[73.68960787973725,18.72855970906679],[73.68960940871665,18.7285598729999],[73.68961133326742,18.728557056445887],[73.68961320024154,18.728557302017553],[73.68961653443698,18.728560636966357],[73.68961842273147,18.72856083942252],[73.68962013007166,18.72855821353637],[73.68962237382104,18.728558508668808],[73.68962510470469,18.728561555816942],[73.68962747642288,18.728561810098213],[73.68962894042437,18.728559372401968],[73.68963150888757,18.728559710251968],[73.68963380699367,18.728562488819776],[73.68963647649863,18.728562775021842],[73.68963774989605,18.728560531161584],[73.689640621737,18.728560908905145],[73.68964252774228,18.728563423794743],[73.6896454708509,18.728563739335716],[73.68964656572521,18.728561690751427],[73.68964971300402,18.72856210472316],[73.68965126654295,18.728564360711875],[73.68965461579765,18.728564719793194],[73.68965550400083,18.72856286644152],[73.68965887193687,18.728563309444873],[73.68966017642543,18.728565315967177],[73.68966377924184,18.7285657022411],[73.68966446481593,18.728564045108172],[73.6896680201639,18.728564512753895],[73.68966916002266,18.72856627912938],[73.68967295205802,18.72856668569388],[73.68967350016588,18.728565233566954],[73.68967702827516,18.72856569763339],[73.6896782100001,18.728567249415224],[73.68968201660988,18.728567657527304],[73.68968243062558,18.728566408234233],[73.68968619128245,18.728566902888314],[73.6896871155903,18.728568204205498],[73.68969113446487,18.72856863509166],[73.68969142701738,18.728567591567188],[73.68969534140477,18.728568106453256],[73.689696100344,18.728569167491987],[73.68970022279252,18.7285696094761],[73.68970042755896,18.728568775461895],[73.6897044917831,18.728569310046662],[73.68970508541997,18.728570130816443],[73.68970930459126,18.72857058316382],[73.68970943727193,18.728569960549844],[73.68971364274898,18.728570513716026],[73.68971407121634,18.728571094208768],[73.68971838533824,18.72857155674435],[73.6897184648631,18.72857114799438],[73.6897225747726,18.728571688591156],[73.68972308792382,18.728572060925362],[73.68973167517422,18.728572981588737],[73.68973244580715,18.72857298698103],[73.68973897591664,18.72857384591892],[73.68973979010698,18.728573851615952],[73.68974331205473,18.728574229217152],[73.68974329196888,18.728574413629115],[73.68974781004236,18.72857500791821],[73.6897479271666,18.728574724011473],[73.68975232123864,18.728575195120694],[73.68975229205664,18.728575597454928],[73.6897567948102,18.728576189730003],[73.68975702449733,18.728575699368825],[73.6897613697959,18.728576165248054],[73.68976133987624,18.728576787560026],[73.68976572434283,18.72857736426941],[73.68976613269724,18.72857667589516],[73.68977035581099,18.72857712866635],[73.68977036097834,18.728577974152483],[73.68977464668453,18.728578537872558],[73.6897752321035,18.72857765147399],[73.68977939082714,18.72857809734269],[73.68977942870384,18.728579166871878],[73.68978355828256,18.728579710053733],[73.68978435925594,18.728578630029627],[73.68978835980438,18.72857905894214],[73.68978846473787,18.72858035542034],[73.68979252689726,18.728580889735774],[73.6897935218018,18.72857961237461],[73.68979740992575,18.72858002923234],[73.68979760723514,18.72858155797822],[73.68980132059689,18.728582046416637],[73.68980262532108,18.728580588396557],[73.6898062776321,18.72858097996583],[73.68980655746977,18.728582735253912],[73.6898100736707,18.728583197752645],[73.68981167942263,18.72858155911151],[73.68981513880952,18.728581930002633],[73.68981551522724,18.728583913512537],[73.68981881248575,18.728584347217414],[73.68982074666759,18.728582531246296],[73.68982399339168,18.728582879333235],[73.68982448059275,18.72858509277275],[73.68982754715125,18.72858549612866],[73.68982991203792,18.728583513889394],[73.68983281055282,18.72858382465164],[73.6898334610605,18.728586274017704],[73.68983617061656,18.728586630418228],[73.68983902079802,18.728584490470354],[73.68984160559688,18.728584767592015],[73.68984238711731,18.7285874481045],[73.68984486233511,18.728587773687877],[73.68984813875957,18.728585468036943],[73.689850431789,18.728585713876395],[73.68985141444543,18.728588635513766],[73.68985343854276,18.728588901754506],[73.68985725764993,18.72858644569994],[73.68985925691038,18.728586660053473],[73.68986041372963,18.728589819238476],[73.68986211315095,18.72859004277115],[73.68986651301528,18.728587438006983],[73.68986808996347,18.72858760707177],[73.68986946836313,18.72859101023549],[73.68987071555541,18.7285911742823],[73.68987580346142,18.72858843406501],[73.68987689969592,18.728588551595188],[73.68987848289193,18.728592195954544],[73.68987934316172,18.728592309113935],[73.68988498192849,18.72858941811634],[73.68988570252992,18.72858949537416],[73.68988750549296,18.72859338274168],[73.68988797760866,18.72859344484243],[73.68989430759758,18.72859041795299],[73.68989444292592,18.728590432462926],[73.6898965450532,18.728594571761484],[73.68989658233471,18.72859457666685],[73.68990329783195,18.72859150358012],[73.69006602637597,18.72861384253281],[73.69009025555425,18.728614831243455],[73.69023537272707,18.728633704856797],[73.6904731526663,18.728660953271607],[73.69088593023375,18.728711005254812],[73.6913638345978,18.728767491046753],[73.69138951205058,18.728779817702776],[73.69141598595515,18.728813897850554],[73.69139375712524,18.728832200107195],[73.69098735636285,18.7290862111701],[73.69000389289366,18.729700166157876],[73.68995334618404,18.729732610508627],[73.68977277208275,18.729844054518487],[73.6896324972912,18.729935204031285],[73.68962598736526,18.729934188172496],[73.68962565315103,18.729934409286294],[73.68962497997742,18.72993967801927],[73.6896243482795,18.729940050257582],[73.68961881031751,18.729938936680465],[73.6896177549876,18.7299396349118],[73.68961751180503,18.729944078770206],[73.68961626064213,18.72994481604029],[73.68961159414732,18.729943711082772],[73.68961051251686,18.72994442670514],[73.68961027315434,18.729948344275964],[73.68960839387569,18.729949451667785],[73.68960493415874,18.72994811748908],[73.68960331702253,18.729949187426623],[73.6896030767759,18.729952584875697],[73.68960073802414,18.72995396301615],[73.68959820188364,18.729952571741194],[73.68959603331268,18.729954006517833],[73.68959587028873,18.729956831422392],[73.68959314051737,18.729958439983672],[73.68959129966993,18.729957138414115],[73.6895887857884,18.729958801663408],[73.68958862609216,18.72996110018661],[73.68958563366249,18.729962863531572],[73.6895843168954,18.72996175839594],[73.6895815979762,18.729963557296237],[73.68958143464783,18.72996533787422],[73.68957818493332,18.729967252823627],[73.68957733153727,18.729966380076252],[73.6895743124635,18.729968377575705],[73.68957422862647,18.729969584143163],[73.68957075823086,18.729971629140124],[73.68957027342559,18.72997104989725],[73.6895670655958,18.729973172282193],[73.68956698061791,18.72997385515688],[73.68956338901579,18.729975971575822],[73.68956320642904,18.729975725601506],[73.689558320034,18.729978958562405],[73.68955682770601,18.729979837944086],[73.68955682686924,18.72997994647937],[73.68955364390983,18.729982052402733],[73.6895534676648,18.729981817903404],[73.68955004772532,18.729983833163],[73.68954997479503,18.729984479977755],[73.68954700203982,18.729986446825293],[73.68954653075976,18.72998590559232],[73.68954320366372,18.729987866137623],[73.68954319518762,18.729988965531703],[73.68954036592716,18.729990837438514],[73.68953954198771,18.729990023848384],[73.68953640974395,18.72999186957162],[73.6895364581431,18.729993422928718],[73.6895337890596,18.729995188852055],[73.68953254791822,18.729994145220665],[73.68952922823404,18.72999610140798],[73.68952945707258,18.729998055006053],[73.68952638987697,18.730000084336233],[73.68952460059391,18.72999882832529],[73.6895216719578,18.73000055407382],[73.6895216514081,18.730003219431733],[73.68951902932969,18.730004954265453],[73.68951661461695,18.730003534200968],[73.68951414498711,18.73000498947774],[73.68951382011942,18.730008400810092],[73.68951161725816,18.730009858270154],[73.68950856304401,18.730008278734285],[73.68950672670361,18.73000936082637],[73.68950586243692,18.730013665808702],[73.68950431983525,18.730014686433112],[73.68950055384806,18.730012998299003],[73.68949932173885,18.730013724334242],[73.68949791462971,18.73001892427973],[73.68949700198351,18.730019528106254],[73.68949242880927,18.730017786115166],[73.68949202190758,18.730018025885453],[73.6894898202194,18.730024279747493],[73.68948977108816,18.730024312249697],[73.68948462102966,18.73002268092455],[73.68934269771437,18.73011444038091],[73.68912538565557,18.730249173625776],[73.6890191947119,18.730315974859824],[73.68820623801632,18.73082359959629],[73.68738035393889,18.731339880818297],[73.68633620424355,18.73199210187088],[73.68571841566978,18.732378265550178],[73.68409866030895,18.733390174180567],[73.6823232155932,18.734499579811636],[73.68232130125014,18.73476714522943],[73.68232002798189,18.734947917131628],[73.68202941902943,18.734960266619858],[73.68202937008377,18.734960266275255],[73.68196657757343,18.73496266250594],[73.68154163492216,18.734718039419928],[73.68142739441718,18.73465154272526],[73.68114794226992,18.734491683349578],[73.68095620188971,18.734378111824263],[73.6809503477567,18.734379683868966],[73.68095027024884,18.73437963656139],[73.68094863290098,18.734373777692312],[73.68094807089933,18.734373472706153],[73.68094296738333,18.734375179616134],[73.6809422770996,18.734374758335978],[73.68094099831629,18.73436963459845],[73.68094031793788,18.734369265372365],[73.68093578164381,18.734370794148607],[73.68093440966634,18.73436995683545],[73.6809339242131,18.73436579565751],[73.68093259594518,18.73436507484663],[73.6809286026444,18.734366412803553],[73.68092667797387,18.734365238166525],[73.68092670406112,18.73436187747137],[73.6809248700334,18.734360882196622],[73.68092136226967,18.734361993996146],[73.68091905792299,18.734360587638502],[73.6809193823344,18.734357904163318],[73.6809171490332,18.734356692201377],[73.68091418139268,18.734357611489774],[73.68091156757141,18.7343560162761],[73.68091203789423,18.734353918514383],[73.68090939472279,18.734352484133996],[73.68090699703278,18.73435322687129],[73.68090407129233,18.734351441284343],[73.68090457911983,18.73434987083142],[73.68090160904774,18.734348259047323],[73.68089983888687,18.734348858241262],[73.68089664378054,18.73434690826127],[73.68089710084303,18.734345812556068],[73.68089395659652,18.734344106256618],[73.68089269363571,18.734344497481867],[73.68088924006615,18.734342389763864],[73.68088957511759,18.734341728545825],[73.6808861698078,18.73433988056512],[73.68088541426823,18.73434005487762],[73.68087834764897,18.734335742110932],[73.68087834847172,18.734335636124104],[73.68087535718789,18.734334012831862],[73.68087508856209,18.73433375308688],[73.68086882451915,18.734329930134617],[73.68086835258939,18.734330211615823],[73.68086538981863,18.734328603786203],[73.68086567185364,18.73432800605226],[73.68086237917183,18.734325996523467],[73.68086159808024,18.734326546111884],[73.68085874082297,18.734324995546018],[73.68085909954493,18.734323994966026],[73.68085549442479,18.734321794762028],[73.68085444711238,18.734322665458336],[73.68085082675327,18.734320700779417],[73.68085122168583,18.73431918709969],[73.6808478782953,18.734317146626378],[73.68084629458943,18.734318241296055],[73.68084296668727,18.734316435326402],[73.68084332573162,18.73431436819001],[73.68084033289648,18.734312541656973],[73.68083806619025,18.734313775954718],[73.68083519373725,18.73431221714901],[73.68083540556549,18.734309534507183],[73.68083283497874,18.73430796567511],[73.6808298352321,18.734309309221523],[73.68082739567488,18.734307985339704],[73.6808274214755,18.73430466180782],[73.68082536044318,18.734303403953945],[73.68082153205263,18.734304803304862],[73.68081967948683,18.73430379795889],[73.68081944810925,18.734299795653506],[73.68081793844831,18.734298874301125],[73.68081320824706,18.734300286182417],[73.68081198363302,18.734299621618515],[73.68081134890535,18.73429485270045],[73.68081058427673,18.734294386041103],[73.68080476725525,18.734295705469577],[73.68080435588357,18.734295482227164],[73.68080330505524,18.73428994352526],[73.68080320847965,18.734289884580395],[73.68066351528152,18.734212847738437],[73.68064504364742,18.734200475782043],[73.68050622471297,18.734121901068274],[73.68015709594265,18.73391998702993],[73.67979010709246,18.733709094957938],[73.67913380065825,18.733330767090436],[73.67904303170222,18.733278747405745],[73.67900518304015,18.733243515945922]]]]}}, {"type" : "Feature", "properties" : {"ward_id" : 13, "ward_number" : 13, "ward_name" : "Ward 13", "ward_scheme" : "ANALYTICAL_GIS_23", "source" : "CivicBrain analytical GIS units, topology-cleaned v2 (from tdmc_wards_verified.geojson; disputed areas split to nearest undisputed core)", "area_km2" : 0.726545}, "geometry" : {"type":"MultiPolygon","coordinates":[[[[73.67349956278527,18.725013066240194],[73.67369648210807,18.725006209201002],[73.67377427490767,18.72500464780596],[73.67377852782545,18.72500313737154],[73.67377865778374,18.725003015374867],[73.67377881412516,18.72500303569254],[73.67575191259067,18.72493208488666],[73.67871473615058,18.72482540181465],[73.68391230947903,18.726445509993248],[73.68429230752163,18.727761143542747],[73.68433231029273,18.72790173742549],[73.68433760627482,18.727906522624288],[73.68433492657958,18.72790924839663],[73.6843390680275,18.72791038857491],[73.68433959231965,18.72792571278328],[73.68403350793223,18.728234440328656],[73.68391475656458,18.728355403282833],[73.68357114486486,18.728702820189515],[73.68354885559604,18.728724043282448],[73.68332929609892,18.728947340529956],[73.68320454041088,18.729071841832823],[73.68315110384613,18.729127472991422],[73.68303246252685,18.729245701657128],[73.68301113674207,18.729269017170626],[73.68242570527839,18.729860911592993],[73.68233104828383,18.72995423092938],[73.6822475375019,18.730041066811104],[73.68212697141999,18.730160411919947],[73.68208210314745,18.730208323631576],[73.68201855565063,18.730269897458772],[73.68184032117688,18.730452783620972],[73.6817252467716,18.730566144207696],[73.68168762292403,18.7306072958411],[73.6816423484085,18.730649811332686],[73.68154026574352,18.73075291740275],[73.681509501167,18.730787493068913],[73.6814700852382,18.73082372002608],[73.68142045463301,18.730877543946818],[73.68142034735794,18.7308776516599],[73.68141283123651,18.730881592619575],[73.68141271720144,18.730881708616277],[73.68141404621123,18.730883928487867],[73.68140645995598,18.730888073456878],[73.68140636517367,18.730888169872536],[73.68140770965988,18.730890341040507],[73.68140732780718,18.730890724461084],[73.68140040142296,18.730894236178077],[73.68139998114982,18.730894663676914],[73.68139745952044,18.730897228669996],[73.68139366936647,18.730901084002756],[73.68139496143492,18.730903141399423],[73.68139454280107,18.73090356174422],[73.68138764391787,18.730907213071344],[73.68138728030372,18.73090758293976],[73.68138854530733,18.73090958376102],[73.68138835521732,18.730909774627786],[73.6813812701021,18.73091369649219],[73.68138093027198,18.730914042157917],[73.68138218809774,18.730915966980795],[73.6813815236286,18.73091663416651],[73.68137521588814,18.730919854815216],[73.68137454692483,18.73092053527933],[73.68137577173974,18.730922409575204],[73.68137531603792,18.730922867140364],[73.68136885589443,18.730926324173463],[73.68136819810616,18.730926993267595],[73.68136941375501,18.73092879356612],[73.68136873754788,18.730929472542467],[73.68136245624748,18.73093283386917],[73.68136187113033,18.730933429045262],[73.68136305340884,18.730935179925673],[73.68136218498965,18.73093605189533],[73.68135632787914,18.73093906762615],[73.68135549969291,18.730939910042135],[73.68135666176764,18.730941597708778],[73.68135571880156,18.730942544531985],[73.68135003039353,18.730945473394556],[73.6813491402521,18.730946378843278],[73.68135027706545,18.730948008519498],[73.68134917319131,18.730949116912257],[73.68134389100223,18.730951718359446],[73.68134277015196,18.730952858484624],[73.68134388515563,18.730954426571287],[73.68134270970728,18.730955606829518],[73.68133758897483,18.73095812875798],[73.68133641099692,18.73095932699813],[73.68133749971643,18.730960838126315],[73.68133617119803,18.730962172075646],[73.68133143826415,18.730964385235914],[73.68133004220552,18.730965805301835],[73.68133110754755,18.730967256437832],[73.6813299130394,18.730968455826552],[73.68132484501537,18.73097109187145],[73.68132371436633,18.730972241966516],[73.68132474464642,18.730973645353174],[73.68132336949185,18.73097502612397],[73.68131870587074,18.730977336584125],[73.68131734635784,18.730978719471032],[73.68131835195085,18.73098006419361],[73.68131714742512,18.73098127365012],[73.68131235270762,18.730983799003432],[73.68131100218059,18.730985172745854],[73.68131198969867,18.730986452462442],[73.68131037017082,18.73098807862043],[73.6813062525457,18.730990004059958],[73.68130462096934,18.73099166369287],[73.68130557213081,18.730992896283517],[73.68130412441714,18.730994349924753],[73.68129991428493,18.73099645131284],[73.68129827796699,18.730998115764645],[73.68129920912251,18.73099928531459],[73.68129756509603,18.73100093605865],[73.68129352090364,18.731002954634405],[73.68129194927455,18.73100455329859],[73.68129284372415,18.731005676741198],[73.68129102990947,18.73100749798304],[73.68128737349723,18.731009207754482],[73.68128558432262,18.731011027696926],[73.6812864501945,18.731012096423903],[73.68128456916429,18.73101398514324],[73.68128106682917,18.73101562287111],[73.68127922631035,18.731017495041577],[73.68128006120466,18.731018511548033],[73.68127804339191,18.73102053760944],[73.68127490448994,18.731021891174507],[73.68127286260018,18.73102396817409],[73.68127366745424,18.731024931445543],[73.68127158622062,18.73102702117989],[73.6812685917602,18.731028312455727],[73.681266504931,18.731030435177292],[73.6812672776893,18.731031347331776],[73.68126507014908,18.731033563909808],[73.68126241398137,18.731034596472014],[73.68126014245291,18.731036907071022],[73.68126088373714,18.731037767435204],[73.68125876815937,18.731039891662004],[73.68125588114307,18.731041241660527],[73.68125381291645,18.731043345446935],[73.68125451587926,18.73104416133695],[73.68125224856935,18.73104643791779],[73.68124971527445,18.731047513561577],[73.68124745112567,18.731049816640194],[73.68124812146735,18.731050581897478],[73.68124579201726,18.73105292087713],[73.68124340151985,18.731053935891815],[73.68124109400901,18.731056283077038],[73.68124173023786,18.73105699927238],[73.68123928392518,18.73105945558401],[73.68123721744908,18.73106022629649],[73.68123473340268,18.731062753058282],[73.68123533564332,18.73106342002088],[73.6812328316352,18.73106593426268],[73.68123089642827,18.73106665602076],[73.68122837664829,18.731069219126706],[73.68122894362904,18.731069838184933],[73.68122645630987,18.731072335673904],[73.68122452460788,18.731073137407424],[73.68122206562617,18.731075638665157],[73.68122259755265,18.731076210209007],[73.68121995434325,18.731078864233478],[73.68121834043048,18.73107942792811],[73.68121570663394,18.731082107003438],[73.68121620246922,18.731082631441268],[73.68121350378193,18.73108534117057],[73.68121201644486,18.73108586065783],[73.68120935027957,18.731088572667314],[73.68120980907705,18.73108905098642],[73.68120701634328,18.73109185513937],[73.6812058092951,18.73109217453703],[73.68120324647738,18.731094781426254],[73.68120366487533,18.731095220307676],[73.68120060347977,18.731098294227493],[73.68119994108658,18.73109814366606],[73.68119712075465,18.731101012503174],[73.68119750195748,18.731101408427374],[73.68119440855975,18.73110451447969],[73.6811939044488,18.731104284106408],[73.6811910647204,18.731107172677035],[73.68119140584372,18.731107529473025],[73.68118823957161,18.731110708691748],[73.68118782740241,18.731110465665008],[73.68118493876739,18.731113403977783],[73.6811852426478,18.73111371787041],[73.68118207893708,18.731116894522756],[73.68118174354926,18.731116654142223],[73.68117883519284,18.731119612502475],[73.68117909871185,18.73111988693058],[73.68117635728714,18.73112263957759],[73.681176057639,18.731122437824826],[73.68117316663285,18.73112537854234],[73.68117339715371,18.73112561181383],[73.68117065149444,18.73112836870496],[73.68117039441304,18.73112819843537],[73.68116747498622,18.7311311680667],[73.68116767292237,18.7311313594616],[73.68116491564933,18.731134128008634],[73.68116470692468,18.731133983723907],[73.68116180789762,18.731136932607523],[73.68116196967168,18.731137086031303],[73.68115923183093,18.731139835070785],[73.68115905535093,18.73113973248858],[73.68115614254853,18.731142695371275],[73.68115626513017,18.731142813901947],[73.68115351936513,18.73114557090951],[73.68115336501303,18.731145520675287],[73.68114775436288,18.73115122780063],[73.68114775333298,18.731151360523665],[73.68113770687413,18.731161448065752],[73.68112811264851,18.73117120727877],[73.68112618730028,18.73117301474836],[73.6811248121328,18.73117439554451],[73.68112489867244,18.73117447652058],[73.68112185912864,18.731177568339618],[73.6811217257962,18.731177494497707],[73.68111892374941,18.731180308008145],[73.68111904891761,18.73118042687332],[73.68111601047299,18.73118351757049],[73.6811158406147,18.73118340374888],[73.68111303561416,18.731186220220298],[73.68111319858882,18.731186377809152],[73.68111013849169,18.73118949052812],[73.68110992360289,18.731189344952938],[73.68110673233205,18.73119254927682],[73.68110693504941,18.73119274906379],[73.6811039061544,18.731195830032938],[73.68110363446714,18.731195659813984],[73.68110047510244,18.731198832103857],[73.68110071668791,18.73119907435386],[73.68109768497253,18.7312021582036],[73.6810973327519,18.73120198729987],[73.68109417272743,18.73120516025364],[73.6810944529756,18.731205445769447],[73.68109146740376,18.731208482685663],[73.68109102780538,18.731208318033794],[73.68108793810285,18.731211420378266],[73.68108825877006,18.731211746488544],[73.68108530150377,18.73121475460741],[73.68108476132197,18.731214610147347],[73.68108165715714,18.731217727010115],[73.68108201873561,18.731218093835807],[73.68107910258463,18.73122106012724],[73.6810783429433,18.73122105477611],[73.68107537948954,18.731224030348596],[73.68107577562266,18.731224444296657],[73.6810731927737,18.73122707156357],[73.68107179302895,18.731227631488444],[73.6810674588705,18.73123198336087],[73.68106509385075,18.731235309752904],[73.68106332956431,18.7312371043776],[73.68087784516051,18.731422830295475],[73.68085337236073,18.731450090678894],[73.68075053591664,18.731551493988803],[73.68074499362247,18.731559610163384],[73.6806677929107,18.73163505736781],[73.68066844910621,18.731636881270205],[73.68053418148159,18.731770189384374],[73.68050911665148,18.73179792532993],[73.68045778373384,18.731847390268545],[73.68040712915285,18.731900993901903],[73.68037502454548,18.731931027734255],[73.68029872939508,18.732010483043116],[73.68027320371782,18.7320339340625],[73.68022222958045,18.732087841508676],[73.6801077558487,18.732201180212083],[73.68004369511017,18.732268186672968],[73.6800250564467,18.732284781697217],[73.67982772510244,18.732484280991468],[73.67975042431237,18.732564470332548],[73.67972592626137,18.732587182788606],[73.67964842304083,18.732667505209474],[73.67961778904075,18.732696503634607],[73.67950815041716,18.73280928219919],[73.67938867016014,18.732928176582796],[73.67931050804009,18.73300893615696],[73.67924866625155,18.73306969005682],[73.67911286373688,18.733208588561737],[73.67909261365189,18.733214979095397],[73.67909255805422,18.73321496098348],[73.67905320236281,18.73322052491325],[73.67900518304015,18.733243515945922],[73.67703204769877,18.732181221200225],[73.67633777063614,18.731807216088807],[73.67559176704461,18.731405754511147],[73.67536246799477,18.731282027224534],[73.67440311683168,18.730765466985744],[73.67423095971475,18.730672970667143],[73.67417067450151,18.730588410323712],[73.6741685870753,18.730588659123153],[73.67416742590542,18.730580111398258],[73.67416062558237,18.730573013166513],[73.67402205060158,18.730378425147617],[73.67383352749681,18.72878353422584],[73.67369312030435,18.727593910558703],[73.67348987143687,18.725873456535606],[73.67346594906088,18.72567326258919],[73.67340578903423,18.725161495267344],[73.67342679473607,18.725128102851937],[73.67342624215539,18.72512403510701],[73.67342945800422,18.725123605714234],[73.67349956278527,18.725013066240194]]]]}}, {"type" : "Feature", "properties" : {"ward_id" : 14, "ward_number" : 14, "ward_name" : "Ward 14", "ward_scheme" : "ANALYTICAL_GIS_23", "source" : "CivicBrain analytical GIS units, topology-cleaned v2 (from tdmc_wards_verified.geojson; disputed areas split to nearest undisputed core)", "area_km2" : 0.446275}, "geometry" : {"type":"MultiPolygon","coordinates":[[[[73.67900518304015,18.733243515945922],[73.67904303170222,18.733278747405745],[73.67913380065825,18.733330767090436],[73.67979010709246,18.733709094957938],[73.68015709594265,18.73391998702993],[73.68050622471297,18.734121901068274],[73.68064504364742,18.734200475782043],[73.68066351528152,18.734212847738437],[73.68080320847965,18.734289884580395],[73.68080330505524,18.73428994352526],[73.68080435588357,18.734295482227164],[73.68080476725525,18.734295705469577],[73.68081058427673,18.734294386041103],[73.68081134890535,18.73429485270045],[73.68081198363302,18.734299621618515],[73.68081320824706,18.734300286182417],[73.68081793844831,18.734298874301125],[73.68081944810925,18.734299795653506],[73.68081967948683,18.73430379795889],[73.68082153205263,18.734304803304862],[73.68082536044318,18.734303403953945],[73.6808274214755,18.73430466180782],[73.68082739567488,18.734307985339704],[73.6808298352321,18.734309309221523],[73.68083283497874,18.73430796567511],[73.68083540556549,18.734309534507183],[73.68083519373725,18.73431221714901],[73.68083806619025,18.734313775954718],[73.68084033289648,18.734312541656973],[73.68084332573162,18.73431436819001],[73.68084296668727,18.734316435326402],[73.68084629458943,18.734318241296055],[73.6808478782953,18.734317146626378],[73.68085122168583,18.73431918709969],[73.68085082675327,18.734320700779417],[73.68085444711238,18.734322665458336],[73.68085549442479,18.734321794762028],[73.68085909954493,18.734323994966026],[73.68085874082297,18.734324995546018],[73.68086159808024,18.734326546111884],[73.68086237917183,18.734325996523467],[73.68086567185364,18.73432800605226],[73.68086538981863,18.734328603786203],[73.68086835258939,18.734330211615823],[73.68086882451915,18.734329930134617],[73.68087508856209,18.73433375308688],[73.68087535718789,18.734334012831862],[73.68087834847172,18.734335636124104],[73.68087834764897,18.734335742110932],[73.68088541426823,18.73434005487762],[73.6808861698078,18.73433988056512],[73.68088957511759,18.734341728545825],[73.68088924006615,18.734342389763864],[73.68089269363571,18.734344497481867],[73.68089395659652,18.734344106256618],[73.68089710084303,18.734345812556068],[73.68089664378054,18.73434690826127],[73.68089983888687,18.734348858241262],[73.68090160904774,18.734348259047323],[73.68090457911983,18.73434987083142],[73.68090407129233,18.734351441284343],[73.68090699703278,18.73435322687129],[73.68090939472279,18.734352484133996],[73.68091203789423,18.734353918514383],[73.68091156757141,18.7343560162761],[73.68091418139268,18.734357611489774],[73.6809171490332,18.734356692201377],[73.6809193823344,18.734357904163318],[73.68091905792299,18.734360587638502],[73.68092136226967,18.734361993996146],[73.6809248700334,18.734360882196622],[73.68092670406112,18.73436187747137],[73.68092667797387,18.734365238166525],[73.6809286026444,18.734366412803553],[73.68093259594518,18.73436507484663],[73.6809339242131,18.73436579565751],[73.68093440966634,18.73436995683545],[73.68093578164381,18.734370794148607],[73.68094031793788,18.734369265372365],[73.68094099831629,18.73436963459845],[73.6809422770996,18.734374758335978],[73.68094296738333,18.734375179616134],[73.68094807089933,18.734373472706153],[73.68094863290098,18.734373777692312],[73.68095027024884,18.73437963656139],[73.6809503477567,18.734379683868966],[73.68095620188971,18.734378111824263],[73.68114794226992,18.734491683349578],[73.68142739441718,18.73465154272526],[73.68154163492216,18.734718039419928],[73.68196657757343,18.73496266250594],[73.68202937008377,18.734960266275255],[73.68202941902943,18.734960266619858],[73.68232002798189,18.734947917131628],[73.68372895017798,18.735806411293677],[73.68411866473797,18.736044155561906],[73.6845795840904,18.73632451923273],[73.68470748919582,18.736403375355913],[73.68483577139658,18.736478651302548],[73.68483873453889,18.736484836895702],[73.68483971912946,18.73648537121078],[73.68484288627198,18.736483494132465],[73.6848443583526,18.736484496126167],[73.68484593062232,18.73648874202991],[73.68484817835599,18.73648996182013],[73.68485015099856,18.736488438956542],[73.68485274915324,18.736490207428236],[73.68485329837291,18.7364927403207],[73.68485654110549,18.736494500065156],[73.6848575552736,18.736493478771756],[73.68486089737986,18.73649575361795],[73.68486088882038,18.736496859460576],[73.6848680108018,18.736500724378047],[73.68486820217647,18.736500725722593],[73.68486894507122,18.736501231384928],[73.68486953285252,18.736501550357232],[73.6848698162208,18.736501824341914],[73.68487639048249,18.73650629920199],[73.68487789676482,18.73650608924205],[73.68488085333306,18.736507693688235],[73.6848803218312,18.73650897512283],[73.68488304933584,18.73651083162839],[73.68488590277079,18.736510433894342],[73.68488822229426,18.736511692636824],[73.68488764235657,18.73651395792751],[73.68488980130954,18.736515427455057],[73.68489402074412,18.73651483930515],[73.68489540576194,18.736515590921652],[73.6848951721243,18.73651908316419],[73.68489652396082,18.736520003304637],[73.68490208008514,18.73651921290346],[73.68490289429374,18.7365196547572],[73.68490312239129,18.736524458409175],[73.6851266022605,18.736657938108653],[73.68530608506791,18.736767791754],[73.68583251132284,18.737088364072804],[73.68581465116046,18.737144922381933],[73.68581465103829,18.737144938176073],[73.68579183879335,18.73721737064039],[73.68533517022072,18.737195904215948],[73.68496403645541,18.73717898531316],[73.68492667501154,18.737178887809023],[73.68492572397524,18.737178766098612],[73.68492324683372,18.737175070991178],[73.68492236643134,18.737175100769214],[73.68491875447174,18.737177874188315],[73.68491603819157,18.73717752658133],[73.6849153768703,18.737175337165503],[73.68491270861605,18.737175427411845],[73.6849108514039,18.7371768628135],[73.68490697441482,18.737176366658638],[73.68490695088232,18.737175809349228],[73.68489955172151,18.737175757364508],[73.68489953272045,18.737175873036882],[73.68489552319073,18.73717600864497],[73.68489520953716,18.73717486106919],[73.68489124535897,18.737174353765408],[73.68489041146462,18.737176181535713],[73.68488769286351,18.73717627347915],[73.68488553393014,18.737173622859785],[73.6848831321356,18.737173315494545],[73.68488105065542,18.737176498128022],[73.6848810388822,18.73717649852421],[73.68485603835475,18.737173664713325],[73.6820331298742,18.73704165737017],[73.68187559755751,18.737278146975093],[73.68187556621089,18.73727817640157],[73.68183609948873,18.7373374828216],[73.6817476210596,18.737282475326413],[73.68174757326109,18.7372824395053],[73.68170339255435,18.737255635516682],[73.68077517891874,18.737300591641354],[73.68005526232467,18.737335994720752],[73.67988297324061,18.73734264487027],[73.67986645063729,18.73734609927879],[73.67986619287839,18.737346107996892],[73.67986499049191,18.73734340204677],[73.67986440951498,18.737343438728868],[73.67985811662881,18.737346381150147],[73.67985707485398,18.737346416389517],[73.67985608013609,18.73734396458736],[73.67985469078653,18.737344052305343],[73.67984970643111,18.73734666559217],[73.6798480183237,18.737346722694355],[73.67984720144523,18.737344525127984],[73.67984517360563,18.737344653152377],[73.67984132403946,18.73734694910042],[73.67983896098706,18.73734702902017],[73.67983832285873,18.73734508565989],[73.67983694321644,18.737345172768503],[73.67983196328346,18.73734726569238],[73.67983011478117,18.73734732821427],[73.67982127681942,18.73734762712273],[73.67982097564845,18.737347637314677],[73.67981359553771,18.7373466467904],[73.67981265231613,18.737346706335757],[73.67981252667785,18.737347923062863],[73.67980900285654,18.73734804224346],[73.67980724356396,18.73734704780907],[73.67980384588428,18.737347262314746],[73.67980377793081,18.737348218958203],[73.6797996153569,18.737348359747568],[73.67979900174981,18.737347568147136],[73.67979509717426,18.737347814652296],[73.67979506314681,18.737348513710167],[73.67979123680746,18.737348643118022],[73.67979078938976,18.737348086614304],[73.67978673121479,18.737348342824934],[73.67978672769634,18.737348795622374],[73.67978284279431,18.737348927020584],[73.67978251397481,18.737348609073052],[73.67977842439113,18.737348867257726],[73.67977842786907,18.737349076339694],[73.67977632090583,18.737349147601186],[73.6797742187847,18.73734913277446],[73.67976906906469,18.737349457893202],[73.67976747827646,18.737349446672965],[73.6797600559205,18.737349697705486],[73.67975954189147,18.737350059370176],[73.67975567605012,18.737350303436898],[73.67975562268553,18.737349847644907],[73.6797516117691,18.737349983304185],[73.67975105285882,18.737350595311575],[73.6797472582803,18.73735083487481],[73.6797471535077,18.737350134087947],[73.67974329169682,18.737350264699426],[73.67974255232542,18.737351131975675],[73.67973851122116,18.737351387112902],[73.67973834196691,18.737350432103547],[73.67973553768849,18.73735052695477],[73.67973263849194,18.73735175787725],[73.67972976890658,18.737351939040686],[73.67972105243304,18.737351805551075],[73.67972095948534,18.737352495211518],[73.67971953736054,18.737352584992454],[73.67971354059857,18.737351270918957],[73.67971243584974,18.737351308288602],[73.67971212378886,18.737353053039953],[73.67971003519072,18.737353184899302],[73.67970560056176,18.737351539460192],[73.67970372507872,18.737351602892915],[73.67970327695217,18.73735361157552],[73.67970097677657,18.73735375678857],[73.67969700604307,18.737351830140277],[73.67969478060752,18.737351905408488],[73.67969418512708,18.73735418556912],[73.67969244867724,18.737354295198678],[73.67968748675142,18.737352152103625],[73.67968584622082,18.737352207588152],[73.6796850823515,18.73735476026212],[73.67968396561297,18.73735483076345],[73.67967791630645,18.737352475792985],[73.67967697540581,18.737352507613426],[73.67967601088984,18.737355332970782],[73.6796753345099,18.73735537567503],[73.67966859476913,18.73735279106303],[73.67966806265873,18.737352809059345],[73.67954068936712,18.73736124488022],[73.67918204553303,18.737377519076837],[73.67881970123491,18.73739571462895],[73.6782880553769,18.737421374915826],[73.67822795391739,18.737423926874524],[73.67528378729499,18.73756671099691],[73.67507671048551,18.737576960896025],[73.67505876815775,18.73757982842574],[73.67485183988012,18.73763317314518],[73.67483829998636,18.737586236053076],[73.67483189292766,18.737524869678744],[73.67484317093259,18.73750209809763],[73.67484316290465,18.737502015939615],[73.67495174967475,18.737301176415034],[73.67475877308529,18.735648234892825],[73.67470474205955,18.735186736552997],[73.67438092380768,18.732411807228193],[73.67436545636184,18.73228177618849],[73.6742931230318,18.731658792536486],[73.67427545796208,18.73151074483304],[73.67420565743856,18.730905791818863],[73.67418635186893,18.730748669086488],[73.6741840969798,18.73070283613103],[73.67423095971475,18.730672970667143],[73.67440311683168,18.730765466985744],[73.67536246799477,18.731282027224534],[73.67559176704461,18.731405754511147],[73.67633777063614,18.731807216088807],[73.67703204769877,18.732181221200225],[73.67900518304015,18.733243515945922]]]]}}, {"type" : "Feature", "properties" : {"ward_id" : 15, "ward_number" : 15, "ward_name" : "Ward 15", "ward_scheme" : "ANALYTICAL_GIS_23", "source" : "CivicBrain analytical GIS units, topology-cleaned v2 (from tdmc_wards_verified.geojson; disputed areas split to nearest undisputed core)", "area_km2" : 4.358660}, "geometry" : {"type":"MultiPolygon","coordinates":[[[[73.67196318297128,18.713241765653162],[73.6719907612509,18.713282000299717],[73.6720278511983,18.713353633694478],[73.67205053781075,18.713426257239576],[73.6720560413558,18.71345905908117],[73.6722031539293,18.714723603053333],[73.67235125781818,18.715995302037022],[73.67241789466443,18.71656907743552],[73.67258121997698,18.71797142711959],[73.67275981473071,18.719507458768575],[73.67290701246874,18.720771001982357],[73.67299961490784,18.721568226764056],[73.6731217167356,18.72261541331662],[73.67313730810757,18.722752193262576],[73.67325014317487,18.723718876619397],[73.67327379712822,18.723927270189012],[73.67328979574677,18.724056280039832],[73.67330878719986,18.724233492874472],[73.6733257871695,18.72435259957211],[73.67332214827192,18.72435776880979],[73.6733221556979,18.724357823467034],[73.67332672908464,18.724360724924484],[73.67332675012445,18.724360941838523],[73.67332321991148,18.724365657451905],[73.67332330816193,18.72436630706182],[73.67332750135176,18.724368689191873],[73.67332758553536,18.724369557372295],[73.67332429603536,18.724373579107247],[73.67332445595316,18.724374756295674],[73.67332828197452,18.724376739694936],[73.67332841895376,18.724378152371155],[73.67332538390824,18.72438158723012],[73.67332560742155,18.72438323260036],[73.67332906889051,18.72438485512117],[73.67332924859777,18.724386708470327],[73.6733264759958,18.724389626457707],[73.67332679848609,18.724392000380195],[73.67332987057851,18.72439312293603],[73.67333007643404,18.72439524587924],[73.6733276218411,18.724398061364703],[73.67332798075225,18.72440070343596],[73.67333067519019,18.72440142079827],[73.673330937519,18.724404126178452],[73.67332876838604,18.724406501418137],[73.67332917237297,18.724409475313035],[73.67333150209585,18.724409948649512],[73.6733317901605,18.72441291935583],[73.67332991367516,18.72441493227304],[73.6733303595097,18.724418214158803],[73.67333233131913,18.724418500354172],[73.67333263505112,18.7244216326722],[73.67333107030986,18.7244234466017],[73.67333154105881,18.724426911914353],[73.67333316287724,18.724427076138277],[73.67333348633173,18.72443041188831],[73.67333222649609,18.724431957647095],[73.6733327222945,18.724435607309285],[73.67333399518121,18.72443565965346],[73.67333434890905,18.724439307577367],[73.67333338471838,18.724440483661525],[73.67333389897371,18.724444269238663],[73.6733348306539,18.724444275838206],[73.6733352013746,18.724448099027594],[73.67333452937169,18.72444890974991],[73.67333507443395,18.724452922105318],[73.67333566702224,18.724452901218918],[73.67333604273743,18.72445677589477],[73.67333567579144,18.724457348898802],[73.67333624227051,18.724461518921753],[73.6733365005378,18.724461497203322],[73.67333689804705,18.724465596659893],[73.67333689251552,18.72446630558656],[73.6733374306272,18.724470266785026],[73.67333742468865,18.72447102787375],[73.67333817502131,18.72447876599491],[73.67333859827556,18.7244788622176],[73.67333909733861,18.724482535929663],[73.6733385502882,18.72448263614956],[73.67333896345654,18.724486897064143],[73.67333970837322,18.724487033968394],[73.67334024319378,18.724490970908928],[73.67333937904662,18.724491183070825],[73.67333978373584,18.72449535657417],[73.67334086987861,18.72449558414122],[73.67334139478892,18.724499448136083],[73.67334021647713,18.724499819428747],[73.6733405740671,18.724503507192686],[73.67334201170708,18.724503989471888],[73.67334250056358,18.724507588112704],[73.67334102187091,18.7245081253114],[73.67334136016764,18.724511614191492],[73.67334315095226,18.724512375844753],[73.67334360500232,18.724515718212523],[73.67334183162608,18.724516476314662],[73.67334213799973,18.724519635949182],[73.67334429715784,18.724520813356563],[73.6733447064547,18.724523826315586],[73.67334263963484,18.72452480926966],[73.67334291840427,18.72452768414641],[73.67334543771301,18.72452920931687],[73.67334581914417,18.72453201721394],[73.67334345650903,18.724533233623507],[73.67334369688626,18.724535712568237],[73.67334660816006,18.724537825362297],[73.67334692144905,18.724540131548846],[73.67334427223375,18.7245416460778],[73.67334446986446,18.724543684286218],[73.67334776993465,18.724546377561047],[73.67334801821075,18.724548205173363],[73.6733450888003,18.7245500673301],[73.67334522947526,18.724551518083146],[73.67334894055263,18.724554994818504],[73.67334911983355,18.72455631456976],[73.67334590416537,18.724558476059],[73.67334599299173,18.72455939219933],[73.67335013473117,18.724563785490385],[73.67335021310717,18.72456436244402],[73.67334672362853,18.724566927186796],[73.67334674056028,18.72456710177415],[73.6733710285251,18.72475469129031],[73.67338601750549,18.72488676536592],[73.67339493968205,18.724893608215478],[73.67339547453129,18.724897545372905],[73.6733955628859,18.724897545998743],[73.67339996250483,18.724898757257236],[73.67339919498681,18.724901426843008],[73.67349956278527,18.725013066240194],[73.67342945800422,18.725123605714234],[73.67342624215539,18.72512403510701],[73.67342679473607,18.725128102851937],[73.67340578903423,18.725161495267344],[73.67346594906088,18.72567326258919],[73.67348987143687,18.725873456535606],[73.67369312030435,18.727593910558703],[73.67383352749681,18.72878353422584],[73.67402205060158,18.730378425147617],[73.67416062558237,18.730573013166513],[73.67416742590542,18.730580111398258],[73.6741685870753,18.730588659123153],[73.67417067450151,18.730588410323712],[73.67423095971475,18.730672970667143],[73.6741840969798,18.73070283613103],[73.67418635186893,18.730748669086488],[73.67420565743856,18.730905791818863],[73.67427545796208,18.73151074483304],[73.6742931230318,18.731658792536486],[73.67436545636184,18.73228177618849],[73.67438092380768,18.732411807228193],[73.67470474205955,18.735186736552997],[73.67475877308529,18.735648234892825],[73.67495174967475,18.737301176415034],[73.67484316290465,18.737502015939615],[73.67484317093259,18.73750209809763],[73.67483189292766,18.737524869678744],[73.67483829998636,18.737586236053076],[73.67485183988012,18.73763317314518],[73.67385529705518,18.738164595705236],[73.672243859087,18.73902365952366],[73.67209480408322,18.73910333633861],[73.67024809359934,18.74008773898394],[73.67012463878197,18.740153960692687],[73.66925202209636,18.740619324195567],[73.66914600736936,18.740675280542426],[73.6685312582794,18.74100302068389],[73.66847577420954,18.741034195081106],[73.6684743907141,18.74103490410481],[73.66846888204329,18.741035520355013],[73.66846745984533,18.741036308719384],[73.66846799544025,18.74103818157886],[73.66846521192721,18.74103960808375],[73.66846219529208,18.741039227024636],[73.668459666053,18.74104062906191],[73.66846015202967,18.741042201203115],[73.66845681091681,18.74104391347051],[73.66845499159496,18.74104322026093],[73.66845184221536,18.741044966060503],[73.66845228132632,18.741046234810305],[73.66844863054047,18.74104810577806],[73.66844744229549,18.741047405067732],[73.66844407809567,18.74104926995109],[73.66844443552485,18.741050255654777],[73.6684406375063,18.741052202082514],[73.66843990298837,18.741051584342994],[73.66843630630716,18.741053578096928],[73.66843659666506,18.741054272951978],[73.66843264503366,18.741056298092417],[73.668432225983,18.74105583995011],[73.66842853295601,18.741057887107797],[73.66842872790332,18.741058305559886],[73.66842475973054,18.74106033918472],[73.66842457182057,18.74106008288831],[73.66842082122797,18.741062161957977],[73.66842090359373,18.741062315396782],[73.66841869133548,18.74106344914232],[73.66841850160718,18.741063447792378],[73.66841614583525,18.741064753673392],[73.66840608176477,18.741069911345313],[73.66840607844891,18.741070334332424],[73.6684025579652,18.741072285842424],[73.66840226858503,18.74107186554373],[73.66839846349964,18.741073815588877],[73.6683984576737,18.741074558766396],[73.66839503511682,18.74107645598904],[73.66839455087283,18.741075820747305],[73.66839089284834,18.74107769543036],[73.66839088452802,18.74107875679241],[73.66838725075165,18.74108077110031],[73.66838654644685,18.74107992288681],[73.66838304060657,18.74108171957861],[73.66838282235673,18.74108322590603],[73.6683794181655,18.741085112958014],[73.66837847438929,18.74108405969472],[73.66837531193276,18.74108568039602],[73.66837474027577,18.74108770605513],[73.66837162020599,18.74108943560727],[73.66837043152842,18.741088181529538],[73.66836773247178,18.74108956475506],[73.66836646059714,18.741092295741712],[73.6683638648652,18.741093734641172],[73.66836240235149,18.74109229635004],[73.66836012051859,18.741093465761807],[73.66835812277154,18.74109691766119],[73.66835605901741,18.74109806166124],[73.66835430403832,18.74109644661435],[73.66835276267244,18.741097236533435],[73.6683496490099,18.741101614930948],[73.66834828068978,18.74110237342524],[73.66834623801684,18.741100580310167],[73.66834576769352,18.74110082135088],[73.66834061623521,18.741106622069548],[73.66834052632903,18.74110667191388],[73.66833837101954,18.74110491480986],[73.66819642586569,18.741182635259733],[73.66805843241532,18.741254924510464],[73.66802868933608,18.741271916870698],[73.6678583825235,18.741361709750496],[73.66771718589624,18.74143784051344],[73.66736211125077,18.74162647767489],[73.66723796284751,18.741693250178297],[73.66700152360153,18.741818809851605],[73.66637582788071,18.74215279322226],[73.666097017475,18.74230125203223],[73.66473912519879,18.74302550562491],[73.66427147842913,18.743274651254264],[73.66304767194508,18.743927309526377],[73.66291664965394,18.743883157800255],[73.66291573508049,18.743883626502942],[73.66291571964128,18.74388359252582],[73.66261899980825,18.743785388531016],[73.66250356535014,18.743532595876903],[73.6616541960574,18.741672542183952],[73.6611343283289,18.740534071632762],[73.65962870862043,18.737236879770364],[73.659018234755,18.735899988712696],[73.6577734738216,18.73317405758331],[73.6552839519721,18.72983403719084],[73.65352054065777,18.726886905549943],[73.6548474616629,18.725905157798437],[73.65625269294436,18.724865470677372],[73.65758349585379,18.723880850830206],[73.65866341555588,18.723081851672003],[73.6590300266734,18.722810607478444],[73.66019020654355,18.721952226307547],[73.66182763254382,18.720740745528783],[73.66244021431132,18.720287515233682],[73.66362212827342,18.719413053718526],[73.66372593304088,18.719336251766023],[73.66557415370475,18.717968810533304],[73.66611745418253,18.717566839353648],[73.66862773568077,18.715709559793233],[73.67045235038837,18.714359583896663],[73.67071702861314,18.71416375665775],[73.67196318297128,18.713241765653162]]]]}}, {"type" : "Feature", "properties" : {"ward_id" : 16, "ward_number" : 16, "ward_name" : "Ward 16", "ward_scheme" : "ANALYTICAL_GIS_23", "source" : "CivicBrain analytical GIS units, topology-cleaned v2 (from tdmc_wards_verified.geojson; disputed areas split to nearest undisputed core)", "area_km2" : 3.589299}, "geometry" : {"type":"MultiPolygon","coordinates":[[[[73.67349956278527,18.725013066240194],[73.67339919498681,18.724901426843008],[73.67339996250483,18.724898757257236],[73.6733955628859,18.724897545998743],[73.67339547453129,18.724897545372905],[73.67339493968205,18.724893608215478],[73.67338601750549,18.72488676536592],[73.6733710285251,18.72475469129031],[73.67334674056028,18.72456710177415],[73.67334672362853,18.724566927186796],[73.67335021310717,18.72456436244402],[73.67335013473117,18.724563785490385],[73.67334599299173,18.72455939219933],[73.67334590416537,18.724558476059],[73.67334911983355,18.72455631456976],[73.67334894055263,18.724554994818504],[73.67334522947526,18.724551518083146],[73.6733450888003,18.7245500673301],[73.67334801821075,18.724548205173363],[73.67334776993465,18.724546377561047],[73.67334446986446,18.724543684286218],[73.67334427223375,18.7245416460778],[73.67334692144905,18.724540131548846],[73.67334660816006,18.724537825362297],[73.67334369688626,18.724535712568237],[73.67334345650903,18.724533233623507],[73.67334581914417,18.72453201721394],[73.67334543771301,18.72452920931687],[73.67334291840427,18.72452768414641],[73.67334263963484,18.72452480926966],[73.6733447064547,18.724523826315586],[73.67334429715784,18.724520813356563],[73.67334213799973,18.724519635949182],[73.67334183162608,18.724516476314662],[73.67334360500232,18.724515718212523],[73.67334315095226,18.724512375844753],[73.67334136016764,18.724511614191492],[73.67334102187091,18.7245081253114],[73.67334250056358,18.724507588112704],[73.67334201170708,18.724503989471888],[73.6733405740671,18.724503507192686],[73.67334021647713,18.724499819428747],[73.67334139478892,18.724499448136083],[73.67334086987861,18.72449558414122],[73.67333978373584,18.72449535657417],[73.67333937904662,18.724491183070825],[73.67334024319378,18.724490970908928],[73.67333970837322,18.724487033968394],[73.67333896345654,18.724486897064143],[73.6733385502882,18.72448263614956],[73.67333909733861,18.724482535929663],[73.67333859827556,18.7244788622176],[73.67333817502131,18.72447876599491],[73.67333742468865,18.72447102787375],[73.6733374306272,18.724470266785026],[73.67333689251552,18.72446630558656],[73.67333689804705,18.724465596659893],[73.6733365005378,18.724461497203322],[73.67333624227051,18.724461518921753],[73.67333567579144,18.724457348898802],[73.67333604273743,18.72445677589477],[73.67333566702224,18.724452901218918],[73.67333507443395,18.724452922105318],[73.67333452937169,18.72444890974991],[73.6733352013746,18.724448099027594],[73.6733348306539,18.724444275838206],[73.67333389897371,18.724444269238663],[73.67333338471838,18.724440483661525],[73.67333434890905,18.724439307577367],[73.67333399518121,18.72443565965346],[73.6733327222945,18.724435607309285],[73.67333222649609,18.724431957647095],[73.67333348633173,18.72443041188831],[73.67333316287724,18.724427076138277],[73.67333154105881,18.724426911914353],[73.67333107030986,18.7244234466017],[73.67333263505112,18.7244216326722],[73.67333233131913,18.724418500354172],[73.6733303595097,18.724418214158803],[73.67332991367516,18.72441493227304],[73.6733317901605,18.72441291935583],[73.67333150209585,18.724409948649512],[73.67332917237297,18.724409475313035],[73.67332876838604,18.724406501418137],[73.673330937519,18.724404126178452],[73.67333067519019,18.72440142079827],[73.67332798075225,18.72440070343596],[73.6733276218411,18.724398061364703],[73.67333007643404,18.72439524587924],[73.67332987057851,18.72439312293603],[73.67332679848609,18.724392000380195],[73.6733264759958,18.724389626457707],[73.67332924859777,18.724386708470327],[73.67332906889051,18.72438485512117],[73.67332560742155,18.72438323260036],[73.67332538390824,18.72438158723012],[73.67332841895376,18.724378152371155],[73.67332828197452,18.724376739694936],[73.67332445595316,18.724374756295674],[73.67332429603536,18.724373579107247],[73.67332758553536,18.724369557372295],[73.67332750135176,18.724368689191873],[73.67332330816193,18.72436630706182],[73.67332321991148,18.724365657451905],[73.67332675012445,18.724360941838523],[73.67332672908464,18.724360724924484],[73.6733221556979,18.724357823467034],[73.67332214827192,18.72435776880979],[73.6733257871695,18.72435259957211],[73.67330878719986,18.724233492874472],[73.67328979574677,18.724056280039832],[73.67327379712822,18.723927270189012],[73.67325014317487,18.723718876619397],[73.67313730810757,18.722752193262576],[73.6731217167356,18.72261541331662],[73.67299961490784,18.721568226764056],[73.67290701246874,18.720771001982357],[73.67275981473071,18.719507458768575],[73.67258121997698,18.71797142711959],[73.67241789466443,18.71656907743552],[73.67235125781818,18.715995302037022],[73.6722031539293,18.714723603053333],[73.6720560413558,18.71345905908117],[73.67205053781075,18.713426257239576],[73.6720278511983,18.713353633694478],[73.6719907612509,18.713282000299717],[73.67196318297128,18.713241765653162],[73.6728866789595,18.712558499555048],[73.67509140022656,18.710927294581293],[73.67585990351037,18.71035870278525],[73.67887820782798,18.70812555290807],[73.67955634484738,18.707623820315764],[73.68278571003069,18.705234513035382],[73.68280008782784,18.705245192736584],[73.68317950213722,18.705457943148957],[73.68323824351307,18.705492262131223],[73.68328859162341,18.705517605723532],[73.68328887613063,18.70551779821123],[73.68329152013052,18.705522931429886],[73.68329333918346,18.705523765115593],[73.68329531989963,18.705522157751084],[73.68329770587427,18.70552377198722],[73.68329839344058,18.705526081536973],[73.68329976512423,18.705526710196487],[73.68330082421942,18.7055258817096],[73.68330684454851,18.705529954777333],[73.68331404504484,18.705533254849424],[73.68331434083512,18.70553502640508],[73.68331639058022,18.705536413163845],[73.68331813081335,18.705535127402165],[73.68332079961785,18.70553635054688],[73.68332130201065,18.70553973600303],[73.6833220635489,18.705540251221034],[73.6833265729928,18.70553899654889],[73.68332760021782,18.70553946734132],[73.68332832402169,18.70554448676262],[73.6833283864228,18.70554452897464],[73.68334223063584,18.705548227413075],[73.68346401533451,18.705618540015195],[73.68392798026856,18.70587889259194],[73.68463432975841,18.706276021186152],[73.68621643953686,18.707165079015766],[73.68673715946025,18.707798662030246],[73.68681372720602,18.707892779098223],[73.68683158354123,18.707912062001302],[73.68683305341047,18.707915619842762],[73.6868364855094,18.707917941833532],[73.68688943253656,18.70798431658748],[73.68687623409362,18.70801750529882],[73.68687531521891,18.70801791486389],[73.68687533436756,18.70801796119045],[73.68682506064808,18.70813795577073],[73.6872409797758,18.7090456664631],[73.68740272332445,18.709398026030446],[73.68751734755182,18.709648888612627],[73.68770569380433,18.710058439708313],[73.68780352754864,18.71027660676354],[73.68781964411339,18.710303669834214],[73.68781993631846,18.710304377136477],[73.68781757175682,18.71030756915424],[73.68781792157824,18.71030826194135],[73.68782260590646,18.710310838872243],[73.68782318268337,18.71031223497165],[73.68782107348282,18.710314503998703],[73.68782182401159,18.71031599033803],[73.68782552501717,18.7103179046092],[73.68782640618508,18.71032003749052],[73.6878246321942,18.71032155168697],[73.68782569794807,18.710323662303647],[73.68782848685721,18.71032507376495],[73.6878295763921,18.71032771100771],[73.68782821936564,18.710328655742682],[73.68782951815015,18.710331227863712],[73.6878314400119,18.71033222191423],[73.68783271361721,18.710335304668078],[73.68783183279288,18.71033581179499],[73.68783332646247,18.710338769864745],[73.6878344182553,18.710339430753702],[73.68783731078923,18.7103464321664],[73.68783730905537,18.710346657016903],[73.68784176267913,18.710355476989534],[73.68784151572024,18.710356610227198],[73.68784275254522,18.710359603971174],[73.68784371449917,18.710359342389182],[73.68784521543583,18.71036231485902],[73.68784463232649,18.710364153981384],[73.68784571751446,18.710366780702767],[73.68784732775948,18.710366498114773],[73.68784864429114,18.71036910537473],[73.68784775039437,18.710371701296946],[73.68784867574429,18.71037394109509],[73.68785099854699,18.71037376775422],[73.68785205257923,18.71037585518346],[73.68785092968906,18.710379396789943],[73.68785188194227,18.710381701745792],[73.68785496148017,18.710381615967524],[73.68785499755226,18.710381687415293],[73.68789828405097,18.710479813319335],[73.68799941775876,18.710699366268162],[73.68812624727765,18.71097671792255],[73.68893617832775,18.712744386012805],[73.68894215796416,18.712760845868686],[73.68904139916116,18.71312132378971],[73.68901080245104,18.713177185222527],[73.68899663881271,18.713219616032106],[73.6889904862544,18.71327839057113],[73.6890612277567,18.714408821766106],[73.68909501381539,18.71494521502293],[73.68914142390906,18.715687824076944],[73.68947660644885,18.72103356705929],[73.68957591181052,18.72261466181699],[73.68963238264043,18.723518151398896],[73.68969998702528,18.724593666999784],[73.68976776501934,18.724673950056758],[73.68976776671856,18.724673979381635],[73.68977241983454,18.724675203501477],[73.68980324617353,18.724715893211336],[73.68989164365185,18.724706575654455],[73.68989167251875,18.724706575856384],[73.68999755935279,18.724695373949505],[73.69093009403629,18.724903245242178],[73.69297291041,18.725358271315656],[73.69399792502666,18.725586745230427],[73.69406999648494,18.72559690680996],[73.69416338297039,18.725598166550313],[73.69431106317151,18.72586434301219],[73.69430974763156,18.725868859459712],[73.69431403187629,18.725869986534548],[73.69431276343319,18.725873517510685],[73.69434728150303,18.72592995912388],[73.69420985187787,18.72616387033629],[73.69420860189477,18.726163472310464],[73.69420702493312,18.72616786211877],[73.6942027535071,18.72617275904837],[73.69420037638618,18.726182042158676],[73.6941050666727,18.726341080765422],[73.69350262669604,18.72736321880928],[73.69274641041592,18.727989534208092],[73.69228726178088,18.72837008563403],[73.69228762954663,18.728370665363094],[73.69228373226642,18.728372961897804],[73.69228358933219,18.72837296089962],[73.69228340718183,18.72837315346026],[73.69228081958913,18.72837613624081],[73.69227888628035,18.728378352651298],[73.69227398168181,18.72837870760126],[73.69227302063298,18.728379273911948],[73.6922166742532,18.72842878626316],[73.69186814513888,18.728717039337603],[73.69160373831333,18.728773660188164],[73.69160358676466,18.72877374948991],[73.69159900712826,18.72877318446217],[73.69141598595515,18.728813897850554],[73.69138951205058,18.728779817702776],[73.6913638345978,18.728767491046753],[73.69088593023375,18.728711005254812],[73.6904731526663,18.728660953271607],[73.69023537272707,18.728633704856797],[73.69009025555425,18.728614831243455],[73.69006602637597,18.72861384253281],[73.68990329783195,18.72859150358012],[73.68989658233471,18.72859457666685],[73.6898965450532,18.728594571761484],[73.68989444292592,18.728590432462926],[73.68989430759758,18.72859041795299],[73.68988797760866,18.72859344484243],[73.68988750549296,18.72859338274168],[73.68988570252992,18.72858949537416],[73.68988498192849,18.72858941811634],[73.68987934316172,18.728592309113935],[73.68987848289193,18.728592195954544],[73.68987689969592,18.728588551595188],[73.68987580346142,18.72858843406501],[73.68987071555541,18.7285911742823],[73.68986946836313,18.72859101023549],[73.68986808996347,18.72858760707177],[73.68986651301528,18.728587438006983],[73.68986211315095,18.72859004277115],[73.68986041372963,18.728589819238476],[73.68985925691038,18.728586660053473],[73.68985725764993,18.72858644569994],[73.68985343854276,18.728588901754506],[73.68985141444543,18.728588635513766],[73.689850431789,18.728585713876395],[73.68984813875957,18.728585468036943],[73.68984486233511,18.728587773687877],[73.68984238711731,18.7285874481045],[73.68984160559688,18.728584767592015],[73.68983902079802,18.728584490470354],[73.68983617061656,18.728586630418228],[73.6898334610605,18.728586274017704],[73.68983281055282,18.72858382465164],[73.68982991203792,18.728583513889394],[73.68982754715125,18.72858549612866],[73.68982448059275,18.72858509277275],[73.68982399339168,18.728582879333235],[73.68982074666759,18.728582531246296],[73.68981881248575,18.728584347217414],[73.68981551522724,18.728583913512537],[73.68981513880952,18.728581930002633],[73.68981167942263,18.72858155911151],[73.6898100736707,18.728583197752645],[73.68980655746977,18.728582735253912],[73.6898062776321,18.72858097996583],[73.68980262532108,18.728580588396557],[73.68980132059689,18.728582046416637],[73.68979760723514,18.72858155797822],[73.68979740992575,18.72858002923234],[73.6897935218018,18.72857961237461],[73.68979252689726,18.728580889735774],[73.68978846473787,18.72858035542034],[73.68978835980438,18.72857905894214],[73.68978435925594,18.728578630029627],[73.68978355828256,18.728579710053733],[73.68977942870384,18.728579166871878],[73.68977939082714,18.72857809734269],[73.6897752321035,18.72857765147399],[73.68977464668453,18.728578537872558],[73.68977036097834,18.728577974152483],[73.68977035581099,18.72857712866635],[73.68976613269724,18.72857667589516],[73.68976572434283,18.72857736426941],[73.68976133987624,18.728576787560026],[73.6897613697959,18.728576165248054],[73.68975702449733,18.728575699368825],[73.6897567948102,18.728576189730003],[73.68975229205664,18.728575597454928],[73.68975232123864,18.728575195120694],[73.6897479271666,18.728574724011473],[73.68974781004236,18.72857500791821],[73.68974329196888,18.728574413629115],[73.68974331205473,18.728574229217152],[73.68973979010698,18.728573851615952],[73.68973897591664,18.72857384591892],[73.68973244580715,18.72857298698103],[73.68973167517422,18.728572981588737],[73.68972308792382,18.728572060925362],[73.6897225747726,18.728571688591156],[73.6897184648631,18.72857114799438],[73.68971838533824,18.72857155674435],[73.68971407121634,18.728571094208768],[73.68971364274898,18.728570513716026],[73.68970943727193,18.728569960549844],[73.68970930459126,18.72857058316382],[73.68970508541997,18.728570130816443],[73.6897044917831,18.728569310046662],[73.68970042755896,18.728568775461895],[73.68970022279252,18.7285696094761],[73.689696100344,18.728569167491987],[73.68969534140477,18.728568106453256],[73.68969142701738,18.728567591567188],[73.68969113446487,18.72856863509166],[73.6896871155903,18.728568204205498],[73.68968619128245,18.728566902888314],[73.68968243062558,18.728566408234233],[73.68968201660988,18.728567657527304],[73.6896782100001,18.728567249415224],[73.68967702827516,18.72856569763339],[73.68967350016588,18.728565233566954],[73.68967295205802,18.72856668569388],[73.68966916002266,18.72856627912938],[73.6896680201639,18.728564512753895],[73.68966446481593,18.728564045108172],[73.68966377924184,18.7285657022411],[73.68966017642543,18.728565315967177],[73.68965887193687,18.728563309444873],[73.68965550400083,18.72856286644152],[73.68965461579765,18.728564719793194],[73.68965126654295,18.728564360711875],[73.68964971300402,18.72856210472316],[73.68964656572521,18.728561690751427],[73.6896454708509,18.728563739335716],[73.68964252774228,18.728563423794743],[73.689640621737,18.728560908905145],[73.68963774989605,18.728560531161584],[73.68963647649863,18.728562775021842],[73.68963380699367,18.728562488819776],[73.68963150888757,18.728559710251968],[73.68962894042437,18.728559372401968],[73.68962747642288,18.728561810098213],[73.68962510470469,18.728561555816942],[73.68962237382104,18.728558508668808],[73.68962013007166,18.72855821353637],[73.68961842273147,18.72856083942252],[73.68961653443698,18.728560636966357],[73.68961320024154,18.728557302017553],[73.68961133326742,18.728557056445887],[73.68960940871665,18.7285598729999],[73.68960787973725,18.72855970906679],[73.68960401619302,18.7285560939914],[73.68960254258371,18.72855590016589],[73.68960038914899,18.72855890597776],[73.68959925986228,18.72855878490749],[73.68959466425943,18.72855486388955],[73.68959387285902,18.728554759786025],[73.68959139648409,18.728557941845235],[73.68959046936067,18.728557842448488],[73.68958561990075,18.728553674243503],[73.68958506694082,18.728553601510075],[73.68958223876452,18.728556960012202],[73.68958199959701,18.728556934374872],[73.68957635568093,18.728552455670133],[73.68957630075822,18.72855244844548],[73.68957327073036,18.728555905979743],[73.68938005823,18.72853011242877],[73.68931511678443,18.72852396569377],[73.68925535864024,18.728515471975804],[73.68911033384063,18.72849923368096],[73.68878307336554,18.728459381779636],[73.68835327226468,18.728408635643994],[73.68765140968264,18.7283245043527],[73.6864560516738,18.7281820604083],[73.68485344724108,18.727990641891445],[73.68442368055065,18.727903774503996],[73.6843676850637,18.727918260158088],[73.68436762990294,18.727918251900153],[73.68433959231965,18.72792571278328],[73.6843390680275,18.72791038857491],[73.68433492657958,18.72790924839663],[73.68433760627482,18.727906522624288],[73.68433231029273,18.72790173742549],[73.68429230752163,18.727761143542747],[73.68391230947903,18.726445509993248],[73.67871473615058,18.72482540181465],[73.67575191259067,18.72493208488666],[73.67377881412516,18.72500303569254],[73.67377865778374,18.725003015374867],[73.67377852782545,18.72500313737154],[73.67377427490767,18.72500464780596],[73.67369648210807,18.725006209201002],[73.67349956278527,18.725013066240194]]]]}}, {"type" : "Feature", "properties" : {"ward_id" : 17, "ward_number" : 17, "ward_name" : "Ward 17", "ward_scheme" : "ANALYTICAL_GIS_23", "source" : "CivicBrain analytical GIS units, topology-cleaned v2 (from tdmc_wards_verified.geojson; disputed areas split to nearest undisputed core)", "area_km2" : 0.900672}, "geometry" : {"type":"MultiPolygon","coordinates":[[[[73.68904139916116,18.71312132378971],[73.68907531537779,18.713135501609607],[73.68924710986012,18.71322010967008],[73.68927585629967,18.713227011275176],[73.68942924489332,18.713223759898337],[73.6894453281767,18.713221820543914],[73.68944617080535,18.71322191536114],[73.68944626636386,18.71322241182075],[73.68945098773658,18.713222444841275],[73.68945660859708,18.713223089930906],[73.68981077436865,18.713213611137448],[73.69057078751936,18.713194557690777],[73.69369352666357,18.71311699564508],[73.6959790848135,18.713060122118442],[73.69670436810313,18.713783586882858],[73.6969886880552,18.714066951038255],[73.6969922137772,18.714066730704534],[73.69699254429722,18.71407111338532],[73.69699262698543,18.714071122689187],[73.69699261942733,18.714072109522732],[73.69699283458934,18.714074962457985],[73.6970028027858,18.714081818487408],[73.69706209861312,18.714140396295047],[73.697111233216,18.714948582342853],[73.6971224075224,18.71513655969174],[73.69720263823449,18.716458332490237],[73.69717384327683,18.71647507544341],[73.69717382422773,18.716475087455457],[73.69714139229036,18.716493958847696],[73.69717243865153,18.716954293181093],[73.69722480139473,18.717739367576655],[73.69726620359206,18.718353405059915],[73.69732289821567,18.71920274751836],[73.6973799527591,18.720050575115874],[73.69743107172377,18.720814692448872],[73.69736741583303,18.720922344994733],[73.69736739197934,18.720922433237956],[73.69733218202106,18.720981620876252],[73.69732303264215,18.72100216652669],[73.69731488914154,18.721041139302756],[73.69616761317307,18.721603109005134],[73.69562965764602,18.721866422269056],[73.69499006493129,18.722179896402295],[73.69463696198196,18.72235253820702],[73.69438067494762,18.722478380769942],[73.69402669690508,18.722651410941214],[73.69373095276346,18.72279660458266],[73.69344087284261,18.72293827725972],[73.69318707278788,18.723062994168053],[73.6922447754844,18.72352420463814],[73.69211528936867,18.723587916182428],[73.6918947147609,18.723694947487203],[73.69179945507773,18.723743901211876],[73.69179901669081,18.723744108807825],[73.69179686327215,18.72374215480688],[73.6917960330241,18.7237425750767],[73.6917918947334,18.723747481348713],[73.69179094602933,18.723747930601128],[73.69178899554724,18.723746137449982],[73.69178707480116,18.72374710973393],[73.6917848854826,18.723750800514342],[73.69178289822112,18.723751741565838],[73.69178116882799,18.7237500993251],[73.69177849841732,18.723751451092497],[73.69177747361455,18.723754310338805],[73.69177478849556,18.723755581862502],[73.69177327823353,18.72375409354562],[73.69177025030883,18.723755626275082],[73.69176968670385,18.7237579977678],[73.69176678411888,18.72375937226554],[73.691765468251,18.723758046952668],[73.69176208083186,18.723759761660443],[73.69176195229615,18.723761660325433],[73.69175871914801,18.723763191359197],[73.69175759636417,18.72376203169781],[73.69175403137325,18.723763836284846],[73.6917541045721,18.723765376542577],[73.6917506564231,18.723767009392873],[73.69174972340112,18.723766016986275],[73.69174606666803,18.723767868010277],[73.69174625032753,18.723769095858387],[73.69174264409762,18.72377080355252],[73.69174192231002,18.723769965882134],[73.69173808658637,18.723771907525457],[73.69173833088198,18.72377284603744],[73.69173455085615,18.72377463603784],[73.69173401579509,18.72377396815829],[73.69173009240416,18.723775954170645],[73.69173032543775,18.723776636937387],[73.69172652240583,18.723778437837076],[73.69172616320547,18.72377794312424],[73.69172304737477,18.723779520355972],[73.69172321281522,18.72378000505882],[73.69171935410075,18.72378183232522],[73.69171914141602,18.72378149755317],[73.69171599770834,18.72378308890318],[73.69171607781475,18.723783383776585],[73.69171220096776,18.723785219617895],[73.69171210670662,18.723785058524033],[73.69170906819375,18.7237865966182],[73.691708839359,18.723786811478824],[73.69170286419879,18.723789640961893],[73.69170264208914,18.723789849508094],[73.69169544899168,18.723793490651385],[73.69169405546043,18.723793812260947],[73.69169068416161,18.72379540871646],[73.69169087423693,18.72379580638431],[73.69168760648272,18.72379746052643],[73.69168576000875,18.723797740505457],[73.6916827012262,18.72379918896434],[73.69168297047116,18.723799807267746],[73.69167993155791,18.723801345566436],[73.69167767654021,18.72380156835769],[73.69167472191695,18.72380296749322],[73.69167506203988,18.723803810512795],[73.69167224846393,18.723805234741775],[73.69166951655315,18.72380543245185],[73.69166673220376,18.72380675095505],[73.69166713356704,18.72380782390054],[73.69166477381721,18.723809018403855],[73.69166088445496,18.72380952010733],[73.69165876899888,18.723810521860827],[73.69165920699805,18.72381183631629],[73.69165710037667,18.723812902685168],[73.69165278404267,18.72381335598156],[73.69165080833505,18.72381429156413],[73.6916512766013,18.723815850674807],[73.69164941050292,18.723816795291032],[73.69164463046042,18.723817217038],[73.69164285900735,18.72381805588847],[73.69164333182783,18.72381987231501],[73.69164201769564,18.723820537533218],[73.69163617181424,18.723821222555216],[73.69163493725391,18.723821807167237],[73.69163542514653,18.72382387467593],[73.69163366241496,18.723824766963297],[73.69162835453412,18.723824924359075],[73.69162691606178,18.723825605533744],[73.69162736178168,18.723827956344923],[73.69162573371167,18.72382878047407],[73.69162029165133,18.723828742457986],[73.69161890671975,18.723829398280913],[73.69161928291668,18.72383204585701],[73.69161783344664,18.723832779580846],[73.69161218401281,18.723832581758753],[73.69161078119615,18.72383324604999],[73.69161112034463,18.72383617775048],[73.6916100627493,18.72383671310499],[73.69160355564317,18.72383666764833],[73.6916027292301,18.723837058992466],[73.69160298398292,18.723840296371968],[73.69160222727233,18.723840679419954],[73.691595187648,18.723840630242982],[73.69159462006786,18.723840899013712],[73.69159480852856,18.723844434780062],[73.69159447631088,18.723844602951843],[73.69152185953439,18.72387709635757],[73.69144793185204,18.723915526606834],[73.69135965693539,18.723956999759288],[73.69126877889332,18.724002925951037],[73.69116475242555,18.72405265879818],[73.69096775368375,18.724150163339022],[73.69050384768192,18.72437725002143],[73.69042601801952,18.724414726895365],[73.68998753034738,18.72462960844708],[73.68999167804377,18.724655938316705],[73.68999167952876,18.724655953598045],[73.68999755935279,18.724695373949505],[73.68989167251875,18.724706575856384],[73.68989164365185,18.724706575654455],[73.68980324617353,18.724715893211336],[73.68977241983454,18.724675203501477],[73.68976776671856,18.724673979381635],[73.68976776501934,18.724673950056758],[73.68969998702528,18.724593666999784],[73.68963238264043,18.723518151398896],[73.68957591181052,18.72261466181699],[73.68947660644885,18.72103356705929],[73.68914142390906,18.715687824076944],[73.68909501381539,18.71494521502293],[73.6890612277567,18.714408821766106],[73.6889904862544,18.71327839057113],[73.68899663881271,18.713219616032106],[73.68901080245104,18.713177185222527],[73.68904139916116,18.71312132378971]]]]}}, {"type" : "Feature", "properties" : {"ward_id" : 18, "ward_number" : 18, "ward_name" : "Ward 18", "ward_scheme" : "ANALYTICAL_GIS_23", "source" : "CivicBrain analytical GIS units, topology-cleaned v2 (from tdmc_wards_verified.geojson; disputed areas split to nearest undisputed core)", "area_km2" : 0.558294}, "geometry" : {"type":"MultiPolygon","coordinates":[[[[73.68688943253656,18.70798431658748],[73.68694019161241,18.70798899770318],[73.68694209798706,18.70798814798709],[73.68694242916797,18.707986824950478],[73.6869450254422,18.707986843138784],[73.68694522503945,18.70798675417636],[73.69056353289542,18.70760338660319],[73.69253747456943,18.70843823011319],[73.69293923847923,18.70860824033025],[73.69520754142651,18.709567511860843],[73.69575188510602,18.709797834548603],[73.6958836317625,18.70985492430889],[73.6958897902046,18.709854824048143],[73.69589471540729,18.709858170662926],[73.69589471467407,18.70985826634103],[73.69589931004171,18.709859227291066],[73.69596551961752,18.709887587050257],[73.69603675902538,18.709891005110855],[73.69611205177853,18.709949596993052],[73.69696878224809,18.71071536984464],[73.69784606973911,18.71149891877811],[73.69965405484899,18.71311434816686],[73.70011187181589,18.713523610207822],[73.70083044804284,18.71416553567765],[73.70079183453821,18.714239524370388],[73.70079183181598,18.71423952692681],[73.70072852635772,18.714360959394213],[73.69733157682445,18.71390195825871],[73.69712382326956,18.71408588628225],[73.69706209861312,18.714140396295047],[73.6970028027858,18.714081818487408],[73.69699283458934,18.714074962457985],[73.69699261942733,18.714072109522732],[73.69699262698543,18.714071122689187],[73.69699254429722,18.71407111338532],[73.6969922137772,18.714066730704534],[73.6969886880552,18.714066951038255],[73.69670436810313,18.713783586882858],[73.6959790848135,18.713060122118442],[73.69369352666357,18.71311699564508],[73.69057078751936,18.713194557690777],[73.68981077436865,18.713213611137448],[73.68945660859708,18.713223089930906],[73.68945098773658,18.713222444841275],[73.68944626636386,18.71322241182075],[73.68944617080535,18.71322191536114],[73.6894453281767,18.713221820543914],[73.68942924489332,18.713223759898337],[73.68927585629967,18.713227011275176],[73.68924710986012,18.71322010967008],[73.68907531537779,18.713135501609607],[73.68904139916116,18.71312132378971],[73.68894215796416,18.712760845868686],[73.68893617832775,18.712744386012805],[73.68812624727765,18.71097671792255],[73.68799941775876,18.710699366268162],[73.68789828405097,18.710479813319335],[73.68785499755226,18.710381687415293],[73.68785496148017,18.710381615967524],[73.68785188194227,18.710381701745792],[73.68785092968906,18.710379396789943],[73.68785205257923,18.71037585518346],[73.68785099854699,18.71037376775422],[73.68784867574429,18.71037394109509],[73.68784775039437,18.710371701296946],[73.68784864429114,18.71036910537473],[73.68784732775948,18.710366498114773],[73.68784571751446,18.710366780702767],[73.68784463232649,18.710364153981384],[73.68784521543583,18.71036231485902],[73.68784371449917,18.710359342389182],[73.68784275254522,18.710359603971174],[73.68784151572024,18.710356610227198],[73.68784176267913,18.710355476989534],[73.68783730905537,18.710346657016903],[73.68783731078923,18.7103464321664],[73.6878344182553,18.710339430753702],[73.68783332646247,18.710338769864745],[73.68783183279288,18.71033581179499],[73.68783271361721,18.710335304668078],[73.6878314400119,18.71033222191423],[73.68782951815015,18.710331227863712],[73.68782821936564,18.710328655742682],[73.6878295763921,18.71032771100771],[73.68782848685721,18.71032507376495],[73.68782569794807,18.710323662303647],[73.6878246321942,18.71032155168697],[73.68782640618508,18.71032003749052],[73.68782552501717,18.7103179046092],[73.68782182401159,18.71031599033803],[73.68782107348282,18.710314503998703],[73.68782318268337,18.71031223497165],[73.68782260590646,18.710310838872243],[73.68781792157824,18.71030826194135],[73.68781757175682,18.71030756915424],[73.68781993631846,18.710304377136477],[73.68781964411339,18.710303669834214],[73.68780352754864,18.71027660676354],[73.68770569380433,18.710058439708313],[73.68751734755182,18.709648888612627],[73.68740272332445,18.709398026030446],[73.6872409797758,18.7090456664631],[73.68682506064808,18.70813795577073],[73.68687533436756,18.70801796119045],[73.68687531521891,18.70801791486389],[73.68687623409362,18.70801750529882],[73.68688943253656,18.70798431658748]]],[[[73.70105369583618,18.714620029167676],[73.70099473246854,18.714521482063144],[73.70099471920194,18.714521465868827],[73.7009605606872,18.714464602034294],[73.70102701675538,18.714451943794863],[73.70102703768602,18.714451938662876],[73.70110079772063,18.714437743169988],[73.70111960579744,18.714535529591362],[73.70111961040075,18.71453553404193],[73.7011191731477,18.7145932279933],[73.70105369583618,18.714620029167676]]]]}}, {"type" : "Feature", "properties" : {"ward_id" : 19, "ward_number" : 19, "ward_name" : "Ward 19", "ward_scheme" : "ANALYTICAL_GIS_23", "source" : "CivicBrain analytical GIS units, topology-cleaned v2 (from tdmc_wards_verified.geojson; disputed areas split to nearest undisputed core)", "area_km2" : 1.548468}, "geometry" : {"type":"MultiPolygon","coordinates":[[[[73.68278571003069,18.705234513035382],[73.68461886232843,18.703878220409802],[73.6859545035657,18.70289002083581],[73.68686887010429,18.702213509339035],[73.68812423823405,18.701284701350886],[73.6887974481896,18.700786614138398],[73.69037735856178,18.699617687391708],[73.69096709853596,18.69918135703468],[73.69693815983932,18.69876240140789],[73.69817968730963,18.698675290455558],[73.69826522657988,18.698747938551723],[73.69835730670037,18.698811591449882],[73.69889898734894,18.699135566892743],[73.69892284986733,18.699153532766402],[73.69894592561398,18.699181427797882],[73.69934212220768,18.699848526127592],[73.69946568166537,18.700055959995872],[73.70004059973164,18.701023308319034],[73.70013350207297,18.701180740679437],[73.70031723358109,18.701487385657014],[73.70032280331789,18.701500491140774],[73.70040559499502,18.70163384726621],[73.70040577628298,18.70163416748869],[73.70040505620304,18.701640797301444],[73.70040546322036,18.701641450551406],[73.7004099472433,18.701641535054726],[73.70041040945458,18.7016423515],[73.70040960996533,18.701648105957897],[73.70041033369537,18.701649267525077],[73.70041425877336,18.70164915090451],[73.70041453882646,18.701649645603204],[73.70041433781748,18.70165569401588],[73.70041504936952,18.701656836043878],[73.70041826923593,18.70165649338506],[73.70041936938034,18.701663769526817],[73.70041975121745,18.701664382355354],[73.70043868855649,18.7016923035534],[73.70043889302012,18.701692664716486],[73.70044116008145,18.70169874296858],[73.70044186164792,18.70169986896046],[73.70044276239163,18.70169949954553],[73.70044350872658,18.70170081786518],[73.7004452144073,18.70170525003848],[73.70044627086006,18.701706945623965],[73.70044677611617,18.701706718099775],[73.70044986622464,18.701712716078077],[73.7004506435667,18.70171396367911],[73.70045088207809,18.70171384210684],[73.70045400660295,18.701719361255893],[73.70045873992956,18.701726958106853],[73.70045844910652,18.70172720846071],[73.70045989417183,18.701729761023202],[73.70046036675456,18.701729569109737],[73.70046226607693,18.701732617469894],[73.70046176573592,18.701733066937127],[73.70046391511734,18.701736863594423],[73.70046471880644,18.701736554021544],[73.70046648932289,18.701739395655174],[73.70046597292844,18.701740498512073],[73.7004683899104,18.70174476784195],[73.70047267918035,18.701749330178547],[73.70047289801008,18.701749681402056],[73.70047172326018,18.701750655855705],[73.7004735117405,18.7017538150164],[73.70047578358468,18.701754312659418],[73.70047764049055,18.70175729294553],[73.70047622191254,18.701758602250248],[73.70047778106934,18.701761356349774],[73.70048075377586,18.701762289665545],[73.70048238148192,18.70176490210208],[73.70048071889984,18.701766545705457],[73.70048197742867,18.701768768774095],[73.70048583838471,18.701770450319476],[73.70048706884363,18.701772425170212],[73.70048520214316,18.701774464875623],[73.70048610590815,18.701776061297487],[73.7004909334296,18.701778627726288],[73.70049178418701,18.70177999316096],[73.70048972810777,18.701782459522303],[73.70049021394452,18.701783317697288],[73.70049612500006,18.701786960039474],[73.70049651147458,18.70178758032771],[73.70049430386726,18.70179044893874],[73.7005598323016,18.701898221800576],[73.70083320678425,18.70235680848697],[73.70114411041644,18.702880901072458],[73.70137944076127,18.70327646864491],[73.7016820765617,18.703786143595604],[73.70287958932629,18.705801015561295],[73.70290144660333,18.705861173795043],[73.70290526822279,18.70589075453837],[73.70290484374817,18.705933820355604],[73.70285997899524,18.70596373335827],[73.70281082502405,18.705984840445137],[73.70277479451279,18.705994499116024],[73.70272778034473,18.706001205099405],[73.70257280631958,18.7060128003619],[73.69998664485567,18.7062076070466],[73.69606875125409,18.709626978106456],[73.69604665692464,18.70980660278226],[73.69604671243012,18.709826018512373],[73.69604459672487,18.709827168310063],[73.69604462729927,18.709827195341916],[73.69603675902538,18.709891005110855],[73.69596551961752,18.709887587050257],[73.69589931004171,18.709859227291066],[73.69589471467407,18.70985826634103],[73.69589471540729,18.709858170662926],[73.6958897902046,18.709854824048143],[73.6958836317625,18.70985492430889],[73.69575188510602,18.709797834548603],[73.69520754142651,18.709567511860843],[73.69293923847923,18.70860824033025],[73.69253747456943,18.70843823011319],[73.69056353289542,18.70760338660319],[73.68694522503945,18.70798675417636],[73.6869450254422,18.707986843138784],[73.68694242916797,18.707986824950478],[73.68694209798706,18.70798814798709],[73.68694019161241,18.70798899770318],[73.68688943253656,18.70798431658748],[73.6868364855094,18.707917941833532],[73.68683305341047,18.707915619842762],[73.68683158354123,18.707912062001302],[73.68681372720602,18.707892779098223],[73.68673715946025,18.707798662030246],[73.68621643953686,18.707165079015766],[73.68463432975841,18.706276021186152],[73.68392798026856,18.70587889259194],[73.68346401533451,18.705618540015195],[73.68334223063584,18.705548227413075],[73.6833283864228,18.70554452897464],[73.68332832402169,18.70554448676262],[73.68332760021782,18.70553946734132],[73.6833265729928,18.70553899654889],[73.6833220635489,18.705540251221034],[73.68332130201065,18.70553973600303],[73.68332079961785,18.70553635054688],[73.68331813081335,18.705535127402165],[73.68331639058022,18.705536413163845],[73.68331434083512,18.70553502640508],[73.68331404504484,18.705533254849424],[73.68330684454851,18.705529954777333],[73.68330082421942,18.7055258817096],[73.68329976512423,18.705526710196487],[73.68329839344058,18.705526081536973],[73.68329770587427,18.70552377198722],[73.68329531989963,18.705522157751084],[73.68329333918346,18.705523765115593],[73.68329152013052,18.705522931429886],[73.68328887613063,18.70551779821123],[73.68328859162341,18.705517605723532],[73.68323824351307,18.705492262131223],[73.68317950213722,18.705457943148957],[73.68280008782784,18.705245192736584],[73.68278571003069,18.705234513035382]]]]}}, {"type" : "Feature", "properties" : {"ward_id" : 20, "ward_number" : 20, "ward_name" : "Ward 20", "ward_scheme" : "ANALYTICAL_GIS_23", "source" : "CivicBrain analytical GIS units, topology-cleaned v2 (from tdmc_wards_verified.geojson; disputed areas split to nearest undisputed core)", "area_km2" : 0.445008}, "geometry" : {"type":"MultiPolygon","coordinates":[[[[73.69603675902538,18.709891005110855],[73.69604462729927,18.709827195341916],[73.69604459672487,18.709827168310063],[73.69604671243012,18.709826018512373],[73.69604665692464,18.70980660278226],[73.69606875125409,18.709626978106456],[73.69998664485567,18.7062076070466],[73.70257280631958,18.7060128003619],[73.70272778034473,18.706001205099405],[73.70277479451279,18.705994499116024],[73.70281082502405,18.705984840445137],[73.70285997899524,18.70596373335827],[73.70293354397671,18.706086749321905],[73.70294806615385,18.706118382909267],[73.70294857275084,18.706120142304272],[73.70294750246198,18.70612385826731],[73.70294796731615,18.706124679379155],[73.70294990839635,18.706124780930757],[73.70295167664091,18.70613092193188],[73.70295167431311,18.706131227399855],[73.70295204858434,18.70613188850583],[73.70295204617035,18.706132205286416],[73.70295316442177,18.706136088922797],[73.70298723890106,18.706215329465575],[73.70306437824264,18.70646475171771],[73.70314861301097,18.70673212850212],[73.70341765685309,18.70759363256406],[73.70356176074101,18.708053718061155],[73.70385087033216,18.70897851845941],[73.70383107800622,18.709185035548106],[73.7038310766967,18.70918520747832],[73.7037986816278,18.709523549887212],[73.7034547382962,18.71015170013468],[73.70313381885346,18.710738316410183],[73.70211127579402,18.71260602258354],[73.70192642582873,18.71294432664186],[73.70192342659054,18.712949416246595],[73.70192280084422,18.712950650979465],[73.7019225727534,18.712950865181742],[73.70192043297249,18.712954496320965],[73.7019037268559,18.712985733219863],[73.70165367822715,18.71344200955935],[73.70116119172276,18.71434189485958],[73.70113284031517,18.71437199338094],[73.70110687905488,18.71433040151504],[73.70109958538723,18.714295779951986],[73.70109958572628,18.714295735541878],[73.70109259283514,18.714287000676393],[73.70108954483163,18.714286519528432],[73.70108910635271,18.714286516488876],[73.70108893983232,18.7142864240247],[73.70108827885956,18.71428578498166],[73.70108577133333,18.714283568328607],[73.7010137832559,18.71425145490987],[73.70083044804284,18.71416553567765],[73.70011187181589,18.713523610207822],[73.69965405484899,18.71311434816686],[73.69784606973911,18.71149891877811],[73.69696878224809,18.71071536984464],[73.69611205177853,18.709949596993052],[73.69603675902538,18.709891005110855]]]]}}, {"type" : "Feature", "properties" : {"ward_id" : 21, "ward_number" : 21, "ward_name" : "Ward 21", "ward_scheme" : "ANALYTICAL_GIS_23", "source" : "CivicBrain analytical GIS units, topology-cleaned v2 (from tdmc_wards_verified.geojson; disputed areas split to nearest undisputed core)", "area_km2" : 0.110420}, "geometry" : {"type":"MultiPolygon","coordinates":[[[[73.69706209861312,18.714140396295047],[73.69712382326956,18.71408588628225],[73.69733157682445,18.71390195825871],[73.70072852635772,18.714360959394213],[73.70079183181598,18.71423952692681],[73.70079183453821,18.714239524370388],[73.70083044804284,18.71416553567765],[73.7010137832559,18.71425145490987],[73.70108577133333,18.714283568328607],[73.70108827885956,18.71428578498166],[73.70108893983232,18.7142864240247],[73.70108910635271,18.714286516488876],[73.70108954483163,18.714286519528432],[73.70109259283514,18.714287000676393],[73.70109958572628,18.714295735541878],[73.70109958538723,18.714295779951986],[73.70110687905488,18.71433040151504],[73.70113284031517,18.71437199338094],[73.70110079772063,18.714437743169988],[73.70102703768602,18.714451938662876],[73.70102701675538,18.714451943794863],[73.7009605606872,18.714464602034294],[73.70099471920194,18.714521465868827],[73.70099473246854,18.714521482063144],[73.70105369583618,18.714620029167676],[73.70069082552101,18.715207881063304],[73.70063853959026,18.71529583027761],[73.7006377599646,18.715296814803388],[73.700634647011,18.715296538804257],[73.7006341798486,18.71529754440041],[73.70063430460176,18.715301178330517],[73.70063249322477,18.715303465791788],[73.70063159756465,18.715303102889408],[73.70063013160309,18.715306258440926],[73.70063013014025,18.71530644996004],[73.70062974711644,18.71530693365406],[73.70062974593282,18.71530708861503],[73.70062677937624,18.715313474278712],[73.70062395264586,18.715314251054746],[73.70062291874952,18.715315556695185],[73.70062459829501,18.71531816915013],[73.70062376248944,18.715319968279548],[73.70061836644386,18.715321305466993],[73.70061812077235,18.715321615707676],[73.70057596254155,18.715394916450602],[73.70022695500123,18.71595953705628],[73.69950189040053,18.717134569522212],[73.6990949579317,18.717245107167304],[73.69909490496633,18.71724514944991],[73.69887433721166,18.717305137591346],[73.69772877204501,18.71676808429057],[73.69747618263486,18.716648937540374],[73.69747122634075,18.71664711202161],[73.69747103495901,18.716647110691106],[73.69746441680195,18.71664328014805],[73.69745820480969,18.71664224919886],[73.69745861195082,18.71663992034675],[73.69745839086028,18.7166397923857],[73.69725770464358,18.716547246380863],[73.69723514870022,18.716510581585915],[73.69723512502442,18.71651048324414],[73.69720263823449,18.716458332490237],[73.6971224075224,18.71513655969174],[73.697111233216,18.714948582342853],[73.69706209861312,18.714140396295047]]]]}}, {"type" : "Feature", "properties" : {"ward_id" : 22, "ward_number" : 22, "ward_name" : "Ward 22", "ward_scheme" : "ANALYTICAL_GIS_23", "source" : "CivicBrain analytical GIS units, topology-cleaned v2 (from tdmc_wards_verified.geojson; disputed areas split to nearest undisputed core)", "area_km2" : 0.131033}, "geometry" : {"type":"MultiPolygon","coordinates":[[[[73.69887433721166,18.717305137591346],[73.69909490496633,18.71724514944991],[73.6990949579317,18.717245107167304],[73.69950189040053,18.717134569522212],[73.70022695500123,18.71595953705628],[73.70057596254155,18.715394916450602],[73.70061812077235,18.715321615707676],[73.70061836644386,18.715321305466993],[73.70062376248944,18.715319968279548],[73.70062459829501,18.71531816915013],[73.70062291874952,18.715315556695185],[73.70062395264586,18.715314251054746],[73.70062677937624,18.715313474278712],[73.70062974593282,18.71530708861503],[73.70062974711644,18.71530693365406],[73.70063013014025,18.71530644996004],[73.70063013160309,18.715306258440926],[73.70063159756465,18.715303102889408],[73.70063249322477,18.715303465791788],[73.70063430460176,18.715301178330517],[73.7006341798486,18.71529754440041],[73.700634647011,18.715296538804257],[73.7006377599646,18.715296814803388],[73.70063853959026,18.71529583027761],[73.70069082552101,18.715207881063304],[73.70105369583618,18.714620029167676],[73.7011191731477,18.7145932279933],[73.70123094364138,18.714542849117134],[73.70123294100607,18.71453821751739],[73.70123312219717,18.71453822180038],[73.70127646765465,18.71454273161751],[73.70135079517163,18.71454345224737],[73.70138395064599,18.7145469824285],[73.7015139643126,18.714550755873475],[73.70175124086458,18.71456177172289],[73.70206707248259,18.7145746628224],[73.70215406733188,18.71457885255268],[73.70270172990209,18.714601719141346],[73.70300514110617,18.714614814656645],[73.70530288555807,18.714711985099896],[73.70536816130293,18.714793598868056],[73.70536791292717,18.714793979045393],[73.70536758726728,18.71479426148722],[73.70536758622086,18.714794398991636],[73.70536393318987,18.714799094517687],[73.7051811128734,18.71501182693272],[73.70508658106151,18.715123275150805],[73.7042044562713,18.71615423883329],[73.70353093238839,18.716941863865795],[73.70349418627289,18.7169558540737],[73.70326908870784,18.717068319446927],[73.70323419813072,18.717082029926747],[73.70286879481269,18.717124210568155],[73.70244032872462,18.71717468782594],[73.70230020976186,18.717190520322465],[73.70183592898486,18.717245162667002],[73.70173159989535,18.717256828307274],[73.70144828126219,18.7172902506797],[73.70112749737571,18.717327278292462],[73.70061829882141,18.71738711312657],[73.69987487656896,18.7174733374689],[73.69935556798019,18.71753434616667],[73.69923519388414,18.717547989146233],[73.6992177865374,18.717552745611012],[73.69918549312843,18.717581042163932],[73.6990463431643,18.717551686982905],[73.69903377525613,18.717551612470242],[73.69903103720462,18.71755002770926],[73.6990308730706,18.71754890757536],[73.69902898048345,18.717548894433126],[73.69891874204961,18.717526099724886],[73.69890928638692,18.71747957825503],[73.69890927750524,18.717479554148294],[73.69887433721166,18.717305137591346]]]]}}, {"type" : "Feature", "properties" : {"ward_id" : 23, "ward_number" : 23, "ward_name" : "Ward 23", "ward_scheme" : "ANALYTICAL_GIS_23", "source" : "CivicBrain analytical GIS units, topology-cleaned v2 (from tdmc_wards_verified.geojson; disputed areas split to nearest undisputed core)", "area_km2" : 1.649747}, "geometry" : {"type":"MultiPolygon","coordinates":[[[[73.69817968730963,18.698675290455558],[73.70012272586955,18.69853895840656],[73.70114717212527,18.698467078814694],[73.70191404425331,18.698413271719783],[73.7037053626399,18.69828758503158],[73.70492455112772,18.69820204147737],[73.7054966810374,18.698161898342363],[73.70724436943799,18.698039272936377],[73.70917883550128,18.697903542373712],[73.71057208313592,18.69780578606407],[73.71198532571599,18.69804483130706],[73.71347652530439,18.698297062692475],[73.71347652530548,18.70051677924546],[73.71347652529644,18.702967412886057],[73.71347652530292,18.705147953030835],[73.71344644523104,18.705162952231603],[73.71249844359656,18.705866995812386],[73.71205869695936,18.706193108970954],[73.7113334545076,18.70673173623626],[73.71033704901745,18.70747122798999],[73.71024842891667,18.707537268908666],[73.70936768459202,18.708191162652795],[73.70910190367854,18.708388087154233],[73.7087852066594,18.708623561322337],[73.70837508571223,18.70892765063881],[73.70816634947543,18.70908297135336],[73.70768511542164,18.709439936565158],[73.7067900879569,18.7101046150825],[73.70628260693141,18.710480977575525],[73.70626779873342,18.710498857818123],[73.70622145277727,18.710569771090086],[73.70610305345453,18.711356613170185],[73.70608081246489,18.71151533523575],[73.70608068334055,18.711515929264465],[73.70607633504757,18.71151989955124],[73.70607629320934,18.711520388270227],[73.70607916431204,18.71152291739807],[73.70607861604468,18.711525439651666],[73.70607576029116,18.711526613497405],[73.70607557904381,18.711528730719806],[73.70607751995225,18.71153048210166],[73.70607676938057,18.71153393498932],[73.7060751181875,18.71153411415138],[73.70607485149431,18.71153722948322],[73.70607585618451,18.71153813606558],[73.70607500932918,18.711542031953023],[73.70607444359162,18.711541994333086],[73.70607413778623,18.711545566622686],[73.70607413404512,18.711546058586638],[73.70607393750883,18.711546962730473],[73.70607392963531,18.711547998116394],[73.70607337544394,18.711554471834617],[73.70607218407105,18.71155502920674],[73.7060715625151,18.711557888607068],[73.70607303147402,18.71155848993794],[73.70607274279025,18.71156186206912],[73.70607048178137,18.711562860419225],[73.70607002093293,18.711564980527328],[73.70607232334443,18.711566761875083],[73.7060721073362,18.711569285094438],[73.7060687647709,18.711570759355176],[73.70606865375741,18.711571270051298],[73.70607152339966,18.711576106299184],[73.70607147226741,18.711576703586264],[73.70604063382754,18.71176877626591],[73.7058193521432,18.713233695480657],[73.70563413524069,18.714461569137068],[73.70540226403135,18.71463692386586],[73.70540219560658,18.714636938022583],[73.70530288555807,18.714711985099896],[73.70300514110617,18.714614814656645],[73.70270172990209,18.714601719141346],[73.70215406733188,18.71457885255268],[73.70206707248259,18.7145746628224],[73.70175124086458,18.71456177172289],[73.7015139643126,18.714550755873475],[73.70138395064599,18.7145469824285],[73.70135079517163,18.71454345224737],[73.70127646765465,18.71454273161751],[73.70123312219717,18.71453822180038],[73.70123294100607,18.71453821751739],[73.70123094364138,18.714542849117134],[73.7011191731477,18.7145932279933],[73.70111961040075,18.71453553404193],[73.70111960579744,18.714535529591362],[73.70110079772063,18.714437743169988],[73.70113284031517,18.71437199338094],[73.70116119172276,18.71434189485958],[73.70165367822715,18.71344200955935],[73.7019037268559,18.712985733219863],[73.70192043297249,18.712954496320965],[73.7019225727534,18.712950865181742],[73.70192280084422,18.712950650979465],[73.70192342659054,18.712949416246595],[73.70192642582873,18.71294432664186],[73.70211127579402,18.71260602258354],[73.70313381885346,18.710738316410183],[73.7034547382962,18.71015170013468],[73.7037986816278,18.709523549887212],[73.7038310766967,18.70918520747832],[73.70383107800622,18.709185035548106],[73.70385087033216,18.70897851845941],[73.70356176074101,18.708053718061155],[73.70341765685309,18.70759363256406],[73.70314861301097,18.70673212850212],[73.70306437824264,18.70646475171771],[73.70298723890106,18.706215329465575],[73.70295316442177,18.706136088922797],[73.70295204617035,18.706132205286416],[73.70295204858434,18.70613188850583],[73.70295167431311,18.706131227399855],[73.70295167664091,18.70613092193188],[73.70294990839635,18.706124780930757],[73.70294796731615,18.706124679379155],[73.70294750246198,18.70612385826731],[73.70294857275084,18.706120142304272],[73.70294806615385,18.706118382909267],[73.70293354397671,18.706086749321905],[73.70285997899524,18.70596373335827],[73.70290484374817,18.705933820355604],[73.70290526822279,18.70589075453837],[73.70290144660333,18.705861173795043],[73.70287958932629,18.705801015561295],[73.7016820765617,18.703786143595604],[73.70137944076127,18.70327646864491],[73.70114411041644,18.702880901072458],[73.70083320678425,18.70235680848697],[73.7005598323016,18.701898221800576],[73.70049430386726,18.70179044893874],[73.70049651147458,18.70178758032771],[73.70049612500006,18.701786960039474],[73.70049021394452,18.701783317697288],[73.70048972810777,18.701782459522303],[73.70049178418701,18.70177999316096],[73.7004909334296,18.701778627726288],[73.70048610590815,18.701776061297487],[73.70048520214316,18.701774464875623],[73.70048706884363,18.701772425170212],[73.70048583838471,18.701770450319476],[73.70048197742867,18.701768768774095],[73.70048071889984,18.701766545705457],[73.70048238148192,18.70176490210208],[73.70048075377586,18.701762289665545],[73.70047778106934,18.701761356349774],[73.70047622191254,18.701758602250248],[73.70047764049055,18.70175729294553],[73.70047578358468,18.701754312659418],[73.7004735117405,18.7017538150164],[73.70047172326018,18.701750655855705],[73.70047289801008,18.701749681402056],[73.70047267918035,18.701749330178547],[73.7004683899104,18.70174476784195],[73.70046597292844,18.701740498512073],[73.70046648932289,18.701739395655174],[73.70046471880644,18.701736554021544],[73.70046391511734,18.701736863594423],[73.70046176573592,18.701733066937127],[73.70046226607693,18.701732617469894],[73.70046036675456,18.701729569109737],[73.70045989417183,18.701729761023202],[73.70045844910652,18.70172720846071],[73.70045873992956,18.701726958106853],[73.70045400660295,18.701719361255893],[73.70045088207809,18.70171384210684],[73.7004506435667,18.70171396367911],[73.70044986622464,18.701712716078077],[73.70044677611617,18.701706718099775],[73.70044627086006,18.701706945623965],[73.7004452144073,18.70170525003848],[73.70044350872658,18.70170081786518],[73.70044276239163,18.70169949954553],[73.70044186164792,18.70169986896046],[73.70044116008145,18.70169874296858],[73.70043889302012,18.701692664716486],[73.70043868855649,18.7016923035534],[73.70041975121745,18.701664382355354],[73.70041936938034,18.701663769526817],[73.70041826923593,18.70165649338506],[73.70041504936952,18.701656836043878],[73.70041433781748,18.70165569401588],[73.70041453882646,18.701649645603204],[73.70041425877336,18.70164915090451],[73.70041033369537,18.701649267525077],[73.70040960996533,18.701648105957897],[73.70041040945458,18.7016423515],[73.7004099472433,18.701641535054726],[73.70040546322036,18.701641450551406],[73.70040505620304,18.701640797301444],[73.70040577628298,18.70163416748869],[73.70040559499502,18.70163384726621],[73.70032280331789,18.701500491140774],[73.70031723358109,18.701487385657014],[73.70013350207297,18.701180740679437],[73.70004059973164,18.701023308319034],[73.69946568166537,18.700055959995872],[73.69934212220768,18.699848526127592],[73.69894592561398,18.699181427797882],[73.69892284986733,18.699153532766402],[73.69889898734894,18.699135566892743],[73.69835730670037,18.698811591449882],[73.69826522657988,18.698747938551723],[73.69817968730963,18.698675290455558]]]]}}]}
