pair_id,complaint_id_1,complaint_id_2,category_1,category_2,description_1,description_2,latitude_1,longitude_1,latitude_2,longitude_2,submitted_time_1,submitted_time_2,distance_meters,time_difference_hours,actual_duplicate,label_notes
P00001,260,33,Pothole,Garbage Accumulation,Deep pothole noticed on the road.,Garbage has not been collected from the area.,18.714819,73.696184,18.715826,73.694564,2026-03-26T17:52:10+00:00,2026-03-27T01:49:10+00:00,204.074,7.95,,
P00002,260,263,Pothole,Streetlight,Deep pothole noticed on the road.,Streetlight is not functioning.,18.714819,73.696184,18.714641,73.698857,2026-03-26T17:52:10+00:00,2026-03-29T12:00:10+00:00,282.204,66.133,,
P00003,260,282,Pothole,Road Damage,Deep pothole noticed on the road.,Road surface is damaged and needs repair.,18.714819,73.696184,18.716518,73.695262,2026-03-26T17:52:10+00:00,2026-04-19T03:09:10+00:00,212.413,561.283,,
P00004,260,226,Pothole,Waterlogging,Deep pothole noticed on the road.,Rainwater has accumulated on the road.,18.714819,73.696184,18.71339,73.696749,2026-03-26T17:52:10+00:00,2026-05-26T15:02:10+00:00,169.674,1461.167,,
P00005,260,46,Pothole,Waterlogging,Deep pothole noticed on the road.,Standing water is causing difficulty for commuters.,18.714819,73.696184,18.71374,73.698561,2026-03-26T17:52:10+00:00,2026-06-15T08:37:10+00:00,277.603,1934.75,,
P00006,33,251,Garbage Accumulation,Garbage Accumulation,Garbage has not been collected from the area.,Garbage has accumulated near the roadside.,18.715826,73.694564,18.715874,73.693443,2026-03-27T01:49:10+00:00,2026-04-02T23:13:10+00:00,118.179,165.4,,
P00007,33,282,Garbage Accumulation,Road Damage,Garbage has not been collected from the area.,Road surface is damaged and needs repair.,18.715826,73.694564,18.716518,73.695262,2026-03-27T01:49:10+00:00,2026-04-19T03:09:10+00:00,106.417,553.333,,
P00008,33,340,Garbage Accumulation,Streetlight,Garbage has not been collected from the area.,Streetlight is not working at night.,18.715826,73.694564,18.717097,73.693737,2026-03-27T01:49:10+00:00,2026-04-22T12:14:10+00:00,166.01,634.417,,
P00009,33,114,Garbage Accumulation,Blocked Drain,Garbage has not been collected from the area.,Waste has blocked the drainage system.,18.715826,73.694564,18.716845,73.692027,2026-03-27T01:49:10+00:00,2026-05-16T17:21:10+00:00,290.217,1215.533,,
P00010,99,338,Pothole,Road Damage,Deep pothole noticed on the road.,Road surface is damaged and needs repair.,18.741034,73.663238,18.740991,73.665255,2026-03-27T08:23:10+00:00,2026-04-09T13:31:10+00:00,212.443,317.133,,
P00011,99,160,Pothole,Water Leakage,Deep pothole noticed on the road.,A water pipeline appears to be leaking.,18.741034,73.663238,18.742126,73.661901,2026-03-27T08:23:10+00:00,2026-04-14T04:30:10+00:00,185.915,428.117,,
P00012,73,158,Blocked Drain,Other,Drain requires cleaning and maintenance.,An issue with public infrastructure has been noticed.,18.740532,73.681583,18.741628,73.682274,2026-03-27T11:02:10+00:00,2026-04-12T13:00:10+00:00,141.938,385.967,,
P00013,73,39,Blocked Drain,Blocked Drain,Drain requires cleaning and maintenance.,Drain is blocked and water is not flowing.,18.740532,73.681583,18.74141,73.68025,2026-03-27T11:02:10+00:00,2026-04-21T15:28:10+00:00,170.978,604.433,,
P00014,73,461,Blocked Drain,Pothole,Drain requires cleaning and maintenance.,Pothole is creating a safety problem for commuters.,18.740532,73.681583,18.741407,73.679615,2026-03-27T11:02:10+00:00,2026-05-07T08:37:10+00:00,228.933,981.583,,
P00015,73,48,Blocked Drain,Streetlight,Drain requires cleaning and maintenance.,Streetlight is not working at night.,18.740532,73.681583,18.74258,73.683168,2026-03-27T11:02:10+00:00,2026-05-13T10:43:10+00:00,282.338,1127.683,,
P00016,73,210,Blocked Drain,Streetlight,Drain requires cleaning and maintenance.,Streetlight is not functioning.,18.740532,73.681583,18.739002,73.682644,2026-03-27T11:02:10+00:00,2026-05-24T04:15:10+00:00,203.533,1385.217,,
P00017,384,339,Blocked Drain,Garbage Accumulation,Drain requires cleaning and maintenance.,Waste has been dumped near the road.,18.746917,73.685866,18.745605,73.68504,2026-03-27T12:45:10+00:00,2026-05-02T08:48:10+00:00,169.846,860.05,,
P00018,384,106,Blocked Drain,Waterlogging,Drain requires cleaning and maintenance.,Standing water is causing difficulty for commuters.,18.746917,73.685866,18.746247,73.68768,2026-03-27T12:45:10+00:00,2026-06-04T02:33:10+00:00,205.022,1645.8,,
P00019,384,435,Blocked Drain,Water Leakage,Drain requires cleaning and maintenance.,A water pipeline appears to be leaking.,18.746917,73.685866,18.744607,73.686233,2026-03-27T12:45:10+00:00,2026-06-07T07:24:10+00:00,259.751,1722.65,,
P00020,104,491,Road Damage,Streetlight,Road has cracks and damaged portions.,Streetlight requires repair.,18.733586,73.6618,18.733929,73.661544,2026-03-27T21:51:10+00:00,2026-04-22T15:03:10+00:00,46.705,617.2,,
P00021,104,467,Road Damage,Other,Road has cracks and damaged portions.,An issue with public infrastructure has been noticed.,18.733586,73.6618,18.732328,73.660372,2026-03-27T21:51:10+00:00,2026-06-21T23:55:10+00:00,205.377,2066.067,,
P00022,350,69,Pothole,Water Leakage,Deep pothole noticed on the road.,A water pipeline appears to be leaking.,18.729533,73.667872,18.728124,73.666805,2026-03-28T02:20:10+00:00,2026-04-17T04:38:10+00:00,192.8,482.3,,
P00023,350,63,Pothole,Waterlogging,Deep pothole noticed on the road.,Standing water is causing difficulty for commuters.,18.729533,73.667872,18.731818,73.6685,2026-03-28T02:20:10+00:00,2026-06-11T09:59:10+00:00,262.546,1807.65,,
P00024,120,468,Blocked Drain,Garbage Accumulation,Drain is blocked and water is not flowing.,Waste has been dumped near the road.,18.707197,73.705235,18.70738,73.704434,2026-03-28T03:02:10+00:00,2026-04-02T04:31:10+00:00,86.781,121.483,,
P00025,120,6,Blocked Drain,Waterlogging,Drain is blocked and water is not flowing.,Standing water is causing difficulty for commuters.,18.707197,73.705235,18.707803,73.703354,2026-03-28T03:02:10+00:00,2026-06-14T22:48:10+00:00,209.254,1891.767,,
P00026,391,200,Water Leakage,Road Damage,Water leakage is observed near the road.,Damaged portion of road requires maintenance.,18.7081,73.697963,18.709571,73.699529,2026-03-28T04:25:10+00:00,2026-05-04T11:12:10+00:00,232.285,894.783,,
P00027,391,285,Water Leakage,Pothole,Water leakage is observed near the road.,Pothole is creating a safety problem for commuters.,18.7081,73.697963,18.707415,73.699155,2026-03-28T04:25:10+00:00,2026-05-30T13:06:10+00:00,146.841,1520.683,,
P00028,391,287,Water Leakage,Garbage Accumulation,Water leakage is observed near the road.,Garbage has accumulated near the roadside.,18.7081,73.697963,18.70989,73.698548,2026-03-28T04:25:10+00:00,2026-06-26T02:51:10+00:00,208.357,2158.433,,
P00029,334,383,Water Leakage,Streetlight,Water leakage is observed near the road.,Streetlight is not functioning.,18.749543,73.674427,18.747069,73.674628,2026-03-28T05:38:10+00:00,2026-05-12T11:18:10+00:00,275.909,1085.667,,
P00030,175,302,Garbage Accumulation,Water Leakage,Waste has been dumped near the road.,A water pipeline appears to be leaking.,18.713984,73.710513,18.715139,73.709095,2026-03-28T09:33:10+00:00,2026-04-07T01:39:10+00:00,196.967,232.1,,
P00031,175,294,Garbage Accumulation,Garbage Accumulation,Waste has been dumped near the road.,Waste has been dumped near the road.,18.713984,73.710513,18.711744,73.711958,2026-03-28T09:33:10+00:00,2026-06-01T20:08:10+00:00,291.888,1570.583,,
P00032,175,280,Garbage Accumulation,Waterlogging,Waste has been dumped near the road.,Standing water is causing difficulty for commuters.,18.713984,73.710513,18.711497,73.70985,2026-03-28T09:33:10+00:00,2026-06-07T06:53:10+00:00,285.221,1701.333,,
P00033,175,466,Garbage Accumulation,Road Damage,Waste has been dumped near the road.,Damaged portion of road requires maintenance.,18.713984,73.710513,18.715657,73.712237,2026-03-28T09:33:10+00:00,2026-06-23T11:29:10+00:00,259.947,2089.933,,
P00034,32,147,Pothole,Blocked Drain,Pothole is creating a safety problem for commuters.,Drain requires cleaning and maintenance.,18.723272,73.689378,18.722607,73.688217,2026-03-28T14:43:10+00:00,2026-04-17T13:56:10+00:00,142.887,479.217,,
P00035,32,483,Pothole,Other,Pothole is creating a safety problem for commuters.,An issue with public infrastructure has been noticed.,18.723272,73.689378,18.721797,73.688114,2026-03-28T14:43:10+00:00,2026-04-18T06:26:10+00:00,211.233,495.717,,
P00036,32,452,Pothole,Road Damage,Pothole is creating a safety problem for commuters.,Road has cracks and damaged portions.,18.723272,73.689378,18.725662,73.689217,2026-03-28T14:43:10+00:00,2026-06-14T14:16:10+00:00,266.296,1871.55,,
P00037,89,271,Streetlight,Streetlight,Streetlight is not working at night.,Streetlight requires repair.,18.750156,73.712589,18.748955,73.713485,2026-03-28T21:18:10+00:00,2026-04-02T20:49:10+00:00,163.508,119.517,,
P00038,89,124,Streetlight,Road Damage,Streetlight is not working at night.,Road surface is damaged and needs repair.,18.750156,73.712589,18.74758,73.713316,2026-03-28T21:18:10+00:00,2026-06-05T04:07:10+00:00,296.49,1638.817,,
P00039,89,458,Streetlight,Road Damage,Streetlight is not working at night.,Damaged portion of road requires maintenance.,18.750156,73.712589,18.750238,73.713709,2026-03-28T21:18:10+00:00,2026-06-16T04:00:10+00:00,118.281,1902.7,,
P00040,89,309,Streetlight,Waterlogging,Streetlight is not working at night.,Standing water is causing difficulty for commuters.,18.750156,73.712589,18.748823,73.711924,2026-03-28T21:18:10+00:00,2026-06-20T16:19:10+00:00,163.93,2011.017,,
P00041,193,296,Garbage Accumulation,Blocked Drain,Garbage has accumulated near the roadside.,Drain is blocked and water is not flowing.,18.72646,73.692226,18.726204,73.690741,2026-03-29T06:19:10+00:00,2026-04-12T00:59:10+00:00,158.953,330.667,,
P00042,193,255,Garbage Accumulation,Garbage Accumulation,Garbage has accumulated near the roadside.,Garbage has not been collected from the area.,18.72646,73.692226,18.727956,73.693191,2026-03-29T06:19:10+00:00,2026-04-26T02:35:10+00:00,194.932,668.267,,
P00043,193,203,Garbage Accumulation,Water Leakage,Garbage has accumulated near the roadside.,Water leakage is observed near the road.,18.72646,73.692226,18.728087,73.692374,2026-03-29T06:19:10+00:00,2026-04-30T08:44:10+00:00,181.584,770.417,,
P00044,193,141,Garbage Accumulation,Other,Garbage has accumulated near the roadside.,A municipal issue has been reported.,18.72646,73.692226,18.727946,73.693161,2026-03-29T06:19:10+00:00,2026-05-29T14:18:10+00:00,192.348,1471.983,,
P00045,295,303,Waterlogging,Pothole,Standing water is causing difficulty for commuters.,Deep pothole noticed on the road.,18.710319,73.682086,18.712143,73.68387,2026-03-29T06:22:10+00:00,2026-04-27T08:14:10+00:00,276.473,697.867,,
P00046,263,226,Streetlight,Waterlogging,Streetlight is not functioning.,Rainwater has accumulated on the road.,18.714641,73.698857,18.71339,73.696749,2026-03-29T12:00:10+00:00,2026-05-26T15:02:10+00:00,261.987,1395.033,,
P00047,263,308,Streetlight,Road Damage,Streetlight is not functioning.,Road surface is damaged and needs repair.,18.714641,73.698857,18.715665,73.701143,2026-03-29T12:00:10+00:00,2026-05-29T06:22:10+00:00,266.32,1458.367,,
P00048,263,46,Streetlight,Waterlogging,Streetlight is not functioning.,Standing water is causing difficulty for commuters.,18.714641,73.698857,18.71374,73.698561,2026-03-29T12:00:10+00:00,2026-06-15T08:37:10+00:00,104.925,1868.617,,
P00049,263,245,Streetlight,Other,Streetlight is not functioning.,A municipal issue has been reported.,18.714641,73.698857,18.716407,73.699685,2026-03-29T12:00:10+00:00,2026-06-21T06:09:10+00:00,214.861,2010.15,,
P00050,263,25,Streetlight,Road Damage,Streetlight is not functioning.,Road surface is damaged and needs repair.,18.714641,73.698857,18.714425,73.700506,2026-03-29T12:00:10+00:00,2026-06-23T23:29:10+00:00,175.319,2075.483,,
P00051,312,495,Pothole,Other,Large pothole causing difficulty for vehicles.,A municipal service-related issue has been reported.,18.708443,73.688413,18.708301,73.688068,2026-03-29T15:41:10+00:00,2026-04-09T13:13:10+00:00,39.618,261.533,,
P00052,312,359,Pothole,Blocked Drain,Large pothole causing difficulty for vehicles.,Waste has blocked the drainage system.,18.708443,73.688413,18.707488,73.686911,2026-03-29T15:41:10+00:00,2026-05-24T08:06:10+00:00,190.528,1336.417,,
P00053,312,250,Pothole,Water Leakage,Large pothole causing difficulty for vehicles.,Water is leaking from a pipeline.,18.708443,73.688413,18.708596,73.690718,2026-03-29T15:41:10+00:00,2026-05-27T03:05:10+00:00,243.357,1403.4,,
P00054,312,218,Pothole,Waterlogging,Large pothole causing difficulty for vehicles.,Standing water is causing difficulty for commuters.,18.708443,73.688413,18.709516,73.685995,2026-03-29T15:41:10+00:00,2026-06-21T06:44:10+00:00,281.226,2007.05,,
P00055,312,323,Pothole,Other,Large pothole causing difficulty for vehicles.,A municipal issue has been reported.,18.708443,73.688413,18.711131,73.688227,2026-03-29T15:41:10+00:00,2026-06-22T02:21:10+00:00,299.533,2026.667,,
P00056,312,119,Pothole,Streetlight,Large pothole causing difficulty for vehicles.,Streetlight is not functioning.,18.708443,73.688413,18.709212,73.685721,2026-03-29T15:41:10+00:00,2026-06-23T15:34:10+00:00,296.134,2063.883,,
P00057,105,336,Road Damage,Road Damage,Road surface is damaged and needs repair.,Road surface is damaged and needs repair.,18.720734,73.67043,18.718166,73.669959,2026-03-29T16:45:10+00:00,2026-03-30T17:05:10+00:00,289.825,24.333,,
P00058,105,223,Road Damage,Streetlight,Road surface is damaged and needs repair.,Streetlight requires repair.,18.720734,73.67043,18.720537,73.670656,2026-03-29T16:45:10+00:00,2026-06-19T14:21:10+00:00,32.347,1965.6,,
P00059,105,83,Road Damage,Other,Road surface is damaged and needs repair.,An issue with public infrastructure has been noticed.,18.720734,73.67043,18.722392,73.671198,2026-03-29T16:45:10+00:00,2026-06-22T16:12:10+00:00,201.322,2039.45,,
P00060,336,223,Road Damage,Streetlight,Road surface is damaged and needs repair.,Streetlight requires repair.,18.718166,73.669959,18.720537,73.670656,2026-03-30T17:05:10+00:00,2026-06-19T14:21:10+00:00,273.671,1941.267,,
P00061,128,126,Streetlight,Garbage Accumulation,Streetlight is not working at night.,Garbage has not been collected from the area.,18.742852,73.699448,18.741783,73.701445,2026-03-31T03:28:10+00:00,2026-03-31T20:58:10+00:00,241.553,17.5,,
P00062,128,381,Streetlight,Road Damage,Streetlight is not working at night.,Road has cracks and damaged portions.,18.742852,73.699448,18.745357,73.69899,2026-03-31T03:28:10+00:00,2026-04-20T20:38:10+00:00,282.687,497.167,,
P00063,126,364,Garbage Accumulation,Water Leakage,Garbage has not been collected from the area.,Water is leaking from a pipeline.,18.741783,73.701445,18.741164,73.702735,2026-03-31T20:58:10+00:00,2026-06-26T09:18:10+00:00,152.279,2076.333,,
P00064,142,368,Waterlogging,Waterlogging,Rainwater has accumulated on the road.,Rainwater has accumulated on the road.,18.713915,73.689461,18.715209,73.687286,2026-04-01T05:25:10+00:00,2026-04-16T21:25:10+00:00,270.505,376.0,,
P00065,142,288,Waterlogging,Water Leakage,Rainwater has accumulated on the road.,Water is leaking from a pipeline.,18.713915,73.689461,18.715465,73.691655,2026-04-01T05:25:10+00:00,2026-06-14T23:50:10+00:00,288.263,1794.417,,
P00066,228,81,Waterlogging,Streetlight,Water is accumulated in the area.,Streetlight requires repair.,18.747194,73.689245,18.747218,73.690957,2026-04-01T06:12:10+00:00,2026-04-29T02:45:10+00:00,180.286,668.55,,
P00067,228,106,Waterlogging,Waterlogging,Water is accumulated in the area.,Standing water is causing difficulty for commuters.,18.747194,73.689245,18.746247,73.68768,2026-04-01T06:12:10+00:00,2026-06-04T02:33:10+00:00,195.56,1532.35,,
P00068,196,353,Water Leakage,Streetlight,Water is leaking from a pipeline.,Streetlight is not functioning.,18.725565,73.662726,18.725445,73.66227,2026-04-01T11:47:10+00:00,2026-05-22T02:48:10+00:00,49.84,1215.017,,
P00069,132,7,Pothole,Other,Deep pothole noticed on the road.,An issue with public infrastructure has been noticed.,18.73591,73.686803,18.735365,73.686964,2026-04-01T16:18:10+00:00,2026-04-22T17:52:10+00:00,62.928,505.567,,
P00070,132,486,Pothole,Pothole,Deep pothole noticed on the road.,Deep pothole noticed on the road.,18.73591,73.686803,18.735588,73.687928,2026-04-01T16:18:10+00:00,2026-06-06T00:30:10+00:00,123.758,1568.2,,
P00071,317,498,Other,Road Damage,A municipal service-related issue has been reported.,Road has cracks and damaged portions.,18.73699,73.707455,18.735448,73.705675,2026-04-01T18:33:10+00:00,2026-04-20T09:57:10+00:00,254.033,447.4,,
P00072,317,326,Other,Blocked Drain,A municipal service-related issue has been reported.,Drain is blocked and water is not flowing.,18.73699,73.707455,18.738887,73.70828,2026-04-01T18:33:10+00:00,2026-06-04T14:22:10+00:00,228.126,1531.817,,
P00073,317,472,Other,Waterlogging,A municipal service-related issue has been reported.,Standing water is causing difficulty for commuters.,18.73699,73.707455,18.73839,73.705235,2026-04-01T18:33:10+00:00,2026-06-26T11:21:10+00:00,280.86,2056.8,,
P00074,468,6,Garbage Accumulation,Waterlogging,Waste has been dumped near the road.,Standing water is causing difficulty for commuters.,18.70738,73.704434,18.707803,73.703354,2026-04-02T04:31:10+00:00,2026-06-14T22:48:10+00:00,123.087,1770.283,,
P00075,348,54,Blocked Drain,Blocked Drain,Drain requires cleaning and maintenance.,Drain is blocked and water is not flowing.,18.747447,73.682489,18.746327,73.681773,2026-04-02T14:38:10+00:00,2026-05-05T14:37:10+00:00,145.581,791.983,,
P00076,194,411,Road Damage,Pothole,Road has cracks and damaged portions.,Large pothole causing difficulty for vehicles.,18.72169,73.666914,18.719417,73.667296,2026-04-02T18:04:10+00:00,2026-05-04T16:36:10+00:00,255.928,766.533,,
P00077,271,124,Streetlight,Road Damage,Streetlight requires repair.,Road surface is damaged and needs repair.,18.748955,73.713485,18.74758,73.713316,2026-04-02T20:49:10+00:00,2026-06-05T04:07:10+00:00,153.925,1519.3,,
P00078,271,458,Streetlight,Road Damage,Streetlight requires repair.,Damaged portion of road requires maintenance.,18.748955,73.713485,18.750238,73.713709,2026-04-02T20:49:10+00:00,2026-06-16T04:00:10+00:00,144.6,1783.183,,
P00079,271,309,Streetlight,Waterlogging,Streetlight requires repair.,Standing water is causing difficulty for commuters.,18.748955,73.713485,18.748823,73.711924,2026-04-02T20:49:10+00:00,2026-06-20T16:19:10+00:00,165.019,1891.5,,
P00080,251,282,Garbage Accumulation,Road Damage,Garbage has accumulated near the roadside.,Road surface is damaged and needs repair.,18.715874,73.693443,18.716518,73.695262,2026-04-02T23:13:10+00:00,2026-04-19T03:09:10+00:00,204.514,387.933,,
P00081,251,340,Garbage Accumulation,Streetlight,Garbage has accumulated near the roadside.,Streetlight is not working at night.,18.715874,73.693443,18.717097,73.693737,2026-04-02T23:13:10+00:00,2026-04-22T12:14:10+00:00,139.472,469.017,,
P00082,251,114,Garbage Accumulation,Blocked Drain,Garbage has accumulated near the roadside.,Waste has blocked the drainage system.,18.715874,73.693443,18.716845,73.692027,2026-04-02T23:13:10+00:00,2026-05-16T17:21:10+00:00,184.109,1050.133,,
P00083,251,288,Garbage Accumulation,Water Leakage,Garbage has accumulated near the roadside.,Water is leaking from a pipeline.,18.715874,73.693443,18.715465,73.691655,2026-04-02T23:13:10+00:00,2026-06-14T23:50:10+00:00,193.718,1752.617,,
P00084,482,45,Blocked Drain,Streetlight,Drain requires cleaning and maintenance.,Streetlight is not working at night.,18.71168,73.678391,18.71092,73.676163,2026-04-03T01:08:10+00:00,2026-05-08T03:56:10+00:00,249.402,842.8,,
P00085,482,214,Blocked Drain,Pothole,Drain requires cleaning and maintenance.,Large pothole causing difficulty for vehicles.,18.71168,73.678391,18.711609,73.679376,2026-04-03T01:08:10+00:00,2026-05-22T01:12:10+00:00,104.038,1176.067,,
P00086,482,291,Blocked Drain,Streetlight,Drain requires cleaning and maintenance.,Streetlight is not functioning.,18.71168,73.678391,18.710444,73.676972,2026-04-03T01:08:10+00:00,2026-06-04T00:53:10+00:00,203.035,1487.75,,
P00087,482,209,Blocked Drain,Water Leakage,Drain requires cleaning and maintenance.,Water leakage is observed near the road.,18.71168,73.678391,18.712423,73.676394,2026-04-03T01:08:10+00:00,2026-06-18T21:08:10+00:00,225.964,1844.0,,
P00088,426,440,Other,Pothole,A municipal service-related issue has been reported.,Large pothole causing difficulty for vehicles.,18.701292,73.702967,18.703462,73.703968,2026-04-03T03:57:10+00:00,2026-06-07T00:22:10+00:00,263.32,1556.417,,
P00089,426,258,Other,Blocked Drain,A municipal service-related issue has been reported.,Drain is blocked and water is not flowing.,18.701292,73.702967,18.700968,73.703583,2026-04-03T03:57:10+00:00,2026-06-19T03:03:10+00:00,74.211,1847.1,,
P00090,3,487,Pothole,Pothole,Large pothole causing difficulty for vehicles.,Large pothole causing difficulty for vehicles.,18.72155,73.681183,18.723108,73.680618,2026-04-03T08:07:10+00:00,2026-04-28T12:07:10+00:00,183.175,604.0,,
P00091,3,198,Pothole,Waterlogging,Large pothole causing difficulty for vehicles.,Standing water is causing difficulty for commuters.,18.72155,73.681183,18.723304,73.680961,2026-04-03T08:07:10+00:00,2026-04-29T10:26:10+00:00,196.432,626.317,,
P00092,3,331,Pothole,Waterlogging,Large pothole causing difficulty for vehicles.,Standing water is causing difficulty for commuters.,18.72155,73.681183,18.723705,73.68095,2026-04-03T08:07:10+00:00,2026-05-23T17:25:10+00:00,240.878,1209.3,,
P00093,3,283,Pothole,Waterlogging,Large pothole causing difficulty for vehicles.,Standing water is causing difficulty for commuters.,18.72155,73.681183,18.719114,73.681133,2026-04-03T08:07:10+00:00,2026-06-04T21:40:10+00:00,270.922,1501.55,,
P00094,3,5,Pothole,Streetlight,Large pothole causing difficulty for vehicles.,Streetlight is not functioning.,18.72155,73.681183,18.718989,73.681604,2026-04-03T08:07:10+00:00,2026-06-16T16:36:10+00:00,288.201,1784.483,,
P00095,3,399,Pothole,Water Leakage,Large pothole causing difficulty for vehicles.,A water pipeline appears to be leaking.,18.72155,73.681183,18.721912,73.682864,2026-04-03T08:07:10+00:00,2026-06-19T05:50:10+00:00,181.547,1845.717,,
P00096,425,39,Pothole,Blocked Drain,Large pothole causing difficulty for vehicles.,Drain is blocked and water is not flowing.,18.743328,73.67845,18.74141,73.68025,2026-04-04T14:03:10+00:00,2026-04-21T15:28:10+00:00,285.323,409.417,,
P00097,425,461,Pothole,Pothole,Large pothole causing difficulty for vehicles.,Pothole is creating a safety problem for commuters.,18.743328,73.67845,18.741407,73.679615,2026-04-04T14:03:10+00:00,2026-05-07T08:37:10+00:00,246.325,786.567,,
P00098,425,26,Pothole,Pothole,Large pothole causing difficulty for vehicles.,Deep pothole noticed on the road.,18.743328,73.67845,18.745232,73.679339,2026-04-04T14:03:10+00:00,2026-05-11T09:20:10+00:00,231.487,883.283,,
P00099,425,20,Pothole,Waterlogging,Large pothole causing difficulty for vehicles.,Standing water is causing difficulty for commuters.,18.743328,73.67845,18.742849,73.675648,2026-04-04T14:03:10+00:00,2026-05-15T20:10:10+00:00,299.814,990.117,,
P00100,425,488,Pothole,Garbage Accumulation,Large pothole causing difficulty for vehicles.,Waste has been dumped near the road.,18.743328,73.67845,18.741461,73.676662,2026-04-04T14:03:10+00:00,2026-05-30T23:20:10+00:00,280.259,1353.283,,
P00101,425,183,Pothole,Water Leakage,Large pothole causing difficulty for vehicles.,Water leakage is observed near the road.,18.743328,73.67845,18.745784,73.678086,2026-04-04T14:03:10+00:00,2026-06-12T20:30:10+00:00,275.771,1662.45,,
P00102,425,380,Pothole,Streetlight,Large pothole causing difficulty for vehicles.,Streetlight is not working at night.,18.743328,73.67845,18.740812,73.678463,2026-04-04T14:03:10+00:00,2026-06-18T13:38:10+00:00,279.77,1799.583,,
P00103,293,351,Garbage Accumulation,Streetlight,Waste has been dumped near the road.,Streetlight is not functioning.,18.72897,73.702937,18.73063,73.701902,2026-04-05T03:37:10+00:00,2026-04-20T17:15:10+00:00,214.36,373.633,,
P00104,293,181,Garbage Accumulation,Pothole,Waste has been dumped near the road.,Large pothole causing difficulty for vehicles.,18.72897,73.702937,18.729698,73.703231,2026-04-05T03:37:10+00:00,2026-05-21T12:42:10+00:00,86.668,1113.083,,
P00105,302,410,Water Leakage,Road Damage,A water pipeline appears to be leaking.,Road surface is damaged and needs repair.,18.715139,73.709095,18.713107,73.707904,2026-04-07T01:39:10+00:00,2026-06-27T05:11:10+00:00,258.429,1947.533,,
P00106,35,116,Other,Road Damage,A municipal service-related issue has been reported.,Road has cracks and damaged portions.,18.740285,73.668394,18.741645,73.667358,2026-04-08T07:25:10+00:00,2026-04-14T06:13:10+00:00,186.466,142.8,,
P00107,35,500,Other,Garbage Accumulation,A municipal service-related issue has been reported.,Waste has been dumped near the road.,18.740285,73.668394,18.741162,73.668089,2026-04-08T07:25:10+00:00,2026-04-16T00:16:10+00:00,102.67,184.85,,
P00108,35,216,Other,Road Damage,A municipal service-related issue has been reported.,Road has cracks and damaged portions.,18.740285,73.668394,18.739755,73.668086,2026-04-08T07:25:10+00:00,2026-06-15T16:41:10+00:00,67.268,1641.267,,
P00109,96,319,Pothole,Waterlogging,Pothole is creating a safety problem for commuters.,Standing water is causing difficulty for commuters.,18.700618,73.710745,18.703044,73.709652,2026-04-08T21:22:10+00:00,2026-04-19T09:08:10+00:00,293.295,251.767,,
P00110,394,34,Water Leakage,Road Damage,Water leakage is observed near the road.,Road surface is damaged and needs repair.,18.729779,73.659264,18.731321,73.660842,2026-04-08T22:54:10+00:00,2026-07-01T08:55:10+00:00,238.774,2002.017,,
P00111,237,436,Garbage Accumulation,Waterlogging,Garbage has not been collected from the area.,Water is accumulated in the area.,18.744636,73.668135,18.743084,73.668768,2026-04-09T03:14:10+00:00,2026-05-24T22:29:10+00:00,184.999,1099.25,,
P00112,495,359,Other,Blocked Drain,A municipal service-related issue has been reported.,Waste has blocked the drainage system.,18.708301,73.688068,18.707488,73.686911,2026-04-09T13:13:10+00:00,2026-05-24T08:06:10+00:00,151.727,1074.883,,
P00113,495,250,Other,Water Leakage,A municipal service-related issue has been reported.,Water is leaking from a pipeline.,18.708301,73.688068,18.708596,73.690718,2026-04-09T13:13:10+00:00,2026-05-27T03:05:10+00:00,281.018,1141.867,,
P00114,495,218,Other,Waterlogging,A municipal service-related issue has been reported.,Standing water is causing difficulty for commuters.,18.708301,73.688068,18.709516,73.685995,2026-04-09T13:13:10+00:00,2026-06-21T06:44:10+00:00,256.747,1745.517,,
P00115,495,119,Other,Streetlight,A municipal service-related issue has been reported.,Streetlight is not functioning.,18.708301,73.688068,18.709212,73.685721,2026-04-09T13:13:10+00:00,2026-06-23T15:34:10+00:00,267.136,1802.35,,
P00116,338,116,Road Damage,Road Damage,Road surface is damaged and needs repair.,Road has cracks and damaged portions.,18.740991,73.665255,18.741645,73.667358,2026-04-09T13:31:10+00:00,2026-04-14T06:13:10+00:00,233.079,112.7,,
P00117,338,500,Road Damage,Garbage Accumulation,Road surface is damaged and needs repair.,Waste has been dumped near the road.,18.740991,73.665255,18.741162,73.668089,2026-04-09T13:31:10+00:00,2026-04-16T00:16:10+00:00,299.024,154.75,,
P00118,281,111,Water Leakage,Water Leakage,Water is leaking from a pipeline.,A water pipeline appears to be leaking.,18.704351,73.69337,18.704281,73.691613,2026-04-09T22:25:10+00:00,2026-05-23T11:49:10+00:00,185.215,1045.4,,
P00119,281,65,Water Leakage,Pothole,Water is leaking from a pipeline.,Deep pothole noticed on the road.,18.704351,73.69337,18.702321,73.692826,2026-04-09T22:25:10+00:00,2026-06-01T21:31:10+00:00,232.884,1271.1,,
P00120,23,414,Other,Waterlogging,A municipal service-related issue has been reported.,Rainwater has accumulated on the road.,18.724337,73.696787,18.722852,73.696541,2026-04-11T04:35:10+00:00,2026-06-12T23:20:10+00:00,167.144,1506.75,,
P00121,23,422,Other,Waterlogging,A municipal service-related issue has been reported.,Rainwater has accumulated on the road.,18.724337,73.696787,18.724413,73.695034,2026-04-11T04:35:10+00:00,2026-06-19T09:44:10+00:00,184.801,1661.15,,
P00122,23,474,Other,Other,A municipal service-related issue has been reported.,A municipal service-related issue has been reported.,18.724337,73.696787,18.725149,73.696585,2026-04-11T04:35:10+00:00,2026-06-25T20:11:10+00:00,92.762,1815.6,,
P00123,23,481,Other,Pothole,A municipal service-related issue has been reported.,Pothole is creating a safety problem for commuters.,18.724337,73.696787,18.724128,73.697662,2026-04-11T04:35:10+00:00,2026-06-28T04:15:10+00:00,95.032,1871.667,,
P00124,374,156,Road Damage,Water Leakage,Road surface is damaged and needs repair.,Water is leaking from a pipeline.,18.732704,73.698154,18.733527,73.70074,2026-04-11T06:15:10+00:00,2026-05-01T15:53:10+00:00,287.283,489.633,,
P00125,374,171,Road Damage,Water Leakage,Road surface is damaged and needs repair.,A water pipeline appears to be leaking.,18.732704,73.698154,18.730419,73.697204,2026-04-11T06:15:10+00:00,2026-05-13T13:39:10+00:00,273.066,775.4,,
P00126,374,229,Road Damage,Water Leakage,Road surface is damaged and needs repair.,Water leakage is observed near the road.,18.732704,73.698154,18.732716,73.698966,2026-04-11T06:15:10+00:00,2026-05-14T16:43:10+00:00,85.518,802.467,,
P00127,152,289,Pothole,Other,Pothole is creating a safety problem for commuters.,An issue with public infrastructure has been noticed.,18.744242,73.702914,18.746436,73.704468,2026-04-11T11:02:10+00:00,2026-04-22T06:42:10+00:00,293.756,259.667,,
P00128,152,70,Pothole,Pothole,Pothole is creating a safety problem for commuters.,Pothole is creating a safety problem for commuters.,18.744242,73.702914,18.744199,73.702924,2026-04-11T11:02:10+00:00,2026-07-01T07:14:10+00:00,4.896,1940.2,,
P00129,239,381,Blocked Drain,Road Damage,Drain is blocked and water is not flowing.,Road has cracks and damaged portions.,18.746747,73.698051,18.745357,73.69899,2026-04-11T23:59:10+00:00,2026-04-20T20:38:10+00:00,183.48,212.65,,
P00130,239,276,Blocked Drain,Blocked Drain,Drain is blocked and water is not flowing.,Waste has blocked the drainage system.,18.746747,73.698051,18.748492,73.699151,2026-04-11T23:59:10+00:00,2026-06-14T10:26:10+00:00,225.976,1522.45,,
P00131,239,322,Blocked Drain,Streetlight,Drain is blocked and water is not flowing.,Streetlight is not working at night.,18.746747,73.698051,18.744755,73.696661,2026-04-11T23:59:10+00:00,2026-07-04T02:36:10+00:00,265.489,1994.617,,
P00132,296,203,Blocked Drain,Water Leakage,Drain is blocked and water is not flowing.,Water leakage is observed near the road.,18.726204,73.690741,18.728087,73.692374,2026-04-12T00:59:10+00:00,2026-04-30T08:44:10+00:00,270.948,439.75,,
P00133,296,452,Blocked Drain,Road Damage,Drain is blocked and water is not flowing.,Road has cracks and damaged portions.,18.726204,73.690741,18.725662,73.689217,2026-04-12T00:59:10+00:00,2026-06-14T14:16:10+00:00,171.433,1525.283,,
P00134,296,22,Blocked Drain,Garbage Accumulation,Drain is blocked and water is not flowing.,Garbage has accumulated near the roadside.,18.726204,73.690741,18.725686,73.692422,2026-04-12T00:59:10+00:00,2026-07-08T09:35:10+00:00,186.159,2096.6,,
P00135,158,39,Other,Blocked Drain,An issue with public infrastructure has been noticed.,Drain is blocked and water is not flowing.,18.741628,73.682274,18.74141,73.68025,2026-04-12T13:00:10+00:00,2026-04-21T15:28:10+00:00,214.5,218.467,,
P00136,158,153,Other,Streetlight,An issue with public infrastructure has been noticed.,Streetlight is not functioning.,18.741628,73.682274,18.742628,73.68404,2026-04-12T13:00:10+00:00,2026-04-29T20:39:10+00:00,216.667,415.65,,
P00137,158,461,Other,Pothole,An issue with public infrastructure has been noticed.,Pothole is creating a safety problem for commuters.,18.741628,73.682274,18.741407,73.679615,2026-04-12T13:00:10+00:00,2026-05-07T08:37:10+00:00,281.067,595.617,,
P00138,158,48,Other,Streetlight,An issue with public infrastructure has been noticed.,Streetlight is not working at night.,18.741628,73.682274,18.74258,73.683168,2026-04-12T13:00:10+00:00,2026-05-13T10:43:10+00:00,141.66,741.717,,
P00139,158,210,Other,Streetlight,An issue with public infrastructure has been noticed.,Streetlight is not functioning.,18.741628,73.682274,18.739002,73.682644,2026-04-12T13:00:10+00:00,2026-05-24T04:15:10+00:00,294.586,999.25,,
P00140,158,185,Other,Pothole,An issue with public infrastructure has been noticed.,Pothole is creating a safety problem for commuters.,18.741628,73.682274,18.741636,73.681627,2026-04-12T13:00:10+00:00,2026-07-05T18:43:10+00:00,68.134,2021.717,,
P00141,278,266,Blocked Drain,Blocked Drain,Drain requires cleaning and maintenance.,Drain is blocked and water is not flowing.,18.733976,73.665547,18.734912,73.667475,2026-04-12T22:37:10+00:00,2026-05-04T23:59:10+00:00,228.148,529.367,,
P00142,278,441,Blocked Drain,Pothole,Drain requires cleaning and maintenance.,Deep pothole noticed on the road.,18.733976,73.665547,18.731871,73.664429,2026-04-12T22:37:10+00:00,2026-05-08T19:46:10+00:00,262.006,621.15,,
P00143,278,157,Blocked Drain,Streetlight,Drain requires cleaning and maintenance.,Streetlight is not functioning.,18.733976,73.665547,18.736026,73.663866,2026-04-12T22:37:10+00:00,2026-06-03T15:58:10+00:00,288.609,1241.35,,
P00144,278,449,Blocked Drain,Garbage Accumulation,Drain requires cleaning and maintenance.,Garbage has accumulated near the roadside.,18.733976,73.665547,18.733181,73.665716,2026-04-12T22:37:10+00:00,2026-06-20T19:44:10+00:00,90.174,1653.117,,
P00145,240,289,Waterlogging,Other,Rainwater has accumulated on the road.,An issue with public infrastructure has been noticed.,18.747459,73.704303,18.746436,73.704468,2026-04-13T07:48:10+00:00,2026-04-22T06:42:10+00:00,115.072,214.9,,
P00146,182,479,Streetlight,Waterlogging,Streetlight is not functioning.,Rainwater has accumulated on the road.,18.72308,73.660723,18.723756,73.66004,2026-04-13T14:48:10+00:00,2026-05-31T19:12:10+00:00,104.037,1156.4,,
P00147,187,166,Road Damage,Streetlight,Damaged portion of road requires maintenance.,Streetlight is not working at night.,18.732263,73.695006,18.733933,73.693743,2026-04-13T16:45:10+00:00,2026-06-05T09:23:10+00:00,228.411,1264.633,,
P00148,187,277,Road Damage,Road Damage,Damaged portion of road requires maintenance.,Road has cracks and damaged portions.,18.732263,73.695006,18.730701,73.694247,2026-04-13T16:45:10+00:00,2026-06-22T07:27:10+00:00,191.194,1670.7,,
P00149,187,79,Road Damage,Streetlight,Damaged portion of road requires maintenance.,Streetlight is not functioning.,18.732263,73.695006,18.732956,73.693157,2026-04-13T16:45:10+00:00,2026-06-29T04:54:10+00:00,209.402,1836.15,,
P00150,116,500,Road Damage,Garbage Accumulation,Road has cracks and damaged portions.,Waste has been dumped near the road.,18.741645,73.667358,18.741162,73.668089,2026-04-14T06:13:10+00:00,2026-04-16T00:16:10+00:00,93.858,42.05,,
P00151,116,436,Road Damage,Waterlogging,Road has cracks and damaged portions.,Water is accumulated in the area.,18.741645,73.667358,18.743084,73.668768,2026-04-14T06:13:10+00:00,2026-05-24T22:29:10+00:00,218.281,976.267,,
P00152,116,216,Road Damage,Road Damage,Road has cracks and damaged portions.,Road has cracks and damaged portions.,18.741645,73.667358,18.739755,73.668086,2026-04-14T06:13:10+00:00,2026-06-15T16:41:10+00:00,223.703,1498.467,,
P00153,116,184,Road Damage,Garbage Accumulation,Road has cracks and damaged portions.,Garbage has accumulated near the roadside.,18.741645,73.667358,18.744246,73.666605,2026-04-14T06:13:10+00:00,2026-07-10T19:02:10+00:00,299.89,2100.817,,
P00154,290,270,Garbage Accumulation,Waterlogging,Garbage has accumulated near the roadside.,Rainwater has accumulated on the road.,18.727051,73.659009,18.724825,73.658499,2026-04-14T21:33:10+00:00,2026-04-24T06:28:10+00:00,253.28,224.917,,
P00155,446,133,Blocked Drain,Waterlogging,Drain is blocked and water is not flowing.,Water is accumulated in the area.,18.737501,73.683148,18.738449,73.685778,2026-04-15T06:04:10+00:00,2026-05-16T11:18:10+00:00,296.326,749.233,,
P00156,446,210,Blocked Drain,Streetlight,Drain is blocked and water is not flowing.,Streetlight is not functioning.,18.737501,73.683148,18.739002,73.682644,2026-04-15T06:04:10+00:00,2026-05-24T04:15:10+00:00,175.138,934.183,,
P00157,500,436,Garbage Accumulation,Waterlogging,Waste has been dumped near the road.,Water is accumulated in the area.,18.741162,73.668089,18.743084,73.668768,2026-04-16T00:16:10+00:00,2026-05-24T22:29:10+00:00,225.359,934.217,,
P00158,500,216,Garbage Accumulation,Road Damage,Waste has been dumped near the road.,Road has cracks and damaged portions.,18.741162,73.668089,18.739755,73.668086,2026-04-16T00:16:10+00:00,2026-06-15T16:41:10+00:00,156.452,1456.417,,
P00159,170,308,Blocked Drain,Road Damage,Drain requires cleaning and maintenance.,Road surface is damaged and needs repair.,18.717415,73.701683,18.715665,73.701143,2026-04-16T01:06:10+00:00,2026-05-29T06:22:10+00:00,202.731,1037.267,,
P00160,170,245,Blocked Drain,Other,Drain requires cleaning and maintenance.,A municipal issue has been reported.,18.717415,73.701683,18.716407,73.699685,2026-04-16T01:06:10+00:00,2026-06-21T06:09:10+00:00,238.409,1589.05,,
P00161,328,219,Pothole,Other,Deep pothole noticed on the road.,A municipal service-related issue has been reported.,18.744371,73.691444,18.743785,73.689458,2026-04-16T17:50:10+00:00,2026-04-17T12:45:10+00:00,219.037,18.917,,
P00162,328,55,Pothole,Pothole,Deep pothole noticed on the road.,Deep pothole noticed on the road.,18.744371,73.691444,18.74256,73.689952,2026-04-16T17:50:10+00:00,2026-05-08T09:14:10+00:00,255.408,519.4,,
P00163,328,438,Pothole,Water Leakage,Deep pothole noticed on the road.,Water leakage is observed near the road.,18.744371,73.691444,18.744867,73.69263,2026-04-16T17:50:10+00:00,2026-07-15T08:40:10+00:00,136.519,2150.833,,
P00164,292,93,Other,Water Leakage,A municipal service-related issue has been reported.,A water pipeline appears to be leaking.,18.746171,73.694458,18.746709,73.693052,2026-04-17T04:49:10+00:00,2026-05-03T17:02:10+00:00,159.676,396.217,,
P00165,292,387,Other,Garbage Accumulation,A municipal service-related issue has been reported.,Waste has been dumped near the road.,18.746171,73.694458,18.744491,73.695314,2026-04-17T04:49:10+00:00,2026-05-28T14:05:10+00:00,207.415,993.267,,
P00166,292,322,Other,Streetlight,A municipal service-related issue has been reported.,Streetlight is not working at night.,18.746171,73.694458,18.744755,73.696661,2026-04-17T04:49:10+00:00,2026-07-04T02:36:10+00:00,280.358,1869.783,,
P00167,292,438,Other,Water Leakage,A municipal service-related issue has been reported.,Water leakage is observed near the road.,18.746171,73.694458,18.744867,73.69263,2026-04-17T04:49:10+00:00,2026-07-15T08:40:10+00:00,240.985,2139.85,,
P00168,94,407,Garbage Accumulation,Blocked Drain,Waste has been dumped near the road.,Drain is blocked and water is not flowing.,18.705952,73.713198,18.708432,73.712359,2026-04-17T07:46:10+00:00,2026-04-18T10:28:10+00:00,289.575,26.7,,
P00169,94,230,Garbage Accumulation,Streetlight,Waste has been dumped near the road.,Streetlight is not working at night.,18.705952,73.713198,18.707702,73.711775,2026-04-17T07:46:10+00:00,2026-05-30T04:51:10+00:00,245.616,1029.083,,
P00170,28,172,Water Leakage,Blocked Drain,A water pipeline appears to be leaking.,Waste has blocked the drainage system.,18.721486,73.663696,18.719217,73.664032,2026-04-17T08:00:10+00:00,2026-04-22T10:10:10+00:00,254.771,122.167,,
P00171,28,242,Water Leakage,Blocked Drain,A water pipeline appears to be leaking.,Drain requires cleaning and maintenance.,18.721486,73.663696,18.719762,73.664312,2026-04-17T08:00:10+00:00,2026-06-01T10:59:10+00:00,202.379,1082.983,,
P00172,219,55,Other,Pothole,A municipal service-related issue has been reported.,Deep pothole noticed on the road.,18.743785,73.689458,18.74256,73.689952,2026-04-17T12:45:10+00:00,2026-05-08T09:14:10+00:00,145.808,500.483,,
P00173,219,313,Other,Road Damage,A municipal service-related issue has been reported.,Damaged portion of road requires maintenance.,18.743785,73.689458,18.743726,73.687037,2026-04-17T12:45:10+00:00,2026-06-26T11:53:10+00:00,255.01,1679.133,,
P00174,147,483,Blocked Drain,Other,Drain requires cleaning and maintenance.,An issue with public infrastructure has been noticed.,18.722607,73.688217,18.721797,73.688114,2026-04-17T13:56:10+00:00,2026-04-18T06:26:10+00:00,90.719,16.5,,
P00175,147,496,Blocked Drain,Waterlogging,Drain requires cleaning and maintenance.,Standing water is causing difficulty for commuters.,18.722607,73.688217,18.723408,73.686261,2026-04-17T13:56:10+00:00,2026-04-27T03:04:10+00:00,224.419,229.133,,
P00176,147,236,Blocked Drain,Garbage Accumulation,Drain requires cleaning and maintenance.,Garbage has not been collected from the area.,18.722607,73.688217,18.720864,73.687677,2026-04-17T13:56:10+00:00,2026-06-19T23:38:10+00:00,201.984,1521.7,,
P00177,147,211,Blocked Drain,Waterlogging,Drain requires cleaning and maintenance.,Rainwater has accumulated on the road.,18.722607,73.688217,18.721894,73.689609,2026-04-17T13:56:10+00:00,2026-07-07T21:20:10+00:00,166.659,1951.4,,
P00178,215,405,Water Leakage,Streetlight,Water is leaking from a pipeline.,Streetlight requires repair.,18.725295,73.680354,18.724833,73.678517,2026-04-17T21:13:10+00:00,2026-04-18T11:35:10+00:00,200.158,14.367,,
P00179,215,487,Water Leakage,Pothole,Water is leaking from a pipeline.,Large pothole causing difficulty for vehicles.,18.725295,73.680354,18.723108,73.680618,2026-04-17T21:13:10+00:00,2026-04-28T12:07:10+00:00,244.767,254.9,,
P00180,215,198,Water Leakage,Waterlogging,Water is leaking from a pipeline.,Standing water is causing difficulty for commuters.,18.725295,73.680354,18.723304,73.680961,2026-04-17T21:13:10+00:00,2026-04-29T10:26:10+00:00,230.433,277.217,,
P00181,215,434,Water Leakage,Road Damage,Water is leaking from a pipeline.,Damaged portion of road requires maintenance.,18.725295,73.680354,18.725584,73.681272,2026-04-17T21:13:10+00:00,2026-04-30T04:24:10+00:00,101.875,295.183,,
P00182,215,331,Water Leakage,Waterlogging,Water is leaking from a pipeline.,Standing water is causing difficulty for commuters.,18.725295,73.680354,18.723705,73.68095,2026-04-17T21:13:10+00:00,2026-05-23T17:25:10+00:00,187.61,860.2,,
P00183,215,74,Water Leakage,Water Leakage,Water is leaking from a pipeline.,Water leakage is observed near the road.,18.725295,73.680354,18.724026,73.679415,2026-04-17T21:13:10+00:00,2026-06-06T15:34:10+00:00,172.306,1194.35,,
P00184,478,68,Road Damage,Other,Damaged portion of road requires maintenance.,A municipal issue has been reported.,18.74059,73.673013,18.742112,73.671598,2026-04-18T06:25:10+00:00,2026-04-25T17:35:10+00:00,225.482,179.167,,
P00185,478,232,Road Damage,Other,Damaged portion of road requires maintenance.,An issue with public infrastructure has been noticed.,18.74059,73.673013,18.739015,73.673463,2026-04-18T06:25:10+00:00,2026-05-11T17:37:10+00:00,181.429,563.2,,
P00186,478,95,Road Damage,Streetlight,Damaged portion of road requires maintenance.,Streetlight requires repair.,18.74059,73.673013,18.7425,73.673887,2026-04-18T06:25:10+00:00,2026-07-01T13:59:10+00:00,231.465,1783.567,,
P00187,483,496,Other,Waterlogging,An issue with public infrastructure has been noticed.,Standing water is causing difficulty for commuters.,18.721797,73.688114,18.723408,73.686261,2026-04-18T06:26:10+00:00,2026-04-27T03:04:10+00:00,264.895,212.633,,
P00188,483,236,Other,Garbage Accumulation,An issue with public infrastructure has been noticed.,Garbage has not been collected from the area.,18.721797,73.688114,18.720864,73.687677,2026-04-18T06:26:10+00:00,2026-06-19T23:38:10+00:00,113.494,1505.2,,
P00189,483,211,Other,Waterlogging,An issue with public infrastructure has been noticed.,Rainwater has accumulated on the road.,18.721797,73.688114,18.721894,73.689609,2026-04-18T06:26:10+00:00,2026-07-07T21:20:10+00:00,157.81,1934.9,,
P00190,407,264,Blocked Drain,Garbage Accumulation,Drain is blocked and water is not flowing.,Waste has been dumped near the road.,18.708432,73.712359,18.709635,73.711166,2026-04-18T10:28:10+00:00,2026-04-30T19:57:10+00:00,183.523,297.483,,
P00191,407,230,Blocked Drain,Streetlight,Drain is blocked and water is not flowing.,Streetlight is not working at night.,18.708432,73.712359,18.707702,73.711775,2026-04-18T10:28:10+00:00,2026-05-30T04:51:10+00:00,101.843,1002.383,,
P00192,405,487,Streetlight,Pothole,Streetlight requires repair.,Large pothole causing difficulty for vehicles.,18.724833,73.678517,18.723108,73.680618,2026-04-18T11:35:10+00:00,2026-04-28T12:07:10+00:00,292.824,240.533,,
P00193,405,331,Streetlight,Waterlogging,Streetlight requires repair.,Standing water is causing difficulty for commuters.,18.724833,73.678517,18.723705,73.68095,2026-04-18T11:35:10+00:00,2026-05-23T17:25:10+00:00,285.272,845.833,,
P00194,405,74,Streetlight,Water Leakage,Streetlight requires repair.,Water leakage is observed near the road.,18.724833,73.678517,18.724026,73.679415,2026-04-18T11:35:10+00:00,2026-06-06T15:34:10+00:00,130.366,1179.983,,
P00195,282,340,Road Damage,Streetlight,Road surface is damaged and needs repair.,Streetlight is not working at night.,18.716518,73.695262,18.717097,73.693737,2026-04-19T03:09:10+00:00,2026-04-22T12:14:10+00:00,173.029,81.083,,
P00196,282,1,Road Damage,Waterlogging,Road surface is damaged and needs repair.,Standing water is causing difficulty for commuters.,18.716518,73.695262,18.718913,73.695537,2026-04-19T03:09:10+00:00,2026-07-03T11:23:10+00:00,267.882,1808.233,,
P00197,351,181,Streetlight,Pothole,Streetlight is not functioning.,Large pothole causing difficulty for vehicles.,18.73063,73.701902,18.729698,73.703231,2026-04-20T17:15:10+00:00,2026-05-21T12:42:10+00:00,174.145,739.45,,
P00198,351,50,Streetlight,Pothole,Streetlight is not functioning.,Pothole is creating a safety problem for commuters.,18.73063,73.701902,18.729984,73.701845,2026-04-20T17:15:10+00:00,2026-07-17T13:51:10+00:00,72.082,2108.6,,
P00199,381,322,Road Damage,Streetlight,Road has cracks and damaged portions.,Streetlight is not working at night.,18.745357,73.69899,18.744755,73.696661,2026-04-20T20:38:10+00:00,2026-07-04T02:36:10+00:00,254.208,1781.967,,
P00200,40,205,Pothole,Pothole,Pothole is creating a safety problem for commuters.,Deep pothole noticed on the road.,18.745703,73.710214,18.745043,73.711412,2026-04-20T21:50:10+00:00,2026-07-02T22:33:10+00:00,145.94,1752.717,,
P00201,40,300,Pothole,Water Leakage,Pothole is creating a safety problem for commuters.,A water pipeline appears to be leaking.,18.745703,73.710214,18.7453,73.711439,2026-04-20T21:50:10+00:00,2026-07-05T05:37:10+00:00,136.551,1807.783,,
P00202,40,130,Pothole,Pothole,Pothole is creating a safety problem for commuters.,Pothole is creating a safety problem for commuters.,18.745703,73.710214,18.74545,73.709165,2026-04-20T21:50:10+00:00,2026-07-14T23:34:10+00:00,113.982,2041.733,,
P00203,396,383,Pothole,Streetlight,Pothole is creating a safety problem for commuters.,Streetlight is not functioning.,18.745196,73.673582,18.747069,73.674628,2026-04-21T01:18:10+00:00,2026-05-12T11:18:10+00:00,235.598,514.0,,
P00204,396,202,Pothole,Pothole,Pothole is creating a safety problem for commuters.,Large pothole causing difficulty for vehicles.,18.745196,73.673582,18.745908,73.675877,2026-04-21T01:18:10+00:00,2026-05-30T07:09:10+00:00,254.294,941.85,,
P00205,396,59,Pothole,Waterlogging,Pothole is creating a safety problem for commuters.,Standing water is causing difficulty for commuters.,18.745196,73.673582,18.746221,73.675831,2026-04-21T01:18:10+00:00,2026-06-12T11:55:10+00:00,262.812,1258.617,,
P00206,396,11,Pothole,Road Damage,Pothole is creating a safety problem for commuters.,Damaged portion of road requires maintenance.,18.745196,73.673582,18.744647,73.672273,2026-04-21T01:18:10+00:00,2026-06-20T01:20:10+00:00,150.747,1440.033,,
P00207,396,272,Pothole,Streetlight,Pothole is creating a safety problem for commuters.,Streetlight is not functioning.,18.745196,73.673582,18.745933,73.675162,2026-04-21T01:18:10+00:00,2026-06-28T04:40:10+00:00,185.457,1635.367,,
P00208,191,395,Other,Blocked Drain,An issue with public infrastructure has been noticed.,Waste has blocked the drainage system.,18.72008,73.684076,18.719175,73.686336,2026-04-21T02:18:10+00:00,2026-05-06T01:55:10+00:00,258.407,359.617,,
P00209,191,66,Other,Water Leakage,An issue with public infrastructure has been noticed.,Water leakage is observed near the road.,18.72008,73.684076,18.717839,73.68523,2026-04-21T02:18:10+00:00,2026-06-10T13:48:10+00:00,277.244,1211.5,,
P00210,191,5,Other,Streetlight,An issue with public infrastructure has been noticed.,Streetlight is not functioning.,18.72008,73.684076,18.718989,73.681604,2026-04-21T02:18:10+00:00,2026-06-16T16:36:10+00:00,287.211,1358.3,,
P00211,191,399,Other,Water Leakage,An issue with public infrastructure has been noticed.,A water pipeline appears to be leaking.,18.72008,73.684076,18.721912,73.682864,2026-04-21T02:18:10+00:00,2026-06-19T05:50:10+00:00,240.393,1419.533,,
P00212,191,311,Other,Blocked Drain,An issue with public infrastructure has been noticed.,Drain requires cleaning and maintenance.,18.72008,73.684076,18.718204,73.685532,2026-04-21T02:18:10+00:00,2026-06-24T20:52:10+00:00,258.895,1554.567,,
P00213,415,327,Garbage Accumulation,Streetlight,Waste has been dumped near the road.,Streetlight requires repair.,18.703188,73.697322,18.701216,73.696518,2026-04-21T05:19:10+00:00,2026-04-24T08:58:10+00:00,235.059,75.65,,
P00214,415,471,Garbage Accumulation,Blocked Drain,Waste has been dumped near the road.,Drain requires cleaning and maintenance.,18.703188,73.697322,18.704967,73.699264,2026-04-21T05:19:10+00:00,2026-05-02T17:57:10+00:00,284.545,276.633,,
P00215,415,432,Garbage Accumulation,Other,Waste has been dumped near the road.,A municipal issue has been reported.,18.703188,73.697322,18.701872,73.698259,2026-04-21T05:19:10+00:00,2026-07-01T02:39:10+00:00,176.501,1701.333,,
P00216,169,441,Pothole,Pothole,Large pothole causing difficulty for vehicles.,Deep pothole noticed on the road.,18.729937,73.664255,18.731871,73.664429,2026-04-21T13:14:10+00:00,2026-05-08T19:46:10+00:00,215.83,414.533,,
P00217,39,461,Blocked Drain,Pothole,Drain is blocked and water is not flowing.,Pothole is creating a safety problem for commuters.,18.74141,73.68025,18.741407,73.679615,2026-04-21T15:28:10+00:00,2026-05-07T08:37:10+00:00,66.866,377.15,,
P00218,39,380,Blocked Drain,Streetlight,Drain is blocked and water is not flowing.,Streetlight is not working at night.,18.74141,73.68025,18.740812,73.678463,2026-04-21T15:28:10+00:00,2026-06-18T13:38:10+00:00,199.573,1390.167,,
P00219,39,185,Blocked Drain,Pothole,Drain is blocked and water is not flowing.,Pothole is creating a safety problem for commuters.,18.74141,73.68025,18.741636,73.681627,2026-04-21T15:28:10+00:00,2026-07-05T18:43:10+00:00,147.158,1803.25,,
P00220,39,363,Blocked Drain,Pothole,Drain is blocked and water is not flowing.,Deep pothole noticed on the road.,18.74141,73.68025,18.740527,73.678478,2026-04-21T15:28:10+00:00,2026-07-16T22:40:10+00:00,210.847,2071.2,,
P00221,289,70,Other,Pothole,An issue with public infrastructure has been noticed.,Pothole is creating a safety problem for commuters.,18.746436,73.704468,18.744199,73.702924,2026-04-22T06:42:10+00:00,2026-07-01T07:14:10+00:00,297.161,1680.533,,
P00222,172,242,Blocked Drain,Blocked Drain,Waste has blocked the drainage system.,Drain requires cleaning and maintenance.,18.719217,73.664032,18.719762,73.664312,2026-04-22T10:10:10+00:00,2026-06-01T10:59:10+00:00,67.395,960.817,,
P00223,172,480,Blocked Drain,Pothole,Waste has blocked the drainage system.,Large pothole causing difficulty for vehicles.,18.719217,73.664032,18.718566,73.665891,2026-04-22T10:10:10+00:00,2026-06-09T21:08:10+00:00,208.731,1162.967,,
P00224,340,114,Streetlight,Blocked Drain,Streetlight is not working at night.,Waste has blocked the drainage system.,18.717097,73.693737,18.716845,73.692027,2026-04-22T12:14:10+00:00,2026-05-16T17:21:10+00:00,182.255,581.117,,
P00225,340,439,Streetlight,Water Leakage,Streetlight is not working at night.,Water is leaking from a pipeline.,18.717097,73.693737,18.719141,73.693702,2026-04-22T12:14:10+00:00,2026-05-31T17:37:10+00:00,227.312,941.383,,
P00226,340,139,Streetlight,Other,Streetlight is not working at night.,A municipal service-related issue has been reported.,18.717097,73.693737,18.719177,73.692476,2026-04-22T12:14:10+00:00,2026-06-01T14:28:10+00:00,266.7,962.233,,
P00227,340,288,Streetlight,Water Leakage,Streetlight is not working at night.,Water is leaking from a pipeline.,18.717097,73.693737,18.715465,73.691655,2026-04-22T12:14:10+00:00,2026-06-14T23:50:10+00:00,284.62,1283.6,,
P00228,340,1,Streetlight,Waterlogging,Streetlight is not working at night.,Standing water is causing difficulty for commuters.,18.717097,73.693737,18.718913,73.695537,2026-04-22T12:14:10+00:00,2026-07-03T11:23:10+00:00,276.967,1727.15,,
P00229,491,467,Streetlight,Other,Streetlight requires repair.,An issue with public infrastructure has been noticed.,18.733929,73.661544,18.732328,73.660372,2026-04-22T15:03:10+00:00,2026-06-21T23:55:10+00:00,216.619,1448.867,,
P00230,491,34,Streetlight,Road Damage,Streetlight requires repair.,Road surface is damaged and needs repair.,18.733929,73.661544,18.731321,73.660842,2026-04-22T15:03:10+00:00,2026-07-01T08:55:10+00:00,299.27,1673.867,,
P00231,491,78,Streetlight,Other,Streetlight requires repair.,A municipal issue has been reported.,18.733929,73.661544,18.733245,73.663524,2026-04-22T15:03:10+00:00,2026-07-19T23:31:10+00:00,221.941,2120.467,,
P00232,7,486,Other,Pothole,An issue with public infrastructure has been noticed.,Deep pothole noticed on the road.,18.735365,73.686964,18.735588,73.687928,2026-04-22T17:52:10+00:00,2026-06-06T00:30:10+00:00,104.497,1062.633,,
P00233,477,31,Water Leakage,Road Damage,Water leakage is observed near the road.,Damaged portion of road requires maintenance.,18.738787,73.691718,18.736814,73.691387,2026-04-23T19:42:10+00:00,2026-05-04T06:10:10+00:00,222.139,250.467,,
P00234,477,360,Water Leakage,Streetlight,Water leakage is observed near the road.,Streetlight is not functioning.,18.738787,73.691718,18.73942,73.693679,2026-04-23T19:42:10+00:00,2026-05-15T23:41:10+00:00,218.161,531.983,,
P00235,477,450,Water Leakage,Garbage Accumulation,Water leakage is observed near the road.,Garbage has not been collected from the area.,18.738787,73.691718,18.737359,73.689754,2026-04-23T19:42:10+00:00,2026-05-19T19:07:10+00:00,260.738,623.417,,
P00236,477,404,Water Leakage,Blocked Drain,Water leakage is observed near the road.,Waste has blocked the drainage system.,18.738787,73.691718,18.738657,73.689679,2026-04-23T19:42:10+00:00,2026-07-16T07:27:10+00:00,215.195,2003.75,,
P00237,224,212,Pothole,Waterlogging,Pothole is creating a safety problem for commuters.,Standing water is causing difficulty for commuters.,18.699142,73.699801,18.698939,73.699667,2026-04-24T06:13:10+00:00,2026-05-30T05:51:10+00:00,26.622,863.633,,
P00238,270,479,Waterlogging,Waterlogging,Rainwater has accumulated on the road.,Rainwater has accumulated on the road.,18.724825,73.658499,18.723756,73.66004,2026-04-24T06:28:10+00:00,2026-05-31T19:12:10+00:00,201.159,900.733,,
P00239,327,401,Streetlight,Waterlogging,Streetlight requires repair.,Standing water is causing difficulty for commuters.,18.701216,73.696518,18.70091,73.695333,2026-04-24T08:58:10+00:00,2026-05-16T03:26:10+00:00,129.364,522.467,,
P00240,327,421,Streetlight,Water Leakage,Streetlight requires repair.,Water leakage is observed near the road.,18.701216,73.696518,18.700496,73.696922,2026-04-24T08:58:10+00:00,2026-06-21T18:02:10+00:00,90.666,1401.067,,
P00241,327,432,Streetlight,Other,Streetlight requires repair.,A municipal issue has been reported.,18.701216,73.696518,18.701872,73.698259,2026-04-24T08:58:10+00:00,2026-07-01T02:39:10+00:00,197.345,1625.683,,
P00242,68,11,Other,Road Damage,A municipal issue has been reported.,Damaged portion of road requires maintenance.,18.742112,73.671598,18.744647,73.672273,2026-04-25T17:35:10+00:00,2026-06-20T01:20:10+00:00,290.702,1327.75,,
P00243,68,95,Other,Streetlight,A municipal issue has been reported.,Streetlight requires repair.,18.742112,73.671598,18.7425,73.673887,2026-04-25T17:35:10+00:00,2026-07-01T13:59:10+00:00,244.859,1604.4,,
P00244,41,111,Garbage Accumulation,Water Leakage,Waste has been dumped near the road.,A water pipeline appears to be leaking.,18.704513,73.690248,18.704281,73.691613,2026-04-25T18:25:10+00:00,2026-05-23T11:49:10+00:00,146.061,665.4,,
P00245,41,37,Garbage Accumulation,Blocked Drain,Waste has been dumped near the road.,Drain requires cleaning and maintenance.,18.704513,73.690248,18.704755,73.688437,2026-04-25T18:25:10+00:00,2026-06-30T14:26:10+00:00,192.627,1580.017,,
P00246,255,203,Garbage Accumulation,Water Leakage,Garbage has not been collected from the area.,Water leakage is observed near the road.,18.727956,73.693191,18.728087,73.692374,2026-04-26T02:35:10+00:00,2026-04-30T08:44:10+00:00,87.261,102.15,,
P00247,255,141,Garbage Accumulation,Other,Garbage has not been collected from the area.,A municipal issue has been reported.,18.727956,73.693191,18.727946,73.693161,2026-04-26T02:35:10+00:00,2026-05-29T14:18:10+00:00,3.349,803.717,,
P00248,255,259,Garbage Accumulation,Road Damage,Garbage has not been collected from the area.,Road has cracks and damaged portions.,18.727956,73.693191,18.729456,73.691191,2026-04-26T02:35:10+00:00,2026-06-04T16:35:10+00:00,268.66,950.0,,
P00249,255,77,Garbage Accumulation,Other,Garbage has not been collected from the area.,An issue with public infrastructure has been noticed.,18.727956,73.693191,18.72682,73.695278,2026-04-26T02:35:10+00:00,2026-06-05T05:28:10+00:00,253.492,962.883,,
P00250,255,22,Garbage Accumulation,Garbage Accumulation,Garbage has not been collected from the area.,Garbage has accumulated near the roadside.,18.727956,73.693191,18.725686,73.692422,2026-04-26T02:35:10+00:00,2026-07-08T09:35:10+00:00,265.085,1759.0,,
P00251,134,310,Water Leakage,Garbage Accumulation,Water is leaking from a pipeline.,Waste has been dumped near the road.,18.731247,73.680002,18.731006,73.67736,2026-04-26T07:56:10+00:00,2026-05-08T16:34:10+00:00,279.505,296.633,,
P00252,134,44,Water Leakage,Garbage Accumulation,Water is leaking from a pipeline.,Garbage has accumulated near the roadside.,18.731247,73.680002,18.729336,73.678047,2026-04-26T07:56:10+00:00,2026-05-22T20:38:10+00:00,295.867,636.7,,
P00253,134,437,Water Leakage,Waterlogging,Water is leaking from a pipeline.,Water is accumulated in the area.,18.731247,73.680002,18.733193,73.681761,2026-04-26T07:56:10+00:00,2026-06-02T18:06:10+00:00,284.839,898.167,,
P00254,134,400,Water Leakage,Streetlight,Water is leaking from a pipeline.,Streetlight is not working at night.,18.731247,73.680002,18.730114,73.679245,2026-04-26T07:56:10+00:00,2026-07-06T02:27:10+00:00,149.086,1698.517,,
P00255,496,225,Waterlogging,Streetlight,Standing water is causing difficulty for commuters.,Streetlight is not functioning.,18.723408,73.686261,18.724124,73.683821,2026-04-27T03:04:10+00:00,2026-07-20T06:36:10+00:00,269.008,2019.533,,
P00256,303,447,Pothole,Other,Deep pothole noticed on the road.,An issue with public infrastructure has been noticed.,18.712143,73.68387,18.71192,73.685786,2026-04-27T08:14:10+00:00,2026-05-20T15:54:10+00:00,203.306,559.667,,
P00257,303,13,Pothole,Blocked Drain,Deep pothole noticed on the road.,Waste has blocked the drainage system.,18.712143,73.68387,18.71345,73.681737,2026-04-27T08:14:10+00:00,2026-05-25T18:02:10+00:00,267.554,681.8,,
P00258,303,2,Pothole,Pothole,Deep pothole noticed on the road.,Pothole is creating a safety problem for commuters.,18.712143,73.68387,18.711556,73.685263,2026-04-27T08:14:10+00:00,2026-06-28T16:02:10+00:00,160.572,1495.8,,
P00259,303,497,Pothole,Streetlight,Deep pothole noticed on the road.,Streetlight requires repair.,18.712143,73.68387,18.711296,73.68482,2026-04-27T08:14:10+00:00,2026-07-12T08:26:10+00:00,137.407,1824.2,,
P00260,303,462,Pothole,Blocked Drain,Deep pothole noticed on the road.,Waste has blocked the drainage system.,18.712143,73.68387,18.710072,73.683545,2026-04-27T08:14:10+00:00,2026-07-13T09:59:10+00:00,232.815,1849.75,,
P00261,487,198,Pothole,Waterlogging,Large pothole causing difficulty for vehicles.,Standing water is causing difficulty for commuters.,18.723108,73.680618,18.723304,73.680961,2026-04-28T12:07:10+00:00,2026-04-29T10:26:10+00:00,42.187,22.317,,
P00262,487,434,Pothole,Road Damage,Large pothole causing difficulty for vehicles.,Damaged portion of road requires maintenance.,18.723108,73.680618,18.725584,73.681272,2026-04-28T12:07:10+00:00,2026-04-30T04:24:10+00:00,283.802,40.283,,
P00263,487,331,Pothole,Waterlogging,Large pothole causing difficulty for vehicles.,Standing water is causing difficulty for commuters.,18.723108,73.680618,18.723705,73.68095,2026-04-28T12:07:10+00:00,2026-05-23T17:25:10+00:00,75.028,605.3,,
P00264,487,74,Pothole,Water Leakage,Large pothole causing difficulty for vehicles.,Water leakage is observed near the road.,18.723108,73.680618,18.724026,73.679415,2026-04-28T12:07:10+00:00,2026-06-06T15:34:10+00:00,162.695,939.45,,
P00265,487,399,Pothole,Water Leakage,Large pothole causing difficulty for vehicles.,A water pipeline appears to be leaking.,18.723108,73.680618,18.721912,73.682864,2026-04-28T12:07:10+00:00,2026-06-19T05:50:10+00:00,271.352,1241.717,,
P00266,409,434,Pothole,Road Damage,Large pothole causing difficulty for vehicles.,Damaged portion of road requires maintenance.,18.728057,73.682323,18.725584,73.681272,2026-04-28T20:01:10+00:00,2026-04-30T04:24:10+00:00,296.423,32.383,,
P00267,186,230,Blocked Drain,Streetlight,Waste has blocked the drainage system.,Streetlight is not working at night.,18.70677,73.709613,18.707702,73.711775,2026-04-29T00:04:10+00:00,2026-05-30T04:51:10+00:00,250.177,748.783,,
P00268,81,93,Streetlight,Water Leakage,Streetlight requires repair.,A water pipeline appears to be leaking.,18.747218,73.690957,18.746709,73.693052,2026-04-29T02:45:10+00:00,2026-05-03T17:02:10+00:00,227.74,110.283,,
P00269,81,362,Streetlight,Blocked Drain,Streetlight requires repair.,Waste has blocked the drainage system.,18.747218,73.690957,18.747553,73.690122,2026-04-29T02:45:10+00:00,2026-07-22T13:04:10+00:00,95.487,2026.317,,
P00270,198,434,Waterlogging,Road Damage,Standing water is causing difficulty for commuters.,Damaged portion of road requires maintenance.,18.723304,73.680961,18.725584,73.681272,2026-04-29T10:26:10+00:00,2026-04-30T04:24:10+00:00,255.631,17.967,,
P00271,198,331,Waterlogging,Waterlogging,Standing water is causing difficulty for commuters.,Standing water is causing difficulty for commuters.,18.723304,73.680961,18.723705,73.68095,2026-04-29T10:26:10+00:00,2026-05-23T17:25:10+00:00,44.604,582.983,,
P00272,198,74,Waterlogging,Water Leakage,Standing water is causing difficulty for commuters.,Water leakage is observed near the road.,18.723304,73.680961,18.724026,73.679415,2026-04-29T10:26:10+00:00,2026-06-06T15:34:10+00:00,181.528,917.133,,
P00273,198,399,Waterlogging,Water Leakage,Standing water is causing difficulty for commuters.,A water pipeline appears to be leaking.,18.723304,73.680961,18.721912,73.682864,2026-04-29T10:26:10+00:00,2026-06-19T05:50:10+00:00,253.221,1219.4,,
P00274,153,48,Streetlight,Streetlight,Streetlight is not functioning.,Streetlight is not working at night.,18.742628,73.68404,18.74258,73.683168,2026-04-29T20:39:10+00:00,2026-05-13T10:43:10+00:00,91.975,326.067,,
P00275,153,185,Streetlight,Pothole,Streetlight is not functioning.,Pothole is creating a safety problem for commuters.,18.742628,73.68404,18.741636,73.681627,2026-04-29T20:39:10+00:00,2026-07-05T18:43:10+00:00,276.996,1606.067,,
P00276,153,428,Streetlight,Garbage Accumulation,Streetlight is not functioning.,Waste has been dumped near the road.,18.742628,73.68404,18.743274,73.68614,2026-04-29T20:39:10+00:00,2026-07-16T15:53:10+00:00,232.501,1867.233,,
P00277,434,331,Road Damage,Waterlogging,Damaged portion of road requires maintenance.,Standing water is causing difficulty for commuters.,18.725584,73.681272,18.723705,73.68095,2026-04-30T04:24:10+00:00,2026-05-23T17:25:10+00:00,211.669,565.017,,
P00278,434,74,Road Damage,Water Leakage,Damaged portion of road requires maintenance.,Water leakage is observed near the road.,18.725584,73.681272,18.724026,73.679415,2026-04-30T04:24:10+00:00,2026-06-06T15:34:10+00:00,261.259,899.167,,
P00279,203,141,Water Leakage,Other,Water leakage is observed near the road.,A municipal issue has been reported.,18.728087,73.692374,18.727946,73.693161,2026-04-30T08:44:10+00:00,2026-05-29T14:18:10+00:00,84.347,701.567,,
P00280,203,259,Water Leakage,Road Damage,Water leakage is observed near the road.,Road has cracks and damaged portions.,18.728087,73.692374,18.729456,73.691191,2026-04-30T08:44:10+00:00,2026-06-04T16:35:10+00:00,196.704,847.85,,
P00281,203,22,Water Leakage,Garbage Accumulation,Water leakage is observed near the road.,Garbage has accumulated near the roadside.,18.728087,73.692374,18.725686,73.692422,2026-04-30T08:44:10+00:00,2026-07-08T09:35:10+00:00,267.027,1656.85,,
P00282,264,307,Garbage Accumulation,Garbage Accumulation,Waste has been dumped near the road.,Garbage has accumulated near the roadside.,18.709635,73.711166,18.71043,73.70865,2026-04-30T19:57:10+00:00,2026-05-02T13:33:10+00:00,279.338,41.6,,
P00283,264,230,Garbage Accumulation,Streetlight,Waste has been dumped near the road.,Streetlight is not working at night.,18.709635,73.711166,18.707702,73.711775,2026-04-30T19:57:10+00:00,2026-05-30T04:51:10+00:00,224.306,704.9,,
P00284,264,294,Garbage Accumulation,Garbage Accumulation,Waste has been dumped near the road.,Waste has been dumped near the road.,18.709635,73.711166,18.711744,73.711958,2026-04-30T19:57:10+00:00,2026-06-01T20:08:10+00:00,248.903,768.183,,
P00285,264,280,Garbage Accumulation,Waterlogging,Waste has been dumped near the road.,Standing water is causing difficulty for commuters.,18.709635,73.711166,18.711497,73.70985,2026-04-30T19:57:10+00:00,2026-06-07T06:53:10+00:00,249.153,898.933,,
P00286,156,229,Water Leakage,Water Leakage,Water is leaking from a pipeline.,Water leakage is observed near the road.,18.733527,73.70074,18.732716,73.698966,2026-05-01T15:53:10+00:00,2026-05-14T16:43:10+00:00,207.437,312.833,,
P00287,156,418,Water Leakage,Pothole,Water is leaking from a pipeline.,Pothole is creating a safety problem for commuters.,18.733527,73.70074,18.7336,73.702835,2026-05-01T15:53:10+00:00,2026-06-17T00:58:10+00:00,220.761,1113.083,,
P00288,231,65,Waterlogging,Pothole,Rainwater has accumulated on the road.,Deep pothole noticed on the road.,18.700904,73.690829,18.702321,73.692826,2026-05-02T01:27:10+00:00,2026-06-01T21:31:10+00:00,262.804,740.067,,
P00289,339,106,Garbage Accumulation,Waterlogging,Waste has been dumped near the road.,Standing water is causing difficulty for commuters.,18.745605,73.68504,18.746247,73.68768,2026-05-02T08:48:10+00:00,2026-06-04T02:33:10+00:00,287.002,785.75,,
P00290,339,435,Garbage Accumulation,Water Leakage,Waste has been dumped near the road.,A water pipeline appears to be leaking.,18.745605,73.68504,18.744607,73.686233,2026-05-02T08:48:10+00:00,2026-06-07T07:24:10+00:00,167.616,862.6,,
P00291,339,313,Garbage Accumulation,Road Damage,Waste has been dumped near the road.,Damaged portion of road requires maintenance.,18.745605,73.68504,18.743726,73.687037,2026-05-02T08:48:10+00:00,2026-06-26T11:53:10+00:00,296.43,1323.083,,
P00292,339,428,Garbage Accumulation,Garbage Accumulation,Waste has been dumped near the road.,Waste has been dumped near the road.,18.745605,73.68504,18.743274,73.68614,2026-05-02T08:48:10+00:00,2026-07-16T15:53:10+00:00,283.898,1807.083,,
P00293,307,280,Garbage Accumulation,Waterlogging,Garbage has accumulated near the roadside.,Standing water is causing difficulty for commuters.,18.71043,73.70865,18.711497,73.70985,2026-05-02T13:33:10+00:00,2026-06-07T06:53:10+00:00,173.346,857.333,,
P00294,307,154,Garbage Accumulation,Road Damage,Garbage has accumulated near the roadside.,Road surface is damaged and needs repair.,18.71043,73.70865,18.712096,73.706491,2026-05-02T13:33:10+00:00,2026-07-09T23:27:10+00:00,293.292,1641.9,,
P00295,471,285,Blocked Drain,Pothole,Drain requires cleaning and maintenance.,Pothole is creating a safety problem for commuters.,18.704967,73.699264,18.707415,73.699155,2026-05-02T17:57:10+00:00,2026-05-30T13:06:10+00:00,272.447,667.15,,
P00296,471,305,Blocked Drain,Pothole,Drain requires cleaning and maintenance.,Large pothole causing difficulty for vehicles.,18.704967,73.699264,18.706265,73.700427,2026-05-02T17:57:10+00:00,2026-06-19T22:59:10+00:00,189.301,1157.033,,
P00297,471,67,Blocked Drain,Water Leakage,Drain requires cleaning and maintenance.,Water is leaking from a pipeline.,18.704967,73.699264,18.704701,73.700546,2026-05-02T17:57:10+00:00,2026-07-27T17:50:10+00:00,138.224,2063.883,,
P00298,122,387,Water Leakage,Garbage Accumulation,A water pipeline appears to be leaking.,Waste has been dumped near the road.,18.742823,73.693833,18.744491,73.695314,2026-05-03T03:32:10+00:00,2026-05-28T14:05:10+00:00,242.321,610.55,,
P00299,122,207,Water Leakage,Garbage Accumulation,A water pipeline appears to be leaking.,Garbage has not been collected from the area.,18.742823,73.693833,18.742225,73.694155,2026-05-03T03:32:10+00:00,2026-06-01T08:48:10+00:00,74.64,701.267,,
P00300,122,438,Water Leakage,Water Leakage,A water pipeline appears to be leaking.,Water leakage is observed near the road.,18.742823,73.693833,18.744867,73.69263,2026-05-03T03:32:10+00:00,2026-07-15T08:40:10+00:00,260.199,1757.133,,
P00301,93,438,Water Leakage,Water Leakage,A water pipeline appears to be leaking.,Water leakage is observed near the road.,18.746709,73.693052,18.744867,73.69263,2026-05-03T17:02:10+00:00,2026-07-15T08:40:10+00:00,209.586,1743.633,,
P00302,31,450,Road Damage,Garbage Accumulation,Damaged portion of road requires maintenance.,Garbage has not been collected from the area.,18.736814,73.691387,18.737359,73.689754,2026-05-04T06:10:10+00:00,2026-05-19T19:07:10+00:00,182.324,372.95,,
P00303,31,404,Road Damage,Blocked Drain,Damaged portion of road requires maintenance.,Waste has blocked the drainage system.,18.736814,73.691387,18.738657,73.689679,2026-05-04T06:10:10+00:00,2026-07-16T07:27:10+00:00,272.663,1753.283,,
P00304,31,10,Road Damage,Road Damage,Damaged portion of road requires maintenance.,Damaged portion of road requires maintenance.,18.736814,73.691387,18.735886,73.692573,2026-05-04T06:10:10+00:00,2026-07-23T06:45:10+00:00,162.003,1920.583,,
P00305,200,285,Road Damage,Pothole,Damaged portion of road requires maintenance.,Pothole is creating a safety problem for commuters.,18.709571,73.699529,18.707415,73.699155,2026-05-04T11:12:10+00:00,2026-05-30T13:06:10+00:00,242.951,625.9,,
P00306,200,287,Road Damage,Garbage Accumulation,Damaged portion of road requires maintenance.,Garbage has accumulated near the roadside.,18.709571,73.699529,18.70989,73.698548,2026-05-04T11:12:10+00:00,2026-06-26T02:51:10+00:00,109.237,1263.65,,
P00307,200,332,Road Damage,Other,Damaged portion of road requires maintenance.,A municipal issue has been reported.,18.709571,73.699529,18.710869,73.699181,2026-05-04T11:12:10+00:00,2026-07-07T22:18:10+00:00,148.912,1547.1,,
P00308,411,480,Pothole,Pothole,Large pothole causing difficulty for vehicles.,Large pothole causing difficulty for vehicles.,18.719417,73.667296,18.718566,73.665891,2026-05-04T16:36:10+00:00,2026-06-09T21:08:10+00:00,175.636,868.533,,
P00309,411,346,Pothole,Road Damage,Large pothole causing difficulty for vehicles.,Road has cracks and damaged portions.,18.719417,73.667296,18.717761,73.666644,2026-05-04T16:36:10+00:00,2026-06-17T22:58:10+00:00,196.525,1062.367,,
P00310,411,163,Pothole,Streetlight,Large pothole causing difficulty for vehicles.,Streetlight is not working at night.,18.719417,73.667296,18.719956,73.665313,2026-05-04T16:36:10+00:00,2026-07-22T20:09:10+00:00,217.265,1899.55,,
P00311,489,171,Garbage Accumulation,Water Leakage,Garbage has not been collected from the area.,A water pipeline appears to be leaking.,18.728546,73.696914,18.730419,73.697204,2026-05-04T20:25:10+00:00,2026-05-13T13:39:10+00:00,210.495,209.233,,
P00312,489,402,Garbage Accumulation,Waterlogging,Garbage has not been collected from the area.,Water is accumulated in the area.,18.728546,73.696914,18.729678,73.698991,2026-05-04T20:25:10+00:00,2026-05-30T05:06:10+00:00,252.356,608.683,,
P00313,489,77,Garbage Accumulation,Other,Garbage has not been collected from the area.,An issue with public infrastructure has been noticed.,18.728546,73.696914,18.72682,73.695278,2026-05-04T20:25:10+00:00,2026-06-05T05:28:10+00:00,257.907,753.05,,
P00314,266,449,Blocked Drain,Garbage Accumulation,Drain is blocked and water is not flowing.,Garbage has accumulated near the roadside.,18.734912,73.667475,18.733181,73.665716,2026-05-04T23:59:10+00:00,2026-06-20T19:44:10+00:00,267.129,1123.75,,
P00315,54,26,Blocked Drain,Pothole,Drain is blocked and water is not flowing.,Deep pothole noticed on the road.,18.746327,73.681773,18.745232,73.679339,2026-05-05T14:37:10+00:00,2026-05-11T09:20:10+00:00,283.744,138.717,,
P00316,54,297,Blocked Drain,Streetlight,Drain is blocked and water is not flowing.,Streetlight requires repair.,18.746327,73.681773,18.747848,73.682364,2026-05-05T14:37:10+00:00,2026-07-27T04:02:10+00:00,180.213,1981.417,,
P00317,395,417,Blocked Drain,Water Leakage,Waste has blocked the drainage system.,A water pipeline appears to be leaking.,18.719175,73.686336,18.718311,73.688915,2026-05-06T01:55:10+00:00,2026-05-12T17:53:10+00:00,288.094,159.967,,
P00318,395,66,Blocked Drain,Water Leakage,Waste has blocked the drainage system.,Water leakage is observed near the road.,18.719175,73.686336,18.717839,73.68523,2026-05-06T01:55:10+00:00,2026-06-10T13:48:10+00:00,188.775,851.883,,
P00319,395,236,Blocked Drain,Garbage Accumulation,Waste has blocked the drainage system.,Garbage has not been collected from the area.,18.719175,73.686336,18.720864,73.687677,2026-05-06T01:55:10+00:00,2026-06-19T23:38:10+00:00,234.981,1077.717,,
P00320,395,311,Blocked Drain,Blocked Drain,Waste has blocked the drainage system.,Drain requires cleaning and maintenance.,18.719175,73.686336,18.718204,73.685532,2026-05-06T01:55:10+00:00,2026-06-24T20:52:10+00:00,137.211,1194.95,,
P00321,321,408,Pothole,Pothole,Pothole is creating a safety problem for commuters.,Pothole is creating a safety problem for commuters.,18.738515,73.698165,18.7373,73.700072,2026-05-06T08:29:10+00:00,2026-07-07T11:38:10+00:00,242.027,1491.15,,
P00322,461,380,Pothole,Streetlight,Pothole is creating a safety problem for commuters.,Streetlight is not working at night.,18.741407,73.679615,18.740812,73.678463,2026-05-07T08:37:10+00:00,2026-06-18T13:38:10+00:00,138.174,1013.017,,
P00323,461,185,Pothole,Pothole,Pothole is creating a safety problem for commuters.,Pothole is creating a safety problem for commuters.,18.741407,73.679615,18.741636,73.681627,2026-05-07T08:37:10+00:00,2026-07-05T18:43:10+00:00,213.387,1426.1,,
P00324,461,363,Pothole,Pothole,Pothole is creating a safety problem for commuters.,Deep pothole noticed on the road.,18.741407,73.679615,18.740527,73.678478,2026-05-07T08:37:10+00:00,2026-07-16T22:40:10+00:00,154.626,1694.05,,
P00325,461,108,Pothole,Waterlogging,Pothole is creating a safety problem for commuters.,Water is accumulated in the area.,18.741407,73.679615,18.739159,73.679611,2026-05-07T08:37:10+00:00,2026-07-21T09:22:10+00:00,249.967,1800.75,,
P00326,45,291,Streetlight,Streetlight,Streetlight is not working at night.,Streetlight is not functioning.,18.71092,73.676163,18.710444,73.676972,2026-05-08T03:56:10+00:00,2026-06-04T00:53:10+00:00,100.304,644.95,,
P00327,45,315,Streetlight,Blocked Drain,Streetlight is not working at night.,Drain requires cleaning and maintenance.,18.71092,73.676163,18.711963,73.674918,2026-05-08T03:56:10+00:00,2026-06-16T22:19:10+00:00,175.052,954.383,,
P00328,45,209,Streetlight,Water Leakage,Streetlight is not working at night.,Water leakage is observed near the road.,18.71092,73.676163,18.712423,73.676394,2026-05-08T03:56:10+00:00,2026-06-18T21:08:10+00:00,168.887,1001.2,,
P00329,45,47,Streetlight,Water Leakage,Streetlight is not working at night.,Water leakage is observed near the road.,18.71092,73.676163,18.711668,73.677248,2026-05-08T03:56:10+00:00,2026-08-02T22:40:10+00:00,141.335,2082.733,,
P00330,55,341,Pothole,Water Leakage,Deep pothole noticed on the road.,A water pipeline appears to be leaking.,18.74256,73.689952,18.741965,73.68977,2026-05-08T09:14:10+00:00,2026-07-24T21:24:10+00:00,68.881,1860.167,,
P00331,310,44,Garbage Accumulation,Garbage Accumulation,Waste has been dumped near the road.,Garbage has accumulated near the roadside.,18.731006,73.67736,18.729336,73.678047,2026-05-08T16:34:10+00:00,2026-05-22T20:38:10+00:00,199.29,340.067,,
P00332,310,400,Garbage Accumulation,Streetlight,Waste has been dumped near the road.,Streetlight is not working at night.,18.731006,73.67736,18.730114,73.679245,2026-05-08T16:34:10+00:00,2026-07-06T02:27:10+00:00,221.903,1401.883,,
P00333,441,449,Pothole,Garbage Accumulation,Deep pothole noticed on the road.,Garbage has accumulated near the roadside.,18.731871,73.664429,18.733181,73.665716,2026-05-08T19:46:10+00:00,2026-06-20T19:44:10+00:00,198.962,1031.967,,
P00334,441,78,Pothole,Other,Deep pothole noticed on the road.,A municipal issue has been reported.,18.731871,73.664429,18.733245,73.663524,2026-05-08T19:46:10+00:00,2026-07-19T23:31:10+00:00,180.068,1731.75,,
P00335,49,102,Streetlight,Blocked Drain,Streetlight requires repair.,Drain is blocked and water is not flowing.,18.724511,73.699869,18.724277,73.701108,2026-05-10T13:53:10+00:00,2026-05-19T02:29:10+00:00,133.048,204.6,,
P00336,49,481,Streetlight,Pothole,Streetlight requires repair.,Pothole is creating a safety problem for commuters.,18.724511,73.699869,18.724128,73.697662,2026-05-10T13:53:10+00:00,2026-06-28T04:15:10+00:00,236.288,1166.367,,
P00337,26,183,Pothole,Water Leakage,Deep pothole noticed on the road.,Water leakage is observed near the road.,18.745232,73.679339,18.745784,73.678086,2026-05-11T09:20:10+00:00,2026-06-12T20:30:10+00:00,145.515,779.167,,
P00338,232,393,Other,Blocked Drain,An issue with public infrastructure has been noticed.,Drain is blocked and water is not flowing.,18.739015,73.673463,18.736452,73.672974,2026-05-11T17:37:10+00:00,2026-07-05T15:01:10+00:00,289.607,1317.4,,
P00339,429,222,Other,Streetlight,An issue with public infrastructure has been noticed.,Streetlight requires repair.,18.749773,73.706584,18.749218,73.707989,2026-05-12T06:18:10+00:00,2026-06-18T22:14:10+00:00,160.294,903.933,,
P00340,429,473,Other,Water Leakage,An issue with public infrastructure has been noticed.,Water is leaking from a pipeline.,18.749773,73.706584,18.749144,73.707006,2026-05-12T06:18:10+00:00,2026-06-29T01:18:10+00:00,82.863,1147.0,,
P00341,429,457,Other,Road Damage,An issue with public infrastructure has been noticed.,Road surface is damaged and needs repair.,18.749773,73.706584,18.748905,73.706117,2026-05-12T06:18:10+00:00,2026-07-19T21:46:10+00:00,108.321,1647.467,,
P00342,383,202,Streetlight,Pothole,Streetlight is not functioning.,Large pothole causing difficulty for vehicles.,18.747069,73.674628,18.745908,73.675877,2026-05-12T11:18:10+00:00,2026-05-30T07:09:10+00:00,184.288,427.85,,
P00343,383,59,Streetlight,Waterlogging,Streetlight is not functioning.,Standing water is causing difficulty for commuters.,18.747069,73.674628,18.746221,73.675831,2026-05-12T11:18:10+00:00,2026-06-12T11:55:10+00:00,157.914,744.617,,
P00344,383,413,Streetlight,Water Leakage,Streetlight is not functioning.,Water is leaking from a pipeline.,18.747069,73.674628,18.748095,73.67701,2026-05-12T11:18:10+00:00,2026-06-19T21:45:10+00:00,275.541,922.45,,
P00345,383,272,Streetlight,Streetlight,Streetlight is not functioning.,Streetlight is not functioning.,18.747069,73.674628,18.745933,73.675162,2026-05-12T11:18:10+00:00,2026-06-28T04:40:10+00:00,138.267,1121.367,,
P00346,383,420,Streetlight,Water Leakage,Streetlight is not functioning.,Water leakage is observed near the road.,18.747069,73.674628,18.748228,73.673262,2026-05-12T11:18:10+00:00,2026-08-03T05:04:10+00:00,193.124,1985.767,,
P00347,417,174,Water Leakage,Streetlight,A water pipeline appears to be leaking.,Streetlight is not functioning.,18.718311,73.688915,18.718823,73.691313,2026-05-12T17:53:10+00:00,2026-05-23T09:28:10+00:00,258.879,255.583,,
P00348,48,185,Streetlight,Pothole,Streetlight is not working at night.,Pothole is creating a safety problem for commuters.,18.74258,73.683168,18.741636,73.681627,2026-05-13T10:43:10+00:00,2026-07-05T18:43:10+00:00,193.257,1280.0,,
P00349,171,402,Water Leakage,Waterlogging,A water pipeline appears to be leaking.,Water is accumulated in the area.,18.730419,73.697204,18.729678,73.698991,2026-05-13T13:39:10+00:00,2026-05-30T05:06:10+00:00,205.43,399.45,,
P00350,476,467,Other,Other,An issue with public infrastructure has been noticed.,An issue with public infrastructure has been noticed.,18.733425,73.657947,18.732328,73.660372,2026-05-14T16:50:10+00:00,2026-06-21T23:55:10+00:00,283.001,919.083,,
P00351,430,459,Streetlight,Streetlight,Streetlight is not functioning.,Streetlight is not working at night.,18.741052,73.696804,18.741429,73.698755,2026-05-15T06:52:10+00:00,2026-07-03T02:22:10+00:00,209.672,1171.5,,
P00352,20,488,Waterlogging,Garbage Accumulation,Standing water is causing difficulty for commuters.,Waste has been dumped near the road.,18.742849,73.675648,18.741461,73.676662,2026-05-15T20:10:10+00:00,2026-05-30T23:20:10+00:00,187.672,363.167,,
P00353,20,95,Waterlogging,Streetlight,Standing water is causing difficulty for commuters.,Streetlight requires repair.,18.742849,73.675648,18.7425,73.673887,2026-05-15T20:10:10+00:00,2026-07-01T13:59:10+00:00,189.448,1121.817,,
P00354,401,421,Waterlogging,Water Leakage,Standing water is causing difficulty for commuters.,Water leakage is observed near the road.,18.70091,73.695333,18.700496,73.696922,2026-05-16T03:26:10+00:00,2026-06-21T18:02:10+00:00,173.576,878.6,,
P00355,416,250,Pothole,Water Leakage,Pothole is creating a safety problem for commuters.,Water is leaking from a pipeline.,18.711029,73.690629,18.708596,73.690718,2026-05-16T10:53:10+00:00,2026-05-27T03:05:10+00:00,270.7,256.2,,
P00356,416,323,Pothole,Other,Pothole is creating a safety problem for commuters.,A municipal issue has been reported.,18.711029,73.690629,18.711131,73.688227,2026-05-16T10:53:10+00:00,2026-06-22T02:21:10+00:00,253.228,879.467,,
P00357,416,444,Pothole,Garbage Accumulation,Pothole is creating a safety problem for commuters.,Waste has been dumped near the road.,18.711029,73.690629,18.711911,73.691136,2026-05-16T10:53:10+00:00,2026-07-15T01:39:10+00:00,111.668,1430.767,,
P00358,133,375,Waterlogging,Other,Water is accumulated in the area.,A municipal service-related issue has been reported.,18.738449,73.685778,18.740105,73.684628,2026-05-16T11:18:10+00:00,2026-07-30T18:17:10+00:00,220.389,1806.983,,
P00359,114,174,Blocked Drain,Streetlight,Waste has blocked the drainage system.,Streetlight is not functioning.,18.716845,73.692027,18.718823,73.691313,2026-05-16T17:21:10+00:00,2026-05-23T09:28:10+00:00,232.442,160.117,,
P00360,114,139,Blocked Drain,Other,Waste has blocked the drainage system.,A municipal service-related issue has been reported.,18.716845,73.692027,18.719177,73.692476,2026-05-16T17:21:10+00:00,2026-06-01T14:28:10+00:00,263.583,381.117,,
P00361,114,288,Blocked Drain,Water Leakage,Waste has blocked the drainage system.,Water is leaking from a pipeline.,18.716845,73.692027,18.715465,73.691655,2026-05-16T17:21:10+00:00,2026-06-14T23:50:10+00:00,158.371,702.483,,
P00362,114,343,Blocked Drain,Road Damage,Waste has blocked the drainage system.,Damaged portion of road requires maintenance.,18.716845,73.692027,18.715226,73.692083,2026-05-16T17:21:10+00:00,2026-08-07T02:01:10+00:00,180.121,1976.667,,
P00363,168,313,Blocked Drain,Road Damage,Drain requires cleaning and maintenance.,Damaged portion of road requires maintenance.,18.741575,73.686887,18.743726,73.687037,2026-05-17T08:58:10+00:00,2026-06-26T11:53:10+00:00,239.701,962.917,,
P00364,168,428,Blocked Drain,Garbage Accumulation,Drain requires cleaning and maintenance.,Waste has been dumped near the road.,18.741575,73.686887,18.743274,73.68614,2026-05-17T08:58:10+00:00,2026-07-16T15:53:10+00:00,204.641,1446.917,,
P00365,168,375,Blocked Drain,Other,Drain requires cleaning and maintenance.,A municipal service-related issue has been reported.,18.741575,73.686887,18.740105,73.684628,2026-05-17T08:58:10+00:00,2026-07-30T18:17:10+00:00,288.619,1785.317,,
P00366,102,86,Blocked Drain,Blocked Drain,Drain is blocked and water is not flowing.,Drain is blocked and water is not flowing.,18.724277,73.701108,18.723963,73.698702,2026-05-19T02:29:10+00:00,2026-08-10T14:35:10+00:00,255.77,2004.1,,
P00367,455,181,Road Damage,Pothole,Road surface is damaged and needs repair.,Large pothole causing difficulty for vehicles.,18.731211,73.704981,18.729698,73.703231,2026-05-19T09:05:10+00:00,2026-05-21T12:42:10+00:00,249.53,51.617,,
P00368,450,486,Garbage Accumulation,Pothole,Garbage has not been collected from the area.,Deep pothole noticed on the road.,18.737359,73.689754,18.735588,73.687928,2026-05-19T19:07:10+00:00,2026-06-06T00:30:10+00:00,275.231,413.383,,
P00369,450,404,Garbage Accumulation,Blocked Drain,Garbage has not been collected from the area.,Waste has blocked the drainage system.,18.737359,73.689754,18.738657,73.689679,2026-05-19T19:07:10+00:00,2026-07-16T07:27:10+00:00,144.547,1380.333,,
P00370,447,218,Other,Waterlogging,An issue with public infrastructure has been noticed.,Standing water is causing difficulty for commuters.,18.71192,73.685786,18.709516,73.685995,2026-05-20T15:54:10+00:00,2026-06-21T06:44:10+00:00,268.217,758.833,,
P00371,447,323,Other,Other,An issue with public infrastructure has been noticed.,A municipal issue has been reported.,18.71192,73.685786,18.711131,73.688227,2026-05-20T15:54:10+00:00,2026-06-22T02:21:10+00:00,271.639,778.45,,
P00372,447,2,Other,Pothole,An issue with public infrastructure has been noticed.,Pothole is creating a safety problem for commuters.,18.71192,73.685786,18.711556,73.685263,2026-05-20T15:54:10+00:00,2026-06-28T16:02:10+00:00,68.353,936.133,,
P00373,447,497,Other,Streetlight,An issue with public infrastructure has been noticed.,Streetlight requires repair.,18.71192,73.685786,18.711296,73.68482,2026-05-20T15:54:10+00:00,2026-07-12T08:26:10+00:00,123.145,1264.533,,
P00374,29,276,Water Leakage,Blocked Drain,A water pipeline appears to be leaking.,Waste has blocked the drainage system.,18.749032,73.701772,18.748492,73.699151,2026-05-21T01:19:10+00:00,2026-06-14T10:26:10+00:00,282.434,585.117,,
P00375,29,314,Water Leakage,Pothole,A water pipeline appears to be leaking.,Pothole is creating a safety problem for commuters.,18.749032,73.701772,18.747505,73.702194,2026-05-21T01:19:10+00:00,2026-08-06T20:18:10+00:00,175.513,1866.983,,
P00376,29,8,Water Leakage,Water Leakage,A water pipeline appears to be leaking.,Water is leaking from a pipeline.,18.749032,73.701772,18.748939,73.700491,2026-05-21T01:19:10+00:00,2026-08-15T10:01:10+00:00,135.278,2072.7,,
P00377,181,50,Pothole,Pothole,Large pothole causing difficulty for vehicles.,Pothole is creating a safety problem for commuters.,18.729698,73.703231,18.729984,73.701845,2026-05-21T12:42:10+00:00,2026-07-17T13:51:10+00:00,149.379,1369.15,,
P00378,214,291,Pothole,Streetlight,Large pothole causing difficulty for vehicles.,Streetlight is not functioning.,18.711609,73.679376,18.710444,73.676972,2026-05-22T01:12:10+00:00,2026-06-04T00:53:10+00:00,284.401,311.683,,
P00379,214,367,Pothole,Waterlogging,Large pothole causing difficulty for vehicles.,Standing water is causing difficulty for commuters.,18.711609,73.679376,18.712349,73.680783,2026-05-22T01:12:10+00:00,2026-07-02T14:07:10+00:00,169.495,996.917,,
P00380,214,47,Pothole,Water Leakage,Large pothole causing difficulty for vehicles.,Water leakage is observed near the road.,18.711609,73.679376,18.711668,73.677248,2026-05-22T01:12:10+00:00,2026-08-02T22:40:10+00:00,224.212,1749.467,,
P00381,353,109,Streetlight,Water Leakage,Streetlight is not functioning.,Water leakage is observed near the road.,18.725445,73.66227,18.726379,73.661032,2026-05-22T02:48:10+00:00,2026-07-18T10:49:10+00:00,166.682,1376.017,,
P00382,353,379,Streetlight,Water Leakage,Streetlight is not functioning.,Water leakage is observed near the road.,18.725445,73.66227,18.727174,73.662417,2026-05-22T02:48:10+00:00,2026-07-21T06:01:10+00:00,192.878,1443.217,,
P00383,353,125,Streetlight,Streetlight,Streetlight is not functioning.,Streetlight requires repair.,18.725445,73.66227,18.726841,73.664112,2026-05-22T02:48:10+00:00,2026-07-22T07:56:10+00:00,248.442,1469.133,,
P00384,44,400,Garbage Accumulation,Streetlight,Garbage has accumulated near the roadside.,Streetlight is not working at night.,18.729336,73.678047,18.730114,73.679245,2026-05-22T20:38:10+00:00,2026-07-06T02:27:10+00:00,152.969,1061.817,,
P00385,123,492,Garbage Accumulation,Water Leakage,Garbage has not been collected from the area.,A water pipeline appears to be leaking.,18.729791,73.685719,18.730371,73.686672,2026-05-23T00:21:10+00:00,2026-05-28T03:36:10+00:00,119.293,123.25,,
P00386,123,257,Garbage Accumulation,Road Damage,Garbage has not been collected from the area.,Damaged portion of road requires maintenance.,18.729791,73.685719,18.729838,73.687953,2026-05-23T00:21:10+00:00,2026-06-15T18:38:10+00:00,235.313,570.283,,
P00387,174,439,Streetlight,Water Leakage,Streetlight is not functioning.,Water is leaking from a pipeline.,18.718823,73.691313,18.719141,73.693702,2026-05-23T09:28:10+00:00,2026-05-31T17:37:10+00:00,254.066,200.15,,
P00388,174,139,Streetlight,Other,Streetlight is not functioning.,A municipal service-related issue has been reported.,18.718823,73.691313,18.719177,73.692476,2026-05-23T09:28:10+00:00,2026-06-01T14:28:10+00:00,128.649,221.0,,
P00389,174,494,Streetlight,Garbage Accumulation,Streetlight is not functioning.,Garbage has not been collected from the area.,18.718823,73.691313,18.717276,73.689144,2026-05-23T09:28:10+00:00,2026-08-21T07:33:10+00:00,285.952,2158.083,,
P00390,111,65,Water Leakage,Pothole,A water pipeline appears to be leaking.,Deep pothole noticed on the road.,18.704281,73.691613,18.702321,73.692826,2026-05-23T11:49:10+00:00,2026-06-01T21:31:10+00:00,252.627,225.7,,
P00391,331,74,Waterlogging,Water Leakage,Standing water is causing difficulty for commuters.,Water leakage is observed near the road.,18.723705,73.68095,18.724026,73.679415,2026-05-23T17:25:10+00:00,2026-06-06T15:34:10+00:00,165.545,334.15,,
P00392,331,399,Waterlogging,Water Leakage,Standing water is causing difficulty for commuters.,A water pipeline appears to be leaking.,18.723705,73.68095,18.721912,73.682864,2026-05-23T17:25:10+00:00,2026-06-19T05:50:10+00:00,283.51,636.417,,
P00393,331,101,Waterlogging,Other,Standing water is causing difficulty for commuters.,A municipal issue has been reported.,18.723705,73.68095,18.72554,73.680751,2026-05-23T17:25:10+00:00,2026-08-08T07:13:10+00:00,205.116,1837.8,,
P00394,331,58,Waterlogging,Other,Standing water is causing difficulty for commuters.,A municipal service-related issue has been reported.,18.723705,73.68095,18.724645,73.682854,2026-05-23T17:25:10+00:00,2026-08-12T04:51:10+00:00,226.118,1931.433,,
P00395,210,52,Streetlight,Waterlogging,Streetlight is not functioning.,Rainwater has accumulated on the road.,18.739002,73.682644,18.739938,73.682166,2026-05-24T04:15:10+00:00,2026-07-30T13:52:10+00:00,115.611,1617.617,,
P00396,210,375,Streetlight,Other,Streetlight is not functioning.,A municipal service-related issue has been reported.,18.739002,73.682644,18.740105,73.684628,2026-05-24T04:15:10+00:00,2026-07-30T18:17:10+00:00,242.257,1622.033,,
P00397,359,16,Blocked Drain,Water Leakage,Waste has blocked the drainage system.,A water pipeline appears to be leaking.,18.707488,73.686911,18.706592,73.685354,2026-05-24T08:06:10+00:00,2026-06-04T02:48:10+00:00,191.878,258.7,,
P00398,359,218,Blocked Drain,Waterlogging,Waste has blocked the drainage system.,Standing water is causing difficulty for commuters.,18.707488,73.686911,18.709516,73.685995,2026-05-24T08:06:10+00:00,2026-06-21T06:44:10+00:00,245.273,670.633,,
P00399,359,119,Blocked Drain,Streetlight,Waste has blocked the drainage system.,Streetlight is not functioning.,18.707488,73.686911,18.709212,73.685721,2026-05-24T08:06:10+00:00,2026-06-23T15:34:10+00:00,229.034,727.467,,
P00400,359,15,Blocked Drain,Water Leakage,Waste has blocked the drainage system.,A water pipeline appears to be leaking.,18.707488,73.686911,18.707491,73.689099,2026-05-24T08:06:10+00:00,2026-07-09T09:38:10+00:00,230.441,1105.533,,
P00401,436,184,Waterlogging,Garbage Accumulation,Water is accumulated in the area.,Garbage has accumulated near the roadside.,18.743084,73.668768,18.744246,73.666605,2026-05-24T22:29:10+00:00,2026-07-10T19:02:10+00:00,261.857,1124.55,,
P00402,13,97,Blocked Drain,Waterlogging,Waste has blocked the drainage system.,Standing water is causing difficulty for commuters.,18.71345,73.681737,18.715758,73.681486,2026-05-25T18:02:10+00:00,2026-05-28T21:57:10+00:00,257.996,75.917,,
P00403,13,367,Blocked Drain,Waterlogging,Waste has blocked the drainage system.,Standing water is causing difficulty for commuters.,18.71345,73.681737,18.712349,73.680783,2026-05-25T18:02:10+00:00,2026-07-02T14:07:10+00:00,158.375,908.083,,
P00404,226,46,Waterlogging,Waterlogging,Rainwater has accumulated on the road.,Standing water is causing difficulty for commuters.,18.71339,73.696749,18.71374,73.698561,2026-05-26T15:02:10+00:00,2026-06-15T08:37:10+00:00,194.762,473.583,,
P00405,250,15,Water Leakage,Water Leakage,Water is leaking from a pipeline.,A water pipeline appears to be leaking.,18.708596,73.690718,18.707491,73.689099,2026-05-27T03:05:10+00:00,2026-07-09T09:38:10+00:00,210.171,1038.55,,
P00406,250,357,Water Leakage,Road Damage,Water is leaking from a pipeline.,Road has cracks and damaged portions.,18.708596,73.690718,18.707873,73.691184,2026-05-27T03:05:10+00:00,2026-08-07T21:58:10+00:00,94.191,1746.883,,
P00407,36,369,Road Damage,Streetlight,Damaged portion of road requires maintenance.,Streetlight requires repair.,18.73499,73.696539,18.735545,73.697363,2026-05-27T03:52:10+00:00,2026-05-28T21:28:10+00:00,106.478,41.6,,
P00408,36,464,Road Damage,Other,Damaged portion of road requires maintenance.,An issue with public infrastructure has been noticed.,18.73499,73.696539,18.736649,73.694732,2026-05-27T03:52:10+00:00,2026-08-23T03:14:10+00:00,265.023,2111.367,,
P00409,268,414,Streetlight,Waterlogging,Streetlight is not functioning.,Rainwater has accumulated on the road.,18.721952,73.695101,18.722852,73.696541,2026-05-28T00:02:10+00:00,2026-06-12T23:20:10+00:00,181.693,383.3,,
P00410,268,422,Streetlight,Waterlogging,Streetlight is not functioning.,Rainwater has accumulated on the road.,18.721952,73.695101,18.724413,73.695034,2026-05-28T00:02:10+00:00,2026-06-19T09:44:10+00:00,273.742,537.7,,
P00411,268,117,Streetlight,Pothole,Streetlight is not functioning.,Large pothole causing difficulty for vehicles.,18.721952,73.695101,18.723623,73.696094,2026-05-28T00:02:10+00:00,2026-07-25T17:15:10+00:00,213.213,1409.217,,
P00412,268,267,Streetlight,Streetlight,Streetlight is not functioning.,Streetlight is not working at night.,18.721952,73.695101,18.721019,73.693531,2026-05-28T00:02:10+00:00,2026-08-25T03:45:10+00:00,195.192,2139.717,,
P00413,492,257,Water Leakage,Road Damage,A water pipeline appears to be leaking.,Damaged portion of road requires maintenance.,18.730371,73.686672,18.729838,73.687953,2026-05-28T03:36:10+00:00,2026-06-15T18:38:10+00:00,147.343,447.033,,
P00414,492,371,Water Leakage,Waterlogging,A water pipeline appears to be leaking.,Water is accumulated in the area.,18.730371,73.686672,18.729608,73.686722,2026-05-28T03:36:10+00:00,2026-08-21T21:28:10+00:00,85.005,2057.867,,
P00415,279,204,Garbage Accumulation,Streetlight,Waste has been dumped near the road.,Streetlight requires repair.,18.72489,73.672824,18.72359,73.671489,2026-05-28T04:28:10+00:00,2026-07-02T23:53:10+00:00,201.645,859.417,,
P00416,279,18,Garbage Accumulation,Road Damage,Waste has been dumped near the road.,Damaged portion of road requires maintenance.,18.72489,73.672824,18.724494,73.67242,2026-05-28T04:28:10+00:00,2026-07-31T19:11:10+00:00,61.229,1550.717,,
P00417,387,207,Garbage Accumulation,Garbage Accumulation,Waste has been dumped near the road.,Garbage has not been collected from the area.,18.744491,73.695314,18.742225,73.694155,2026-05-28T14:05:10+00:00,2026-06-01T08:48:10+00:00,279.967,90.717,,
P00418,387,322,Garbage Accumulation,Streetlight,Waste has been dumped near the road.,Streetlight is not working at night.,18.744491,73.695314,18.744755,73.696661,2026-05-28T14:05:10+00:00,2026-07-04T02:36:10+00:00,144.841,876.517,,
P00419,387,438,Garbage Accumulation,Water Leakage,Waste has been dumped near the road.,Water leakage is observed near the road.,18.744491,73.695314,18.744867,73.69263,2026-05-28T14:05:10+00:00,2026-07-15T08:40:10+00:00,285.693,1146.583,,
P00420,387,88,Garbage Accumulation,Blocked Drain,Waste has been dumped near the road.,Drain requires cleaning and maintenance.,18.744491,73.695314,18.744799,73.695336,2026-05-28T14:05:10+00:00,2026-08-13T12:07:10+00:00,34.326,1846.033,,
P00421,387,344,Garbage Accumulation,Streetlight,Waste has been dumped near the road.,Streetlight requires repair.,18.744491,73.695314,18.743522,73.694443,2026-05-28T14:05:10+00:00,2026-08-15T23:36:10+00:00,141.496,1905.517,,
P00422,97,427,Waterlogging,Water Leakage,Standing water is causing difficulty for commuters.,Water is leaking from a pipeline.,18.715758,73.681486,18.717191,73.679116,2026-05-28T21:57:10+00:00,2026-07-22T08:33:10+00:00,296.122,1306.6,,
P00423,97,30,Waterlogging,Garbage Accumulation,Standing water is causing difficulty for commuters.,Garbage has accumulated near the roadside.,18.715758,73.681486,18.716238,73.682679,2026-05-28T21:57:10+00:00,2026-07-24T23:29:10+00:00,136.508,1369.533,,
P00424,97,201,Waterlogging,Water Leakage,Standing water is causing difficulty for commuters.,Water is leaking from a pipeline.,18.715758,73.681486,18.71792,73.68211,2026-05-28T21:57:10+00:00,2026-08-23T04:46:10+00:00,249.224,2070.817,,
P00425,308,385,Road Damage,Waterlogging,Road surface is damaged and needs repair.,Standing water is causing difficulty for commuters.,18.715665,73.701143,18.714593,73.703411,2026-05-29T06:22:10+00:00,2026-06-05T03:41:10+00:00,266.947,165.317,,
P00426,308,19,Road Damage,Blocked Drain,Road surface is damaged and needs repair.,Waste has blocked the drainage system.,18.715665,73.701143,18.714201,73.702246,2026-05-29T06:22:10+00:00,2026-06-08T13:23:10+00:00,199.986,247.017,,
P00427,308,245,Road Damage,Other,Road surface is damaged and needs repair.,A municipal issue has been reported.,18.715665,73.701143,18.716407,73.699685,2026-05-29T06:22:10+00:00,2026-06-21T06:09:10+00:00,174.312,551.783,,
P00428,308,25,Road Damage,Road Damage,Road surface is damaged and needs repair.,Road surface is damaged and needs repair.,18.715665,73.701143,18.714425,73.700506,2026-05-29T06:22:10+00:00,2026-06-23T23:29:10+00:00,153.336,617.117,,
P00429,308,217,Road Damage,Pothole,Road surface is damaged and needs repair.,Large pothole causing difficulty for vehicles.,18.715665,73.701143,18.713637,73.702108,2026-05-29T06:22:10+00:00,2026-07-18T01:46:10+00:00,247.347,1195.4,,
P00430,308,233,Road Damage,Blocked Drain,Road surface is damaged and needs repair.,Drain is blocked and water is not flowing.,18.715665,73.701143,18.717848,73.69996,2026-05-29T06:22:10+00:00,2026-08-24T19:50:10+00:00,272.844,2101.467,,
P00431,141,259,Other,Road Damage,A municipal issue has been reported.,Road has cracks and damaged portions.,18.727946,73.693161,18.729456,73.691191,2026-05-29T14:18:10+00:00,2026-06-04T16:35:10+00:00,266.888,146.283,,
P00432,141,77,Other,Other,A municipal issue has been reported.,An issue with public infrastructure has been noticed.,18.727946,73.693161,18.72682,73.695278,2026-05-29T14:18:10+00:00,2026-06-05T05:28:10+00:00,255.69,159.167,,
P00433,141,22,Other,Garbage Accumulation,A municipal issue has been reported.,Garbage has accumulated near the roadside.,18.727946,73.693161,18.725686,73.692422,2026-05-29T14:18:10+00:00,2026-07-08T09:35:10+00:00,263.075,955.283,,
P00434,402,72,Waterlogging,Waterlogging,Water is accumulated in the area.,Standing water is causing difficulty for commuters.,18.729678,73.698991,18.731674,73.699532,2026-05-30T05:06:10+00:00,2026-08-15T14:37:10+00:00,229.14,1857.517,,
P00435,402,269,Waterlogging,Other,Water is accumulated in the area.,An issue with public infrastructure has been noticed.,18.729678,73.698991,18.728237,73.699472,2026-05-30T05:06:10+00:00,2026-08-17T15:53:10+00:00,168.047,1906.783,,
P00436,212,148,Waterlogging,Waterlogging,Standing water is causing difficulty for commuters.,Water is accumulated in the area.,18.698939,73.699667,18.700939,73.699985,2026-05-30T05:51:10+00:00,2026-08-13T23:35:10+00:00,224.898,1817.733,,
P00437,202,59,Pothole,Waterlogging,Large pothole causing difficulty for vehicles.,Standing water is causing difficulty for commuters.,18.745908,73.675877,18.746221,73.675831,2026-05-30T07:09:10+00:00,2026-06-12T11:55:10+00:00,35.139,316.767,,
P00438,202,183,Pothole,Water Leakage,Large pothole causing difficulty for vehicles.,Water leakage is observed near the road.,18.745908,73.675877,18.745784,73.678086,2026-05-30T07:09:10+00:00,2026-06-12T20:30:10+00:00,233.008,325.35,,
P00439,202,413,Pothole,Water Leakage,Large pothole causing difficulty for vehicles.,Water is leaking from a pipeline.,18.745908,73.675877,18.748095,73.67701,2026-05-30T07:09:10+00:00,2026-06-19T21:45:10+00:00,270.87,494.6,,
P00440,202,272,Pothole,Streetlight,Large pothole causing difficulty for vehicles.,Streetlight is not functioning.,18.745908,73.675877,18.745933,73.675162,2026-05-30T07:09:10+00:00,2026-06-28T04:40:10+00:00,75.338,693.517,,
P00441,202,318,Pothole,Water Leakage,Large pothole causing difficulty for vehicles.,Water is leaking from a pipeline.,18.745908,73.675877,18.746725,73.676946,2026-05-30T07:09:10+00:00,2026-08-24T02:16:10+00:00,144.648,2059.117,,
P00442,85,437,Streetlight,Waterlogging,Streetlight is not functioning.,Water is accumulated in the area.,18.733553,73.681752,18.733193,73.681761,2026-05-30T08:50:10+00:00,2026-06-02T18:06:10+00:00,40.041,81.267,,
P00443,85,431,Streetlight,Blocked Drain,Streetlight is not functioning.,Waste has blocked the drainage system.,18.733553,73.681752,18.733922,73.680395,2026-05-30T08:50:10+00:00,2026-07-14T11:03:10+00:00,148.672,1082.217,,
P00444,85,316,Streetlight,Pothole,Streetlight is not functioning.,Deep pothole noticed on the road.,18.733553,73.681752,18.734062,73.683254,2026-05-30T08:50:10+00:00,2026-07-22T12:06:10+00:00,167.988,1275.267,,
P00445,85,484,Streetlight,Water Leakage,Streetlight is not functioning.,A water pipeline appears to be leaking.,18.733553,73.681752,18.731125,73.681692,2026-05-30T08:50:10+00:00,2026-08-02T05:09:10+00:00,270.055,1532.317,,
P00446,285,305,Pothole,Pothole,Pothole is creating a safety problem for commuters.,Large pothole causing difficulty for vehicles.,18.707415,73.699155,18.706265,73.700427,2026-05-30T13:06:10+00:00,2026-06-19T22:59:10+00:00,185.2,489.883,,
P00447,285,287,Pothole,Garbage Accumulation,Pothole is creating a safety problem for commuters.,Garbage has accumulated near the roadside.,18.707415,73.699155,18.70989,73.698548,2026-05-30T13:06:10+00:00,2026-06-26T02:51:10+00:00,282.535,637.75,,
P00448,460,135,Pothole,Blocked Drain,Large pothole causing difficulty for vehicles.,Waste has blocked the drainage system.,18.703627,73.687526,18.704764,73.685684,2026-05-30T16:00:10+00:00,2026-06-11T23:19:10+00:00,231.564,295.317,,
P00449,460,37,Pothole,Blocked Drain,Large pothole causing difficulty for vehicles.,Drain requires cleaning and maintenance.,18.703627,73.687526,18.704755,73.688437,2026-05-30T16:00:10+00:00,2026-06-30T14:26:10+00:00,157.919,742.433,,
P00450,460,155,Pothole,Streetlight,Large pothole causing difficulty for vehicles.,Streetlight is not working at night.,18.703627,73.687526,18.703707,73.688038,2026-05-30T16:00:10+00:00,2026-08-10T08:30:10+00:00,54.654,1720.5,,
P00451,488,380,Garbage Accumulation,Streetlight,Waste has been dumped near the road.,Streetlight is not working at night.,18.741461,73.676662,18.740812,73.678463,2026-05-30T23:20:10+00:00,2026-06-18T13:38:10+00:00,202.911,446.3,,
P00452,488,286,Garbage Accumulation,Blocked Drain,Waste has been dumped near the road.,Waste has blocked the drainage system.,18.741461,73.676662,18.739809,73.676386,2026-05-30T23:20:10+00:00,2026-06-22T15:17:10+00:00,185.979,543.95,,
P00453,488,363,Garbage Accumulation,Pothole,Waste has been dumped near the road.,Deep pothole noticed on the road.,18.741461,73.676662,18.740527,73.678478,2026-05-30T23:20:10+00:00,2026-07-16T22:40:10+00:00,217.607,1127.333,,
P00454,439,139,Water Leakage,Other,Water is leaking from a pipeline.,A municipal service-related issue has been reported.,18.719141,73.693702,18.719177,73.692476,2026-05-31T17:37:10+00:00,2026-06-01T14:28:10+00:00,129.176,20.85,,
P00455,439,1,Water Leakage,Waterlogging,Water is leaking from a pipeline.,Standing water is causing difficulty for commuters.,18.719141,73.693702,18.718913,73.695537,2026-05-31T17:37:10+00:00,2026-07-03T11:23:10+00:00,194.905,785.767,,
P00456,439,397,Water Leakage,Garbage Accumulation,Water is leaking from a pipeline.,Garbage has accumulated near the roadside.,18.719141,73.693702,18.718944,73.692785,2026-05-31T17:37:10+00:00,2026-08-22T03:53:10+00:00,99.025,1978.267,,
P00457,439,267,Water Leakage,Streetlight,Water is leaking from a pipeline.,Streetlight is not working at night.,18.719141,73.693702,18.721019,73.693531,2026-05-31T17:37:10+00:00,2026-08-25T03:45:10+00:00,209.599,2050.133,,
P00458,354,83,Streetlight,Other,Streetlight is not functioning.,An issue with public infrastructure has been noticed.,18.723644,73.669384,18.722392,73.671198,2026-05-31T20:41:10+00:00,2026-06-22T16:12:10+00:00,236.379,523.517,,
P00459,354,330,Streetlight,Waterlogging,Streetlight is not functioning.,Standing water is causing difficulty for commuters.,18.723644,73.669384,18.724223,73.668931,2026-05-31T20:41:10+00:00,2026-06-25T01:50:10+00:00,80.13,581.15,,
P00460,354,204,Streetlight,Streetlight,Streetlight is not functioning.,Streetlight requires repair.,18.723644,73.669384,18.72359,73.671489,2026-05-31T20:41:10+00:00,2026-07-02T23:53:10+00:00,221.759,771.2,,
P00461,354,91,Streetlight,Waterlogging,Streetlight is not functioning.,Water is accumulated in the area.,18.723644,73.669384,18.72561,73.668609,2026-05-31T20:41:10+00:00,2026-08-10T19:34:10+00:00,233.347,1702.883,,
P00462,354,453,Streetlight,Garbage Accumulation,Streetlight is not functioning.,Waste has been dumped near the road.,18.723644,73.669384,18.723915,73.667936,2026-05-31T20:41:10+00:00,2026-08-20T18:40:10+00:00,155.438,1941.983,,
P00463,235,493,Other,Garbage Accumulation,A municipal issue has been reported.,Waste has been dumped near the road.,18.73403,73.672912,18.733821,73.670224,2026-05-31T20:44:10+00:00,2026-06-26T00:18:10+00:00,284.009,603.567,,
P00464,235,393,Other,Blocked Drain,A municipal issue has been reported.,Drain is blocked and water is not flowing.,18.73403,73.672912,18.736452,73.672974,2026-05-31T20:44:10+00:00,2026-07-05T15:01:10+00:00,269.393,834.283,,
P00465,235,177,Other,Streetlight,A municipal issue has been reported.,Streetlight is not working at night.,18.73403,73.672912,18.73422,73.675,2026-05-31T20:44:10+00:00,2026-07-24T00:20:10+00:00,220.887,1275.6,,
P00466,235,419,Other,Garbage Accumulation,A municipal issue has been reported.,Garbage has not been collected from the area.,18.73403,73.672912,18.732682,73.67191,2026-05-31T20:44:10+00:00,2026-07-29T07:57:10+00:00,183.305,1403.217,,
P00467,235,320,Other,Road Damage,A municipal issue has been reported.,Road has cracks and damaged portions.,18.73403,73.672912,18.734391,73.673828,2026-05-31T20:44:10+00:00,2026-08-11T12:35:10+00:00,104.477,1719.85,,
P00468,235,27,Other,Pothole,A municipal issue has been reported.,Large pothole causing difficulty for vehicles.,18.73403,73.672912,18.732264,73.671243,2026-05-31T20:44:10+00:00,2026-08-12T16:50:10+00:00,263.534,1748.1,,
P00469,235,256,Other,Water Leakage,A municipal issue has been reported.,Water leakage is observed near the road.,18.73403,73.672912,18.731463,73.672525,2026-05-31T20:44:10+00:00,2026-08-23T12:41:10+00:00,288.332,2007.95,,
P00470,207,344,Garbage Accumulation,Streetlight,Garbage has not been collected from the area.,Streetlight requires repair.,18.742225,73.694155,18.743522,73.694443,2026-06-01T08:48:10+00:00,2026-08-15T23:36:10+00:00,147.374,1814.8,,
P00471,242,480,Blocked Drain,Pothole,Drain requires cleaning and maintenance.,Large pothole causing difficulty for vehicles.,18.719762,73.664312,18.718566,73.665891,2026-06-01T10:59:10+00:00,2026-06-09T21:08:10+00:00,212.928,202.15,,
P00472,242,163,Blocked Drain,Streetlight,Drain requires cleaning and maintenance.,Streetlight is not working at night.,18.719762,73.664312,18.719956,73.665313,2026-06-01T10:59:10+00:00,2026-07-22T20:09:10+00:00,107.602,1233.167,,
P00473,242,392,Blocked Drain,Water Leakage,Drain requires cleaning and maintenance.,A water pipeline appears to be leaking.,18.719762,73.664312,18.71801,73.665614,2026-06-01T10:59:10+00:00,2026-08-26T21:21:10+00:00,238.23,2074.367,,
P00474,139,397,Other,Garbage Accumulation,A municipal service-related issue has been reported.,Garbage has accumulated near the roadside.,18.719177,73.692476,18.718944,73.692785,2026-06-01T14:28:10+00:00,2026-08-22T03:53:10+00:00,41.596,1957.417,,
P00475,139,267,Other,Streetlight,A municipal service-related issue has been reported.,Streetlight is not working at night.,18.719177,73.692476,18.721019,73.693531,2026-06-01T14:28:10+00:00,2026-08-25T03:45:10+00:00,233.015,2029.283,,
P00476,294,280,Garbage Accumulation,Waterlogging,Waste has been dumped near the road.,Standing water is causing difficulty for commuters.,18.711744,73.711958,18.711497,73.70985,2026-06-01T20:08:10+00:00,2026-06-07T06:53:10+00:00,223.702,130.75,,
P00477,437,431,Waterlogging,Blocked Drain,Water is accumulated in the area.,Waste has blocked the drainage system.,18.733193,73.681761,18.733922,73.680395,2026-06-02T18:06:10+00:00,2026-07-14T11:03:10+00:00,165.113,1000.95,,
P00478,437,316,Waterlogging,Pothole,Water is accumulated in the area.,Deep pothole noticed on the road.,18.733193,73.681761,18.734062,73.683254,2026-06-02T18:06:10+00:00,2026-07-22T12:06:10+00:00,184.54,1194.0,,
P00479,437,484,Waterlogging,Water Leakage,Water is accumulated in the area.,A water pipeline appears to be leaking.,18.733193,73.681761,18.731125,73.681692,2026-06-02T18:06:10+00:00,2026-08-02T05:09:10+00:00,230.066,1451.05,,
P00480,157,173,Streetlight,Road Damage,Streetlight is not functioning.,Damaged portion of road requires maintenance.,18.736026,73.663866,18.738069,73.662911,2026-06-03T15:58:10+00:00,2026-08-12T22:42:10+00:00,248.435,1686.733,,
P00481,291,315,Streetlight,Blocked Drain,Streetlight is not functioning.,Drain requires cleaning and maintenance.,18.710444,73.676972,18.711963,73.674918,2026-06-04T00:53:10+00:00,2026-06-16T22:19:10+00:00,274.453,309.433,,
P00482,291,209,Streetlight,Water Leakage,Streetlight is not functioning.,Water leakage is observed near the road.,18.710444,73.676972,18.712423,73.676394,2026-06-04T00:53:10+00:00,2026-06-18T21:08:10+00:00,228.319,356.25,,
P00483,291,47,Streetlight,Water Leakage,Streetlight is not functioning.,Water leakage is observed near the road.,18.710444,73.676972,18.711668,73.677248,2026-06-04T00:53:10+00:00,2026-08-02T22:40:10+00:00,139.172,1437.783,,
P00484,106,435,Waterlogging,Water Leakage,Standing water is causing difficulty for commuters.,A water pipeline appears to be leaking.,18.746247,73.68768,18.744607,73.686233,2026-06-04T02:33:10+00:00,2026-06-07T07:24:10+00:00,237.634,76.85,,
P00485,106,313,Waterlogging,Road Damage,Standing water is causing difficulty for commuters.,Damaged portion of road requires maintenance.,18.746247,73.68768,18.743726,73.687037,2026-06-04T02:33:10+00:00,2026-06-26T11:53:10+00:00,288.383,537.333,,
P00486,106,362,Waterlogging,Blocked Drain,Standing water is causing difficulty for commuters.,Waste has blocked the drainage system.,18.746247,73.68768,18.747553,73.690122,2026-06-04T02:33:10+00:00,2026-07-22T13:04:10+00:00,295.307,1162.517,,
P00487,16,135,Water Leakage,Blocked Drain,A water pipeline appears to be leaking.,Waste has blocked the drainage system.,18.706592,73.685354,18.704764,73.685684,2026-06-04T02:48:10+00:00,2026-06-11T23:19:10+00:00,206.214,188.517,,
P00488,16,119,Water Leakage,Streetlight,A water pipeline appears to be leaking.,Streetlight is not functioning.,18.706592,73.685354,18.709212,73.685721,2026-06-04T02:48:10+00:00,2026-06-23T15:34:10+00:00,293.884,468.767,,
P00489,16,110,Water Leakage,Pothole,A water pipeline appears to be leaking.,Large pothole causing difficulty for vehicles.,18.706592,73.685354,18.708814,73.684291,2026-06-04T02:48:10+00:00,2026-07-15T03:12:10+00:00,271.257,984.4,,
P00490,16,92,Water Leakage,Road Damage,A water pipeline appears to be leaking.,Road has cracks and damaged portions.,18.706592,73.685354,18.707791,73.68375,2026-06-04T02:48:10+00:00,2026-07-19T22:45:10+00:00,215.206,1099.95,,
P00491,259,208,Road Damage,Waterlogging,Road has cracks and damaged portions.,Water is accumulated in the area.,18.729456,73.691191,18.731385,73.689326,2026-06-04T16:35:10+00:00,2026-08-16T22:45:10+00:00,290.825,1758.167,,
P00492,259,118,Road Damage,Garbage Accumulation,Road has cracks and damaged portions.,Waste has been dumped near the road.,18.729456,73.691191,18.729343,73.688705,2026-06-04T16:35:10+00:00,2026-08-28T23:49:10+00:00,262.094,2047.233,,
P00493,283,5,Waterlogging,Streetlight,Standing water is causing difficulty for commuters.,Streetlight is not functioning.,18.719114,73.681133,18.718989,73.681604,2026-06-04T21:40:10+00:00,2026-06-16T16:36:10+00:00,51.513,282.933,,
P00494,283,298,Waterlogging,Pothole,Standing water is causing difficulty for commuters.,Large pothole causing difficulty for vehicles.,18.719114,73.681133,18.720192,73.679074,2026-06-04T21:40:10+00:00,2026-08-17T02:56:10+00:00,247.765,1757.267,,
P00495,283,201,Waterlogging,Water Leakage,Standing water is causing difficulty for commuters.,Water is leaking from a pipeline.,18.719114,73.681133,18.71792,73.68211,2026-06-04T21:40:10+00:00,2026-08-23T04:46:10+00:00,167.969,1903.1,,
P00496,385,19,Waterlogging,Blocked Drain,Standing water is causing difficulty for commuters.,Waste has blocked the drainage system.,18.714593,73.703411,18.714201,73.702246,2026-06-05T03:41:10+00:00,2026-06-08T13:23:10+00:00,130.206,81.7,,
P00497,385,217,Waterlogging,Pothole,Standing water is causing difficulty for commuters.,Large pothole causing difficulty for vehicles.,18.714593,73.703411,18.713637,73.702108,2026-06-05T03:41:10+00:00,2026-07-18T01:46:10+00:00,173.584,1030.083,,
P00498,385,21,Waterlogging,Other,Standing water is causing difficulty for commuters.,A municipal service-related issue has been reported.,18.714593,73.703411,18.715538,73.705398,2026-06-05T03:41:10+00:00,2026-08-03T09:05:10+00:00,234.163,1421.4,,
P00499,385,262,Waterlogging,Blocked Drain,Standing water is causing difficulty for commuters.,Drain requires cleaning and maintenance.,18.714593,73.703411,18.716652,73.704811,2026-06-05T03:41:10+00:00,2026-08-27T14:23:10+00:00,272.318,2002.7,,
P00500,124,458,Road Damage,Road Damage,Road surface is damaged and needs repair.,Damaged portion of road requires maintenance.,18.74758,73.713316,18.750238,73.713709,2026-06-05T04:07:10+00:00,2026-06-16T04:00:10+00:00,298.439,263.883,,
P00501,124,309,Road Damage,Waterlogging,Road surface is damaged and needs repair.,Standing water is causing difficulty for commuters.,18.74758,73.713316,18.748823,73.711924,2026-06-05T04:07:10+00:00,2026-06-20T16:19:10+00:00,201.461,372.2,,
P00502,124,470,Road Damage,Streetlight,Road surface is damaged and needs repair.,Streetlight is not working at night.,18.74758,73.713316,18.746701,73.711185,2026-06-05T04:07:10+00:00,2026-08-14T15:53:10+00:00,244.748,1691.767,,
P00503,124,82,Road Damage,Waterlogging,Road surface is damaged and needs repair.,Standing water is causing difficulty for commuters.,18.74758,73.713316,18.747555,73.711733,2026-06-05T04:07:10+00:00,2026-08-25T12:09:10+00:00,166.706,1952.033,,
P00504,124,448,Road Damage,Garbage Accumulation,Road surface is damaged and needs repair.,Waste has been dumped near the road.,18.74758,73.713316,18.749166,73.713575,2026-06-05T04:07:10+00:00,2026-08-26T02:58:10+00:00,178.451,1966.85,,
P00505,77,422,Other,Waterlogging,An issue with public infrastructure has been noticed.,Rainwater has accumulated on the road.,18.72682,73.695278,18.724413,73.695034,2026-06-05T05:28:10+00:00,2026-06-19T09:44:10+00:00,268.877,340.267,,
P00506,77,474,Other,Other,An issue with public infrastructure has been noticed.,A municipal service-related issue has been reported.,18.72682,73.695278,18.725149,73.696585,2026-06-05T05:28:10+00:00,2026-06-25T20:11:10+00:00,231.233,494.717,,
P00507,77,412,Other,Water Leakage,An issue with public infrastructure has been noticed.,A water pipeline appears to be leaking.,18.72682,73.695278,18.725496,73.696323,2026-06-05T05:28:10+00:00,2026-08-04T15:08:10+00:00,183.806,1449.667,,
P00508,166,79,Streetlight,Streetlight,Streetlight is not working at night.,Streetlight is not functioning.,18.733933,73.693743,18.732956,73.693157,2026-06-05T09:23:10+00:00,2026-06-29T04:54:10+00:00,124.94,571.517,,
P00509,166,454,Streetlight,Streetlight,Streetlight is not working at night.,Streetlight is not functioning.,18.733933,73.693743,18.733636,73.69235,2026-06-05T09:23:10+00:00,2026-07-03T10:24:10+00:00,150.36,673.017,,
P00510,166,10,Streetlight,Road Damage,Streetlight is not working at night.,Damaged portion of road requires maintenance.,18.733933,73.693743,18.735886,73.692573,2026-06-05T09:23:10+00:00,2026-07-23T06:45:10+00:00,249.679,1149.367,,
P00511,166,150,Streetlight,Streetlight,Streetlight is not working at night.,Streetlight is not functioning.,18.733933,73.693743,18.732903,73.691252,2026-06-05T09:23:10+00:00,2026-07-28T19:09:10+00:00,286.226,1281.767,,
P00512,166,84,Streetlight,Pothole,Streetlight is not working at night.,Pothole is creating a safety problem for commuters.,18.733933,73.693743,18.733102,73.692631,2026-06-05T09:23:10+00:00,2026-08-23T12:36:10+00:00,149.165,1899.217,,
P00513,486,356,Pothole,Other,Deep pothole noticed on the road.,An issue with public infrastructure has been noticed.,18.735588,73.687928,18.735645,73.687316,2026-06-06T00:30:10+00:00,2026-08-17T21:01:10+00:00,64.756,1748.517,,
P00514,486,485,Pothole,Blocked Drain,Deep pothole noticed on the road.,Drain requires cleaning and maintenance.,18.735588,73.687928,18.737192,73.688495,2026-06-06T00:30:10+00:00,2026-08-18T03:08:10+00:00,188.085,1754.633,,
P00515,74,101,Water Leakage,Other,Water leakage is observed near the road.,A municipal issue has been reported.,18.724026,73.679415,18.72554,73.680751,2026-06-06T15:34:10+00:00,2026-08-08T07:13:10+00:00,219.399,1503.65,,
P00516,440,258,Pothole,Blocked Drain,Large pothole causing difficulty for vehicles.,Drain is blocked and water is not flowing.,18.703462,73.703968,18.700968,73.703583,2026-06-07T00:22:10+00:00,2026-06-19T03:03:10+00:00,280.269,290.683,,
P00517,440,382,Pothole,Garbage Accumulation,Large pothole causing difficulty for vehicles.,Garbage has not been collected from the area.,18.703462,73.703968,18.701621,73.704298,2026-06-07T00:22:10+00:00,2026-07-07T15:39:10+00:00,207.639,735.283,,
P00518,440,145,Pothole,Streetlight,Large pothole causing difficulty for vehicles.,Streetlight is not functioning.,18.703462,73.703968,18.705366,73.702745,2026-06-07T00:22:10+00:00,2026-07-14T18:38:10+00:00,247.821,906.267,,
P00519,440,252,Pothole,Pothole,Large pothole causing difficulty for vehicles.,Pothole is creating a safety problem for commuters.,18.703462,73.703968,18.704392,73.704792,2026-06-07T00:22:10+00:00,2026-08-05T03:10:10+00:00,135.002,1418.8,,
P00520,440,87,Pothole,Pothole,Large pothole causing difficulty for vehicles.,Large pothole causing difficulty for vehicles.,18.703462,73.703968,18.701828,73.702407,2026-06-07T00:22:10+00:00,2026-08-13T23:33:10+00:00,245.036,1631.183,,
P00521,280,410,Waterlogging,Road Damage,Standing water is causing difficulty for commuters.,Road surface is damaged and needs repair.,18.711497,73.70985,18.713107,73.707904,2026-06-07T06:53:10+00:00,2026-06-27T05:11:10+00:00,272.127,478.3,,
P00522,280,12,Waterlogging,Blocked Drain,Standing water is causing difficulty for commuters.,Drain requires cleaning and maintenance.,18.711497,73.70985,18.711538,73.70901,2026-06-07T06:53:10+00:00,2026-08-06T13:56:10+00:00,88.584,1447.05,,
P00523,435,313,Water Leakage,Road Damage,A water pipeline appears to be leaking.,Damaged portion of road requires maintenance.,18.744607,73.686233,18.743726,73.687037,2026-06-07T07:24:10+00:00,2026-06-26T11:53:10+00:00,129.475,460.483,,
P00524,435,428,Water Leakage,Garbage Accumulation,A water pipeline appears to be leaking.,Waste has been dumped near the road.,18.744607,73.686233,18.743274,73.68614,2026-06-07T07:24:10+00:00,2026-07-16T15:53:10+00:00,148.546,944.483,,
P00525,19,25,Blocked Drain,Road Damage,Waste has blocked the drainage system.,Road surface is damaged and needs repair.,18.714201,73.702246,18.714425,73.700506,2026-06-08T13:23:10+00:00,2026-06-23T23:29:10+00:00,184.935,370.1,,
P00526,19,217,Blocked Drain,Pothole,Waste has blocked the drainage system.,Large pothole causing difficulty for vehicles.,18.714201,73.702246,18.713637,73.702108,2026-06-08T13:23:10+00:00,2026-07-18T01:46:10+00:00,64.376,948.383,,
P00527,329,1,Garbage Accumulation,Waterlogging,Waste has been dumped near the road.,Standing water is causing difficulty for commuters.,18.719793,73.698208,18.718913,73.695537,2026-06-08T22:50:10+00:00,2026-07-03T11:23:10+00:00,297.825,588.55,,
P00528,329,233,Garbage Accumulation,Blocked Drain,Waste has been dumped near the road.,Drain is blocked and water is not flowing.,18.719793,73.698208,18.717848,73.69996,2026-06-08T22:50:10+00:00,2026-08-24T19:50:10+00:00,284.285,1845.0,,
P00529,329,178,Garbage Accumulation,Streetlight,Waste has been dumped near the road.,Streetlight is not working at night.,18.719793,73.698208,18.721534,73.700275,2026-06-08T22:50:10+00:00,2026-08-28T13:53:10+00:00,291.311,1935.05,,
P00530,164,349,Pothole,Pothole,Pothole is creating a safety problem for commuters.,Deep pothole noticed on the road.,18.71861,73.709287,18.717804,73.707089,2026-06-09T19:39:10+00:00,2026-07-10T11:31:10+00:00,248.224,735.867,,
P00531,480,346,Pothole,Road Damage,Large pothole causing difficulty for vehicles.,Road has cracks and damaged portions.,18.718566,73.665891,18.717761,73.666644,2026-06-09T21:08:10+00:00,2026-06-17T22:58:10+00:00,119.587,193.833,,
P00532,480,163,Pothole,Streetlight,Large pothole causing difficulty for vehicles.,Streetlight is not working at night.,18.718566,73.665891,18.719956,73.665313,2026-06-09T21:08:10+00:00,2026-07-22T20:09:10+00:00,166.115,1031.017,,
P00533,480,392,Pothole,Water Leakage,Large pothole causing difficulty for vehicles.,A water pipeline appears to be leaking.,18.718566,73.665891,18.71801,73.665614,2026-06-09T21:08:10+00:00,2026-08-26T21:21:10+00:00,68.361,1872.217,,
P00534,304,184,Road Damage,Garbage Accumulation,Road has cracks and damaged portions.,Garbage has accumulated near the roadside.,18.744056,73.66462,18.744246,73.666605,2026-06-10T02:28:10+00:00,2026-07-10T19:02:10+00:00,210.081,736.567,,
P00535,66,311,Water Leakage,Blocked Drain,Water leakage is observed near the road.,Drain requires cleaning and maintenance.,18.717839,73.68523,18.718204,73.685532,2026-06-10T13:48:10+00:00,2026-06-24T20:52:10+00:00,51.563,343.067,,
P00536,66,442,Water Leakage,Garbage Accumulation,Water leakage is observed near the road.,Waste has been dumped near the road.,18.717839,73.68523,18.719216,73.685165,2026-06-10T13:48:10+00:00,2026-08-08T09:43:10+00:00,153.268,1411.917,,
P00537,63,493,Waterlogging,Garbage Accumulation,Standing water is causing difficulty for commuters.,Waste has been dumped near the road.,18.731818,73.6685,18.733821,73.670224,2026-06-11T09:59:10+00:00,2026-06-26T00:18:10+00:00,287.34,350.317,,
P00538,63,337,Waterlogging,Blocked Drain,Standing water is causing difficulty for commuters.,Waste has blocked the drainage system.,18.731818,73.6685,18.73234,73.670409,2026-06-11T09:59:10+00:00,2026-07-17T11:03:10+00:00,209.239,865.067,,
P00539,63,27,Waterlogging,Pothole,Standing water is causing difficulty for commuters.,Large pothole causing difficulty for vehicles.,18.731818,73.6685,18.732264,73.671243,2026-06-11T09:59:10+00:00,2026-08-12T16:50:10+00:00,293.078,1494.85,,
P00540,135,37,Blocked Drain,Blocked Drain,Waste has blocked the drainage system.,Drain requires cleaning and maintenance.,18.704764,73.685684,18.704755,73.688437,2026-06-11T23:19:10+00:00,2026-06-30T14:26:10+00:00,289.953,447.117,,
P00541,135,155,Blocked Drain,Streetlight,Waste has blocked the drainage system.,Streetlight is not working at night.,18.704764,73.685684,18.703707,73.688038,2026-06-11T23:19:10+00:00,2026-08-10T08:30:10+00:00,274.377,1425.183,,
P00542,59,183,Waterlogging,Water Leakage,Standing water is causing difficulty for commuters.,Water leakage is observed near the road.,18.746221,73.675831,18.745784,73.678086,2026-06-12T11:55:10+00:00,2026-06-12T20:30:10+00:00,242.364,8.583,,
P00543,59,413,Waterlogging,Water Leakage,Standing water is causing difficulty for commuters.,Water is leaking from a pipeline.,18.746221,73.675831,18.748095,73.67701,2026-06-12T11:55:10+00:00,2026-06-19T21:45:10+00:00,242.556,177.833,,
P00544,59,272,Waterlogging,Streetlight,Standing water is causing difficulty for commuters.,Streetlight is not functioning.,18.746221,73.675831,18.745933,73.675162,2026-06-12T11:55:10+00:00,2026-06-28T04:40:10+00:00,77.381,376.75,,
P00545,59,318,Waterlogging,Water Leakage,Standing water is causing difficulty for commuters.,Water is leaking from a pipeline.,18.746221,73.675831,18.746725,73.676946,2026-06-12T11:55:10+00:00,2026-08-24T02:16:10+00:00,130.095,1742.35,,
P00546,59,345,Waterlogging,Road Damage,Standing water is causing difficulty for commuters.,Damaged portion of road requires maintenance.,18.746221,73.675831,18.745666,73.676703,2026-06-12T11:55:10+00:00,2026-09-01T20:38:10+00:00,110.631,1952.717,,
P00547,183,413,Water Leakage,Water Leakage,Water leakage is observed near the road.,Water is leaking from a pipeline.,18.745784,73.678086,18.748095,73.67701,2026-06-12T20:30:10+00:00,2026-06-19T21:45:10+00:00,280.839,169.25,,
P00548,183,318,Water Leakage,Water Leakage,Water leakage is observed near the road.,Water is leaking from a pipeline.,18.745784,73.678086,18.746725,73.676946,2026-06-12T20:30:10+00:00,2026-08-24T02:16:10+00:00,159.24,1733.767,,
P00549,183,176,Water Leakage,Other,Water leakage is observed near the road.,A municipal service-related issue has been reported.,18.745784,73.678086,18.745217,73.678675,2026-06-12T20:30:10+00:00,2026-08-26T18:57:10+00:00,88.439,1798.45,,
P00550,183,345,Water Leakage,Road Damage,Water leakage is observed near the road.,Damaged portion of road requires maintenance.,18.745784,73.678086,18.745666,73.676703,2026-06-12T20:30:10+00:00,2026-09-01T20:38:10+00:00,146.215,1944.133,,
P00551,414,422,Waterlogging,Waterlogging,Rainwater has accumulated on the road.,Rainwater has accumulated on the road.,18.722852,73.696541,18.724413,73.695034,2026-06-12T23:20:10+00:00,2026-06-19T09:44:10+00:00,235.191,154.4,,
P00552,414,474,Waterlogging,Other,Rainwater has accumulated on the road.,A municipal service-related issue has been reported.,18.722852,73.696541,18.725149,73.696585,2026-06-12T23:20:10+00:00,2026-06-25T20:11:10+00:00,255.457,308.85,,
P00553,414,481,Waterlogging,Pothole,Rainwater has accumulated on the road.,Pothole is creating a safety problem for commuters.,18.722852,73.696541,18.724128,73.697662,2026-06-12T23:20:10+00:00,2026-06-28T04:15:10+00:00,184.575,364.917,,
P00554,414,117,Waterlogging,Pothole,Rainwater has accumulated on the road.,Large pothole causing difficulty for vehicles.,18.722852,73.696541,18.723623,73.696094,2026-06-12T23:20:10+00:00,2026-07-25T17:15:10+00:00,97.805,1025.917,,
P00555,414,412,Waterlogging,Water Leakage,Rainwater has accumulated on the road.,A water pipeline appears to be leaking.,18.722852,73.696541,18.725496,73.696323,2026-06-12T23:20:10+00:00,2026-08-04T15:08:10+00:00,294.894,1263.8,,
P00556,414,86,Waterlogging,Blocked Drain,Rainwater has accumulated on the road.,Drain is blocked and water is not flowing.,18.722852,73.696541,18.723963,73.698702,2026-06-12T23:20:10+00:00,2026-08-10T14:35:10+00:00,258.945,1407.25,,
P00557,414,100,Waterlogging,Streetlight,Rainwater has accumulated on the road.,Streetlight requires repair.,18.722852,73.696541,18.721975,73.698412,2026-06-12T23:20:10+00:00,2026-09-08T05:48:10+00:00,219.848,2094.467,,
P00558,276,8,Blocked Drain,Water Leakage,Waste has blocked the drainage system.,Water is leaking from a pipeline.,18.748492,73.699151,18.748939,73.700491,2026-06-14T10:26:10+00:00,2026-08-15T10:01:10+00:00,149.594,1487.583,,
P00559,276,60,Blocked Drain,Blocked Drain,Waste has blocked the drainage system.,Drain requires cleaning and maintenance.,18.748492,73.699151,18.747178,73.699928,2026-06-14T10:26:10+00:00,2026-08-26T00:24:10+00:00,167.457,1741.967,,
P00560,452,365,Road Damage,Pothole,Road has cracks and damaged portions.,Large pothole causing difficulty for vehicles.,18.725662,73.689217,18.724155,73.690029,2026-06-14T14:16:10+00:00,2026-09-03T00:02:10+00:00,188.128,1929.767,,
P00561,6,145,Waterlogging,Streetlight,Standing water is causing difficulty for commuters.,Streetlight is not functioning.,18.707803,73.703354,18.705366,73.702745,2026-06-14T22:48:10+00:00,2026-07-14T18:38:10+00:00,278.469,715.833,,
P00562,6,306,Waterlogging,Waterlogging,Standing water is causing difficulty for commuters.,Rainwater has accumulated on the road.,18.707803,73.703354,18.708529,73.700901,2026-06-14T22:48:10+00:00,2026-09-03T17:39:10+00:00,270.669,1938.85,,
P00563,288,343,Water Leakage,Road Damage,Water is leaking from a pipeline.,Damaged portion of road requires maintenance.,18.715465,73.691655,18.715226,73.692083,2026-06-14T23:50:10+00:00,2026-08-07T02:01:10+00:00,52.326,1274.183,,
P00564,46,25,Waterlogging,Road Damage,Standing water is causing difficulty for commuters.,Road surface is damaged and needs repair.,18.71374,73.698561,18.714425,73.700506,2026-06-15T08:37:10+00:00,2026-06-23T23:29:10+00:00,218.543,206.867,,
P00565,216,490,Road Damage,Blocked Drain,Road has cracks and damaged portions.,Waste has blocked the drainage system.,18.739755,73.668086,18.738441,73.669059,2026-06-15T16:41:10+00:00,2026-07-25T12:51:10+00:00,178.454,956.167,,
P00566,216,386,Road Damage,Other,Road has cracks and damaged portions.,A municipal issue has been reported.,18.739755,73.668086,18.737664,73.666363,2026-06-15T16:41:10+00:00,2026-08-02T03:59:10+00:00,294.921,1139.3,,
P00567,216,179,Road Damage,Water Leakage,Road has cracks and damaged portions.,A water pipeline appears to be leaking.,18.739755,73.668086,18.738932,73.668921,2026-06-15T16:41:10+00:00,2026-08-02T05:38:10+00:00,126.908,1140.95,,
P00568,257,208,Road Damage,Waterlogging,Damaged portion of road requires maintenance.,Water is accumulated in the area.,18.729838,73.687953,18.731385,73.689326,2026-06-15T18:38:10+00:00,2026-08-16T22:45:10+00:00,224.711,1492.117,,
P00569,257,371,Road Damage,Waterlogging,Damaged portion of road requires maintenance.,Water is accumulated in the area.,18.729838,73.687953,18.729608,73.686722,2026-06-15T18:38:10+00:00,2026-08-21T21:28:10+00:00,132.131,1610.833,,
P00570,257,118,Road Damage,Garbage Accumulation,Damaged portion of road requires maintenance.,Waste has been dumped near the road.,18.729838,73.687953,18.729343,73.688705,2026-06-15T18:38:10+00:00,2026-08-28T23:49:10+00:00,96.44,1781.183,,
P00571,458,309,Road Damage,Waterlogging,Damaged portion of road requires maintenance.,Standing water is causing difficulty for commuters.,18.750238,73.713709,18.748823,73.711924,2026-06-16T04:00:10+00:00,2026-06-20T16:19:10+00:00,245.115,108.317,,
P00572,458,448,Road Damage,Garbage Accumulation,Damaged portion of road requires maintenance.,Waste has been dumped near the road.,18.750238,73.713709,18.749166,73.713575,2026-06-16T04:00:10+00:00,2026-08-26T02:58:10+00:00,120.033,1702.967,,
P00573,5,298,Streetlight,Pothole,Streetlight is not functioning.,Large pothole causing difficulty for vehicles.,18.718989,73.681604,18.720192,73.679074,2026-06-16T16:36:10+00:00,2026-08-17T02:56:10+00:00,298.135,1474.333,,
P00574,5,201,Streetlight,Water Leakage,Streetlight is not functioning.,Water is leaking from a pipeline.,18.718989,73.681604,18.71792,73.68211,2026-06-16T16:36:10+00:00,2026-08-23T04:46:10+00:00,130.266,1620.167,,
P00575,315,209,Blocked Drain,Water Leakage,Drain requires cleaning and maintenance.,Water leakage is observed near the road.,18.711963,73.674918,18.712423,73.676394,2026-06-16T22:19:10+00:00,2026-06-18T21:08:10+00:00,163.648,46.817,,
P00576,315,47,Blocked Drain,Water Leakage,Drain requires cleaning and maintenance.,Water leakage is observed near the road.,18.711963,73.674918,18.711668,73.677248,2026-06-16T22:19:10+00:00,2026-08-02T22:40:10+00:00,247.573,1128.35,,
P00577,418,143,Pothole,Garbage Accumulation,Pothole is creating a safety problem for commuters.,Waste has been dumped near the road.,18.7336,73.702835,18.732905,73.700567,2026-06-17T00:58:10+00:00,2026-08-14T19:23:10+00:00,251.022,1410.417,,
P00578,418,433,Pothole,Other,Pothole is creating a safety problem for commuters.,A municipal issue has been reported.,18.7336,73.702835,18.732024,73.700567,2026-06-17T00:58:10+00:00,2026-08-18T04:48:10+00:00,296.227,1491.833,,
P00579,346,163,Road Damage,Streetlight,Road has cracks and damaged portions.,Streetlight is not working at night.,18.717761,73.666644,18.719956,73.665313,2026-06-17T22:58:10+00:00,2026-07-22T20:09:10+00:00,281.46,837.183,,
P00580,346,392,Road Damage,Water Leakage,Road has cracks and damaged portions.,A water pipeline appears to be leaking.,18.717761,73.666644,18.71801,73.665614,2026-06-17T22:58:10+00:00,2026-08-26T21:21:10+00:00,111.951,1678.383,,
P00581,380,286,Streetlight,Blocked Drain,Streetlight is not working at night.,Waste has blocked the drainage system.,18.740812,73.678463,18.739809,73.676386,2026-06-18T13:38:10+00:00,2026-06-22T15:17:10+00:00,245.503,97.65,,
P00582,380,363,Streetlight,Pothole,Streetlight is not working at night.,Deep pothole noticed on the road.,18.740812,73.678463,18.740527,73.678478,2026-06-18T13:38:10+00:00,2026-07-16T22:40:10+00:00,31.73,681.033,,
P00583,380,108,Streetlight,Waterlogging,Streetlight is not working at night.,Water is accumulated in the area.,18.740812,73.678463,18.739159,73.679611,2026-06-18T13:38:10+00:00,2026-07-21T09:22:10+00:00,219.994,787.733,,
P00584,380,9,Streetlight,Waterlogging,Streetlight is not working at night.,Rainwater has accumulated on the road.,18.740812,73.678463,18.738355,73.677477,2026-06-18T13:38:10+00:00,2026-08-24T15:44:10+00:00,292.269,1610.1,,
P00585,209,47,Water Leakage,Water Leakage,Water leakage is observed near the road.,Water leakage is observed near the road.,18.712423,73.676394,18.711668,73.677248,2026-06-18T21:08:10+00:00,2026-08-02T22:40:10+00:00,123.034,1081.533,,
P00586,222,473,Streetlight,Water Leakage,Streetlight requires repair.,Water is leaking from a pipeline.,18.749218,73.707989,18.749144,73.707006,2026-06-18T22:14:10+00:00,2026-06-29T01:18:10+00:00,103.831,243.067,,
P00587,222,457,Streetlight,Road Damage,Streetlight requires repair.,Road surface is damaged and needs repair.,18.749218,73.707989,18.748905,73.706117,2026-06-18T22:14:10+00:00,2026-07-19T21:46:10+00:00,200.16,743.533,,
P00588,222,398,Streetlight,Other,Streetlight requires repair.,A municipal service-related issue has been reported.,18.749218,73.707989,18.74887,73.705229,2026-06-18T22:14:10+00:00,2026-08-29T11:49:10+00:00,293.178,1717.583,,
P00589,258,382,Blocked Drain,Garbage Accumulation,Drain is blocked and water is not flowing.,Garbage has not been collected from the area.,18.700968,73.703583,18.701621,73.704298,2026-06-19T03:03:10+00:00,2026-07-07T15:39:10+00:00,104.611,444.6,,
P00590,258,87,Blocked Drain,Pothole,Drain is blocked and water is not flowing.,Large pothole causing difficulty for vehicles.,18.700968,73.703583,18.701828,73.702407,2026-06-19T03:03:10+00:00,2026-08-13T23:33:10+00:00,156.481,1340.5,,
P00591,399,225,Water Leakage,Streetlight,A water pipeline appears to be leaking.,Streetlight is not functioning.,18.721912,73.682864,18.724124,73.683821,2026-06-19T05:50:10+00:00,2026-07-20T06:36:10+00:00,265.81,744.767,,
P00592,422,474,Waterlogging,Other,Rainwater has accumulated on the road.,A municipal service-related issue has been reported.,18.724413,73.695034,18.725149,73.696585,2026-06-19T09:44:10+00:00,2026-06-25T20:11:10+00:00,182.691,154.45,,
P00593,422,481,Waterlogging,Pothole,Rainwater has accumulated on the road.,Pothole is creating a safety problem for commuters.,18.724413,73.695034,18.724128,73.697662,2026-06-19T09:44:10+00:00,2026-06-28T04:15:10+00:00,278.563,210.517,,
P00594,422,117,Waterlogging,Pothole,Rainwater has accumulated on the road.,Large pothole causing difficulty for vehicles.,18.724413,73.695034,18.723623,73.696094,2026-06-19T09:44:10+00:00,2026-07-25T17:15:10+00:00,142.048,871.517,,
P00595,422,412,Waterlogging,Water Leakage,Rainwater has accumulated on the road.,A water pipeline appears to be leaking.,18.724413,73.695034,18.725496,73.696323,2026-06-19T09:44:10+00:00,2026-08-04T15:08:10+00:00,181.462,1109.4,,
P00596,223,83,Streetlight,Other,Streetlight requires repair.,An issue with public infrastructure has been noticed.,18.720537,73.670656,18.722392,73.671198,2026-06-19T14:21:10+00:00,2026-06-22T16:12:10+00:00,214.018,73.85,,
P00597,223,261,Streetlight,Other,Streetlight requires repair.,A municipal service-related issue has been reported.,18.720537,73.670656,18.719926,73.672604,2026-06-19T14:21:10+00:00,2026-07-28T15:50:10+00:00,216.106,937.483,,
P00598,413,335,Water Leakage,Pothole,Water is leaking from a pipeline.,Large pothole causing difficulty for vehicles.,18.748095,73.67701,18.749419,73.676707,2026-06-19T21:45:10+00:00,2026-06-26T11:09:10+00:00,150.639,157.4,,
P00599,413,195,Water Leakage,Garbage Accumulation,Water is leaking from a pipeline.,Waste has been dumped near the road.,18.748095,73.67701,18.748926,73.679425,2026-06-19T21:45:10+00:00,2026-08-15T18:47:10+00:00,270.555,1365.033,,
P00600,413,318,Water Leakage,Water Leakage,Water is leaking from a pipeline.,Water is leaking from a pipeline.,18.748095,73.67701,18.746725,73.676946,2026-06-19T21:45:10+00:00,2026-08-24T02:16:10+00:00,152.486,1564.517,,
P00601,413,345,Water Leakage,Road Damage,Water is leaking from a pipeline.,Damaged portion of road requires maintenance.,18.748095,73.67701,18.745666,73.676703,2026-06-19T21:45:10+00:00,2026-09-01T20:38:10+00:00,272.02,1774.883,,
P00602,413,403,Water Leakage,Garbage Accumulation,Water is leaking from a pipeline.,Garbage has not been collected from the area.,18.748095,73.67701,18.749328,73.676364,2026-06-19T21:45:10+00:00,2026-09-13T11:54:10+00:00,153.049,2054.15,,
P00603,305,145,Pothole,Streetlight,Large pothole causing difficulty for vehicles.,Streetlight is not functioning.,18.706265,73.700427,18.705366,73.702745,2026-06-19T22:59:10+00:00,2026-07-14T18:38:10+00:00,263.808,595.65,,
P00604,305,67,Pothole,Water Leakage,Large pothole causing difficulty for vehicles.,Water is leaking from a pipeline.,18.706265,73.700427,18.704701,73.700546,2026-06-19T22:59:10+00:00,2026-07-27T17:50:10+00:00,174.36,906.85,,
P00605,305,306,Pothole,Waterlogging,Large pothole causing difficulty for vehicles.,Rainwater has accumulated on the road.,18.706265,73.700427,18.708529,73.700901,2026-06-19T22:59:10+00:00,2026-09-03T17:39:10+00:00,256.647,1818.667,,
P00606,305,247,Pothole,Garbage Accumulation,Large pothole causing difficulty for vehicles.,Garbage has not been collected from the area.,18.706265,73.700427,18.704054,73.700021,2026-06-19T22:59:10+00:00,2026-09-05T07:15:10+00:00,249.543,1856.267,,
P00607,305,241,Pothole,Blocked Drain,Large pothole causing difficulty for vehicles.,Drain requires cleaning and maintenance.,18.706265,73.700427,18.708582,73.699752,2026-06-19T22:59:10+00:00,2026-09-05T16:39:10+00:00,267.267,1865.667,,
P00608,305,342,Pothole,Road Damage,Large pothole causing difficulty for vehicles.,Damaged portion of road requires maintenance.,18.706265,73.700427,18.705785,73.697765,2026-06-19T22:59:10+00:00,2026-09-08T19:08:10+00:00,285.4,1940.15,,
P00609,236,211,Garbage Accumulation,Waterlogging,Garbage has not been collected from the area.,Rainwater has accumulated on the road.,18.720864,73.687677,18.721894,73.689609,2026-06-19T23:38:10+00:00,2026-07-07T21:20:10+00:00,233.483,429.7,,
P00610,236,43,Garbage Accumulation,Waterlogging,Garbage has not been collected from the area.,Standing water is causing difficulty for commuters.,18.720864,73.687677,18.721757,73.689021,2026-06-19T23:38:10+00:00,2026-08-20T17:17:10+00:00,172.896,1481.65,,
P00611,11,95,Road Damage,Streetlight,Damaged portion of road requires maintenance.,Streetlight requires repair.,18.744647,73.672273,18.7425,73.673887,2026-06-20T01:20:10+00:00,2026-07-01T13:59:10+00:00,293.049,276.65,,
P00612,11,352,Road Damage,Streetlight,Damaged portion of road requires maintenance.,Streetlight is not working at night.,18.744647,73.672273,18.74498,73.67152,2026-06-20T01:20:10+00:00,2026-07-22T04:26:10+00:00,87.509,771.1,,
P00613,11,140,Road Damage,Streetlight,Damaged portion of road requires maintenance.,Streetlight is not functioning.,18.744647,73.672273,18.746309,73.670392,2026-06-20T01:20:10+00:00,2026-09-04T16:00:10+00:00,270.891,1838.667,,
P00614,309,470,Waterlogging,Streetlight,Standing water is causing difficulty for commuters.,Streetlight is not working at night.,18.748823,73.711924,18.746701,73.711185,2026-06-20T16:19:10+00:00,2026-08-14T15:53:10+00:00,248.455,1319.567,,
P00615,309,82,Waterlogging,Waterlogging,Standing water is causing difficulty for commuters.,Standing water is causing difficulty for commuters.,18.748823,73.711924,18.747555,73.711733,2026-06-20T16:19:10+00:00,2026-08-25T12:09:10+00:00,142.422,1579.833,,
P00616,309,448,Waterlogging,Garbage Accumulation,Standing water is causing difficulty for commuters.,Waste has been dumped near the road.,18.748823,73.711924,18.749166,73.713575,2026-06-20T16:19:10+00:00,2026-08-26T02:58:10+00:00,177.976,1594.65,,
P00617,449,78,Garbage Accumulation,Other,Garbage has accumulated near the roadside.,A municipal issue has been reported.,18.733181,73.665716,18.733245,73.663524,2026-06-20T19:44:10+00:00,2026-07-19T23:31:10+00:00,230.937,699.783,,
P00618,245,25,Other,Road Damage,A municipal issue has been reported.,Road surface is damaged and needs repair.,18.716407,73.699685,18.714425,73.700506,2026-06-21T06:09:10+00:00,2026-06-23T23:29:10+00:00,236.743,65.333,,
P00619,245,333,Other,Other,A municipal issue has been reported.,An issue with public infrastructure has been noticed.,18.716407,73.699685,18.718576,73.700844,2026-06-21T06:09:10+00:00,2026-07-21T19:30:10+00:00,270.309,733.35,,
P00620,245,233,Other,Blocked Drain,A municipal issue has been reported.,Drain is blocked and water is not flowing.,18.716407,73.699685,18.717848,73.69996,2026-06-21T06:09:10+00:00,2026-08-24T19:50:10+00:00,162.828,1549.683,,
P00621,218,323,Waterlogging,Other,Standing water is causing difficulty for commuters.,A municipal issue has been reported.,18.709516,73.685995,18.711131,73.688227,2026-06-21T06:44:10+00:00,2026-06-22T02:21:10+00:00,295.816,19.617,,
P00622,218,119,Waterlogging,Streetlight,Standing water is causing difficulty for commuters.,Streetlight is not functioning.,18.709516,73.685995,18.709212,73.685721,2026-06-21T06:44:10+00:00,2026-06-23T15:34:10+00:00,44.446,56.833,,
P00623,218,2,Waterlogging,Pothole,Standing water is causing difficulty for commuters.,Pothole is creating a safety problem for commuters.,18.709516,73.685995,18.711556,73.685263,2026-06-21T06:44:10+00:00,2026-06-28T16:02:10+00:00,239.58,177.3,,
P00624,218,497,Waterlogging,Streetlight,Standing water is causing difficulty for commuters.,Streetlight requires repair.,18.709516,73.685995,18.711296,73.68482,2026-06-21T06:44:10+00:00,2026-07-12T08:26:10+00:00,233.429,505.7,,
P00625,218,462,Waterlogging,Blocked Drain,Standing water is causing difficulty for commuters.,Waste has blocked the drainage system.,18.709516,73.685995,18.710072,73.683545,2026-06-21T06:44:10+00:00,2026-07-13T09:59:10+00:00,265.334,531.25,,
P00626,218,162,Waterlogging,Other,Standing water is causing difficulty for commuters.,An issue with public infrastructure has been noticed.,18.709516,73.685995,18.709213,73.684581,2026-06-21T06:44:10+00:00,2026-07-14T00:47:10+00:00,152.685,546.05,,
P00627,218,110,Waterlogging,Pothole,Standing water is causing difficulty for commuters.,Large pothole causing difficulty for vehicles.,18.709516,73.685995,18.708814,73.684291,2026-06-21T06:44:10+00:00,2026-07-15T03:12:10+00:00,195.705,572.467,,
P00628,421,432,Water Leakage,Other,Water leakage is observed near the road.,A municipal issue has been reported.,18.700496,73.696922,18.701872,73.698259,2026-06-21T18:02:10+00:00,2026-07-01T02:39:10+00:00,207.943,224.617,,
P00629,421,137,Water Leakage,Streetlight,Water leakage is observed near the road.,Streetlight is not functioning.,18.700496,73.696922,18.699874,73.696841,2026-06-21T18:02:10+00:00,2026-09-19T16:18:10+00:00,69.687,2158.267,,
P00630,467,34,Other,Road Damage,An issue with public infrastructure has been noticed.,Road surface is damaged and needs repair.,18.732328,73.660372,18.731321,73.660842,2026-06-21T23:55:10+00:00,2026-07-01T08:55:10+00:00,122.424,225.0,,
P00631,467,372,Other,Streetlight,An issue with public infrastructure has been noticed.,Streetlight requires repair.,18.732328,73.660372,18.731634,73.662956,2026-06-21T23:55:10+00:00,2026-08-15T12:50:10+00:00,282.839,1308.917,,
P00632,467,265,Other,Garbage Accumulation,An issue with public infrastructure has been noticed.,Garbage has not been collected from the area.,18.732328,73.660372,18.730582,73.66086,2026-06-21T23:55:10+00:00,2026-09-15T22:02:10+00:00,200.832,2062.117,,
P00633,323,14,Other,Road Damage,A municipal issue has been reported.,Damaged portion of road requires maintenance.,18.711131,73.688227,18.709432,73.68996,2026-06-22T02:21:10+00:00,2026-09-13T00:24:10+00:00,262.685,1990.05,,
P00634,277,79,Road Damage,Streetlight,Road has cracks and damaged portions.,Streetlight is not functioning.,18.730701,73.694247,18.732956,73.693157,2026-06-22T07:27:10+00:00,2026-06-29T04:54:10+00:00,275.768,165.45,,
P00635,286,363,Blocked Drain,Pothole,Waste has blocked the drainage system.,Deep pothole noticed on the road.,18.739809,73.676386,18.740527,73.678478,2026-06-22T15:17:10+00:00,2026-07-16T22:40:10+00:00,234.309,583.383,,
P00636,286,9,Blocked Drain,Waterlogging,Waste has blocked the drainage system.,Rainwater has accumulated on the road.,18.739809,73.676386,18.738355,73.677477,2026-06-22T15:17:10+00:00,2026-08-24T15:44:10+00:00,198.337,1512.45,,
P00637,83,204,Other,Streetlight,An issue with public infrastructure has been noticed.,Streetlight requires repair.,18.722392,73.671198,18.72359,73.671489,2026-06-22T16:12:10+00:00,2026-07-02T23:53:10+00:00,136.691,247.683,,
P00638,83,18,Other,Road Damage,An issue with public infrastructure has been noticed.,Damaged portion of road requires maintenance.,18.722392,73.671198,18.724494,73.67242,2026-06-22T16:12:10+00:00,2026-07-31T19:11:10+00:00,266.817,938.983,,
P00639,466,273,Road Damage,Road Damage,Damaged portion of road requires maintenance.,Road has cracks and damaged portions.,18.715657,73.712237,18.71441,73.71305,2026-06-23T11:29:10+00:00,2026-08-07T11:05:10+00:00,162.965,1079.6,,
P00640,119,2,Streetlight,Pothole,Streetlight is not functioning.,Pothole is creating a safety problem for commuters.,18.709212,73.685721,18.711556,73.685263,2026-06-23T15:34:10+00:00,2026-06-28T16:02:10+00:00,265.067,120.467,,
P00641,119,497,Streetlight,Streetlight,Streetlight is not functioning.,Streetlight requires repair.,18.709212,73.685721,18.711296,73.68482,2026-06-23T15:34:10+00:00,2026-07-12T08:26:10+00:00,250.406,448.867,,
P00642,119,462,Streetlight,Blocked Drain,Streetlight is not functioning.,Waste has blocked the drainage system.,18.709212,73.685721,18.710072,73.683545,2026-06-23T15:34:10+00:00,2026-07-13T09:59:10+00:00,248.325,474.417,,
P00643,119,162,Streetlight,Other,Streetlight is not functioning.,An issue with public infrastructure has been noticed.,18.709212,73.685721,18.709213,73.684581,2026-06-23T15:34:10+00:00,2026-07-14T00:47:10+00:00,120.064,489.217,,
P00644,119,110,Streetlight,Pothole,Streetlight is not functioning.,Large pothole causing difficulty for vehicles.,18.709212,73.685721,18.708814,73.684291,2026-06-23T15:34:10+00:00,2026-07-15T03:12:10+00:00,156.974,515.633,,
P00645,119,92,Streetlight,Road Damage,Streetlight is not functioning.,Road has cracks and damaged portions.,18.709212,73.685721,18.707791,73.68375,2026-06-23T15:34:10+00:00,2026-07-19T22:45:10+00:00,260.879,631.183,,
P00646,25,217,Road Damage,Pothole,Road surface is damaged and needs repair.,Large pothole causing difficulty for vehicles.,18.714425,73.700506,18.713637,73.702108,2026-06-23T23:29:10+00:00,2026-07-18T01:46:10+00:00,190.113,578.283,,
P00647,311,442,Blocked Drain,Garbage Accumulation,Drain requires cleaning and maintenance.,Waste has been dumped near the road.,18.718204,73.685532,18.719216,73.685165,2026-06-24T20:52:10+00:00,2026-08-08T09:43:10+00:00,118.982,1068.85,,
P00648,330,204,Waterlogging,Streetlight,Standing water is causing difficulty for commuters.,Streetlight requires repair.,18.724223,73.668931,18.72359,73.671489,2026-06-25T01:50:10+00:00,2026-07-02T23:53:10+00:00,278.427,190.05,,
P00649,330,91,Waterlogging,Waterlogging,Standing water is causing difficulty for commuters.,Water is accumulated in the area.,18.724223,73.668931,18.72561,73.668609,2026-06-25T01:50:10+00:00,2026-08-10T19:34:10+00:00,157.911,1121.733,,
P00650,330,453,Waterlogging,Garbage Accumulation,Standing water is causing difficulty for commuters.,Waste has been dumped near the road.,18.724223,73.668931,18.723915,73.667936,2026-06-25T01:50:10+00:00,2026-08-20T18:40:10+00:00,110.238,1360.833,,
P00651,330,57,Waterlogging,Streetlight,Standing water is causing difficulty for commuters.,Streetlight requires repair.,18.724223,73.668931,18.725632,73.671015,2026-06-25T01:50:10+00:00,2026-09-18T02:13:10+00:00,269.651,2040.383,,
P00652,474,481,Other,Pothole,A municipal service-related issue has been reported.,Pothole is creating a safety problem for commuters.,18.725149,73.696585,18.724128,73.697662,2026-06-25T20:11:10+00:00,2026-06-28T04:15:10+00:00,160.477,56.067,,
P00653,474,117,Other,Pothole,A municipal service-related issue has been reported.,Large pothole causing difficulty for vehicles.,18.725149,73.696585,18.723623,73.696094,2026-06-25T20:11:10+00:00,2026-07-25T17:15:10+00:00,177.387,717.067,,
P00654,474,412,Other,Water Leakage,A municipal service-related issue has been reported.,A water pipeline appears to be leaking.,18.725149,73.696585,18.725496,73.696323,2026-06-25T20:11:10+00:00,2026-08-04T15:08:10+00:00,47.435,954.95,,
P00655,474,86,Other,Blocked Drain,A municipal service-related issue has been reported.,Drain is blocked and water is not flowing.,18.725149,73.696585,18.723963,73.698702,2026-06-25T20:11:10+00:00,2026-08-10T14:35:10+00:00,259.025,1098.4,,
P00656,493,337,Garbage Accumulation,Blocked Drain,Waste has been dumped near the road.,Waste has blocked the drainage system.,18.733821,73.670224,18.73234,73.670409,2026-06-26T00:18:10+00:00,2026-07-17T11:03:10+00:00,165.828,514.75,,
P00657,493,419,Garbage Accumulation,Garbage Accumulation,Waste has been dumped near the road.,Garbage has not been collected from the area.,18.733821,73.670224,18.732682,73.67191,2026-06-26T00:18:10+00:00,2026-07-29T07:57:10+00:00,218.087,799.65,,
P00658,493,27,Garbage Accumulation,Pothole,Waste has been dumped near the road.,Large pothole causing difficulty for vehicles.,18.733821,73.670224,18.732264,73.671243,2026-06-26T00:18:10+00:00,2026-08-12T16:50:10+00:00,203.687,1144.533,,
P00659,287,332,Garbage Accumulation,Other,Garbage has accumulated near the roadside.,A municipal issue has been reported.,18.70989,73.698548,18.710869,73.699181,2026-06-26T02:51:10+00:00,2026-07-07T22:18:10+00:00,127.651,283.45,,
P00660,287,306,Garbage Accumulation,Waterlogging,Garbage has accumulated near the roadside.,Rainwater has accumulated on the road.,18.70989,73.698548,18.708529,73.700901,2026-06-26T02:51:10+00:00,2026-09-03T17:39:10+00:00,290.371,1670.8,,
P00661,287,241,Garbage Accumulation,Blocked Drain,Garbage has accumulated near the roadside.,Drain requires cleaning and maintenance.,18.70989,73.698548,18.708582,73.699752,2026-06-26T02:51:10+00:00,2026-09-05T16:39:10+00:00,192.959,1717.8,,
P00662,287,499,Garbage Accumulation,Water Leakage,Garbage has accumulated near the roadside.,Water leakage is observed near the road.,18.70989,73.698548,18.709845,73.698122,2026-06-26T02:51:10+00:00,2026-09-13T15:52:10+00:00,45.144,1909.017,,
P00663,287,390,Garbage Accumulation,Streetlight,Garbage has accumulated near the roadside.,Streetlight requires repair.,18.70989,73.698548,18.710454,73.699978,2026-06-26T02:51:10+00:00,2026-09-15T13:31:10+00:00,163.141,1954.667,,
P00664,364,115,Water Leakage,Waterlogging,Water is leaking from a pipeline.,Standing water is causing difficulty for commuters.,18.741164,73.702735,18.743469,73.701299,2026-06-26T09:18:10+00:00,2026-07-30T05:57:10+00:00,297.584,812.65,,
P00665,364,389,Water Leakage,Waterlogging,Water is leaking from a pipeline.,Rainwater has accumulated on the road.,18.741164,73.702735,18.738877,73.70174,2026-06-26T09:18:10+00:00,2026-08-28T07:13:10+00:00,275.041,1509.917,,
P00666,364,38,Water Leakage,Garbage Accumulation,Water is leaking from a pipeline.,Waste has been dumped near the road.,18.741164,73.702735,18.743202,73.701678,2026-06-26T09:18:10+00:00,2026-09-21T14:57:10+00:00,252.472,2093.65,,
P00667,335,195,Pothole,Garbage Accumulation,Large pothole causing difficulty for vehicles.,Waste has been dumped near the road.,18.749419,73.676707,18.748926,73.679425,2026-06-26T11:09:10+00:00,2026-08-15T18:47:10+00:00,291.393,1207.633,,
P00668,335,403,Pothole,Garbage Accumulation,Large pothole causing difficulty for vehicles.,Garbage has not been collected from the area.,18.749419,73.676707,18.749328,73.676364,2026-06-26T11:09:10+00:00,2026-09-13T11:54:10+00:00,37.507,1896.75,,
P00669,335,221,Pothole,Waterlogging,Large pothole causing difficulty for vehicles.,Water is accumulated in the area.,18.749419,73.676707,18.747673,73.675254,2026-06-26T11:09:10+00:00,2026-09-18T19:56:10+00:00,247.184,2024.783,,
P00670,472,324,Waterlogging,Waterlogging,Standing water is causing difficulty for commuters.,Water is accumulated in the area.,18.73839,73.705235,18.739631,73.705332,2026-06-26T11:21:10+00:00,2026-09-17T03:19:10+00:00,138.37,1983.967,,
P00671,313,428,Road Damage,Garbage Accumulation,Damaged portion of road requires maintenance.,Waste has been dumped near the road.,18.743726,73.687037,18.743274,73.68614,2026-06-26T11:53:10+00:00,2026-07-16T15:53:10+00:00,106.992,484.0,,
P00672,313,113,Road Damage,Blocked Drain,Damaged portion of road requires maintenance.,Waste has blocked the drainage system.,18.743726,73.687037,18.741849,73.687401,2026-06-26T11:53:10+00:00,2026-08-19T05:33:10+00:00,212.203,1289.667,,
P00673,410,154,Road Damage,Road Damage,Road surface is damaged and needs repair.,Road surface is damaged and needs repair.,18.713107,73.707904,18.712096,73.706491,2026-06-27T05:11:10+00:00,2026-07-09T23:27:10+00:00,186.502,306.267,,
P00674,410,165,Road Damage,Waterlogging,Road surface is damaged and needs repair.,Rainwater has accumulated on the road.,18.713107,73.707904,18.714263,73.709298,2026-06-27T05:11:10+00:00,2026-07-24T01:58:10+00:00,195.132,644.783,,
P00675,410,12,Road Damage,Blocked Drain,Road surface is damaged and needs repair.,Drain requires cleaning and maintenance.,18.713107,73.707904,18.711538,73.70901,2026-06-27T05:11:10+00:00,2026-08-06T13:56:10+00:00,209.776,968.75,,
P00676,64,154,Garbage Accumulation,Road Damage,Garbage has accumulated near the roadside.,Road surface is damaged and needs repair.,18.71135,73.704399,18.712096,73.706491,2026-06-27T11:15:10+00:00,2026-07-09T23:27:10+00:00,235.423,300.2,,
P00677,481,117,Pothole,Pothole,Pothole is creating a safety problem for commuters.,Large pothole causing difficulty for vehicles.,18.724128,73.697662,18.723623,73.696094,2026-06-28T04:15:10+00:00,2026-07-25T17:15:10+00:00,174.413,661.0,,
P00678,481,412,Pothole,Water Leakage,Pothole is creating a safety problem for commuters.,A water pipeline appears to be leaking.,18.724128,73.697662,18.725496,73.696323,2026-06-28T04:15:10+00:00,2026-08-04T15:08:10+00:00,207.419,898.883,,
P00679,481,86,Pothole,Blocked Drain,Pothole is creating a safety problem for commuters.,Drain is blocked and water is not flowing.,18.724128,73.697662,18.723963,73.698702,2026-06-28T04:15:10+00:00,2026-08-10T14:35:10+00:00,111.049,1042.333,,
P00680,481,71,Pothole,Garbage Accumulation,Pothole is creating a safety problem for commuters.,Garbage has accumulated near the roadside.,18.724128,73.697662,18.72379,73.69997,2026-06-28T04:15:10+00:00,2026-09-01T23:34:10+00:00,245.944,1579.317,,
P00681,481,100,Pothole,Streetlight,Pothole is creating a safety problem for commuters.,Streetlight requires repair.,18.724128,73.697662,18.721975,73.698412,2026-06-28T04:15:10+00:00,2026-09-08T05:48:10+00:00,252.095,1729.55,,
P00682,272,318,Streetlight,Water Leakage,Streetlight is not functioning.,Water is leaking from a pipeline.,18.745933,73.675162,18.746725,73.676946,2026-06-28T04:40:10+00:00,2026-08-24T02:16:10+00:00,207.467,1365.6,,
P00683,272,345,Streetlight,Road Damage,Streetlight is not functioning.,Damaged portion of road requires maintenance.,18.745933,73.675162,18.745666,73.676703,2026-06-28T04:40:10+00:00,2026-09-01T20:38:10+00:00,164.956,1575.967,,
P00684,272,221,Streetlight,Waterlogging,Streetlight is not functioning.,Water is accumulated in the area.,18.745933,73.675162,18.747673,73.675254,2026-06-28T04:40:10+00:00,2026-09-18T19:56:10+00:00,193.722,1983.267,,
P00685,2,497,Pothole,Streetlight,Pothole is creating a safety problem for commuters.,Streetlight requires repair.,18.711556,73.685263,18.711296,73.68482,2026-06-28T16:02:10+00:00,2026-07-12T08:26:10+00:00,54.887,328.4,,
P00686,2,462,Pothole,Blocked Drain,Pothole is creating a safety problem for commuters.,Waste has blocked the drainage system.,18.711556,73.685263,18.710072,73.683545,2026-06-28T16:02:10+00:00,2026-07-13T09:59:10+00:00,244.883,353.95,,
P00687,2,162,Pothole,Other,Pothole is creating a safety problem for commuters.,An issue with public infrastructure has been noticed.,18.711556,73.685263,18.709213,73.684581,2026-06-28T16:02:10+00:00,2026-07-14T00:47:10+00:00,270.25,368.75,,
P00688,473,457,Water Leakage,Road Damage,Water is leaking from a pipeline.,Road surface is damaged and needs repair.,18.749144,73.707006,18.748905,73.706117,2026-06-29T01:18:10+00:00,2026-07-19T21:46:10+00:00,97.306,500.467,,
P00689,473,469,Water Leakage,Blocked Drain,Water is leaking from a pipeline.,Waste has blocked the drainage system.,18.749144,73.707006,18.747308,73.705372,2026-06-29T01:18:10+00:00,2026-08-22T01:36:10+00:00,266.984,1296.3,,
P00690,473,398,Water Leakage,Other,Water is leaking from a pipeline.,A municipal service-related issue has been reported.,18.749144,73.707006,18.74887,73.705229,2026-06-29T01:18:10+00:00,2026-08-29T11:49:10+00:00,189.573,1474.517,,
P00691,473,98,Water Leakage,Garbage Accumulation,Water is leaking from a pipeline.,Garbage has accumulated near the roadside.,18.749144,73.707006,18.747353,73.705085,2026-06-29T01:18:10+00:00,2026-09-19T02:50:10+00:00,283.857,1969.533,,
P00692,79,454,Streetlight,Streetlight,Streetlight is not functioning.,Streetlight is not functioning.,18.732956,73.693157,18.733636,73.69235,2026-06-29T04:54:10+00:00,2026-07-03T10:24:10+00:00,113.749,101.5,,
P00693,79,150,Streetlight,Streetlight,Streetlight is not functioning.,Streetlight is not functioning.,18.732956,73.693157,18.732903,73.691252,2026-06-29T04:54:10+00:00,2026-07-28T19:09:10+00:00,200.692,710.25,,
P00694,79,84,Streetlight,Pothole,Streetlight is not functioning.,Pothole is creating a safety problem for commuters.,18.732956,73.693157,18.733102,73.692631,2026-06-29T04:54:10+00:00,2026-08-23T12:36:10+00:00,57.72,1327.7,,
P00695,37,155,Blocked Drain,Streetlight,Drain requires cleaning and maintenance.,Streetlight is not working at night.,18.704755,73.688437,18.703707,73.688038,2026-06-30T14:26:10+00:00,2026-08-10T08:30:10+00:00,123.878,978.067,,
P00696,37,75,Blocked Drain,Garbage Accumulation,Drain requires cleaning and maintenance.,Garbage has not been collected from the area.,18.704755,73.688437,18.703196,73.688815,2026-06-30T14:26:10+00:00,2026-09-20T07:40:10+00:00,177.866,1961.233,,
P00697,432,148,Other,Waterlogging,A municipal issue has been reported.,Water is accumulated in the area.,18.701872,73.698259,18.700939,73.699985,2026-07-01T02:39:10+00:00,2026-08-13T23:35:10+00:00,209.309,1052.933,,
P00698,432,137,Other,Streetlight,A municipal issue has been reported.,Streetlight is not functioning.,18.701872,73.698259,18.699874,73.696841,2026-07-01T02:39:10+00:00,2026-09-19T16:18:10+00:00,267.701,1933.65,,
P00699,70,115,Pothole,Waterlogging,Pothole is creating a safety problem for commuters.,Standing water is causing difficulty for commuters.,18.744199,73.702924,18.743469,73.701299,2026-07-01T07:14:10+00:00,2026-07-30T05:57:10+00:00,189.386,694.717,,
P00700,70,38,Pothole,Garbage Accumulation,Pothole is creating a safety problem for commuters.,Waste has been dumped near the road.,18.744199,73.702924,18.743202,73.701678,2026-07-01T07:14:10+00:00,2026-09-21T14:57:10+00:00,171.767,1975.717,,
P00701,34,372,Road Damage,Streetlight,Road surface is damaged and needs repair.,Streetlight requires repair.,18.731321,73.660842,18.731634,73.662956,2026-07-01T08:55:10+00:00,2026-08-15T12:50:10+00:00,225.32,1083.917,,
P00702,34,265,Road Damage,Garbage Accumulation,Road surface is damaged and needs repair.,Garbage has not been collected from the area.,18.731321,73.660842,18.730582,73.66086,2026-07-01T08:55:10+00:00,2026-09-15T22:02:10+00:00,82.195,1837.117,,
P00703,205,300,Pothole,Water Leakage,Deep pothole noticed on the road.,A water pipeline appears to be leaking.,18.745043,73.711412,18.7453,73.711439,2026-07-02T22:33:10+00:00,2026-07-05T05:37:10+00:00,28.718,55.067,,
P00704,205,130,Pothole,Pothole,Deep pothole noticed on the road.,Pothole is creating a safety problem for commuters.,18.745043,73.711412,18.74545,73.709165,2026-07-02T22:33:10+00:00,2026-07-14T23:34:10+00:00,240.891,289.017,,
P00705,205,358,Pothole,Waterlogging,Deep pothole noticed on the road.,Water is accumulated in the area.,18.745043,73.711412,18.742779,73.710169,2026-07-02T22:33:10+00:00,2026-07-19T19:19:10+00:00,283.737,404.767,,
P00706,205,470,Pothole,Streetlight,Deep pothole noticed on the road.,Streetlight is not working at night.,18.745043,73.711412,18.746701,73.711185,2026-07-02T22:33:10+00:00,2026-08-14T15:53:10+00:00,185.904,1025.333,,
P00707,205,82,Pothole,Waterlogging,Deep pothole noticed on the road.,Standing water is causing difficulty for commuters.,18.745043,73.711412,18.747555,73.711733,2026-07-02T22:33:10+00:00,2026-08-25T12:09:10+00:00,281.359,1285.6,,
P00708,204,18,Streetlight,Road Damage,Streetlight requires repair.,Damaged portion of road requires maintenance.,18.72359,73.671489,18.724494,73.67242,2026-07-02T23:53:10+00:00,2026-07-31T19:11:10+00:00,140.417,691.3,,
P00709,204,57,Streetlight,Streetlight,Streetlight requires repair.,Streetlight requires repair.,18.72359,73.671489,18.725632,73.671015,2026-07-02T23:53:10+00:00,2026-09-18T02:13:10+00:00,232.482,1850.333,,
P00710,459,299,Streetlight,Other,Streetlight is not working at night.,An issue with public infrastructure has been noticed.,18.741429,73.698755,18.739224,73.699838,2026-07-03T02:22:10+00:00,2026-08-15T23:26:10+00:00,270.408,1053.067,,
P00711,459,53,Streetlight,Road Damage,Streetlight is not working at night.,Road surface is damaged and needs repair.,18.741429,73.698755,18.738965,73.698919,2026-07-03T02:22:10+00:00,2026-08-18T07:50:10+00:00,274.528,1109.467,,
P00712,459,378,Streetlight,Blocked Drain,Streetlight is not working at night.,Waste has blocked the drainage system.,18.741429,73.698755,18.739821,73.700082,2026-07-03T02:22:10+00:00,2026-08-28T04:50:10+00:00,226.925,1346.467,,
P00713,190,252,Garbage Accumulation,Pothole,Garbage has accumulated near the roadside.,Pothole is creating a safety problem for commuters.,18.705586,73.706314,18.704392,73.704792,2026-07-03T04:44:10+00:00,2026-08-05T03:10:10+00:00,208.142,790.433,,
P00714,190,445,Garbage Accumulation,Other,Garbage has accumulated near the roadside.,An issue with public infrastructure has been noticed.,18.705586,73.706314,18.704374,73.707286,2026-07-03T04:44:10+00:00,2026-09-04T08:48:10+00:00,169.241,1516.067,,
P00715,454,10,Streetlight,Road Damage,Streetlight is not functioning.,Damaged portion of road requires maintenance.,18.733636,73.69235,18.735886,73.692573,2026-07-03T10:24:10+00:00,2026-07-23T06:45:10+00:00,251.288,476.35,,
P00716,454,150,Streetlight,Streetlight,Streetlight is not functioning.,Streetlight is not functioning.,18.733636,73.69235,18.732903,73.691252,2026-07-03T10:24:10+00:00,2026-07-28T19:09:10+00:00,141.464,608.75,,
P00717,454,84,Streetlight,Pothole,Streetlight is not functioning.,Pothole is creating a safety problem for commuters.,18.733636,73.69235,18.733102,73.692631,2026-07-03T10:24:10+00:00,2026-08-23T12:36:10+00:00,66.343,1226.2,,
P00718,1,397,Waterlogging,Garbage Accumulation,Standing water is causing difficulty for commuters.,Garbage has accumulated near the roadside.,18.718913,73.695537,18.718944,73.692785,2026-07-03T11:23:10+00:00,2026-08-22T03:53:10+00:00,289.842,1192.5,,
P00719,322,88,Streetlight,Blocked Drain,Streetlight is not working at night.,Drain requires cleaning and maintenance.,18.744755,73.696661,18.744799,73.695336,2026-07-04T02:36:10+00:00,2026-08-13T12:07:10+00:00,139.604,969.517,,
P00720,322,344,Streetlight,Streetlight,Streetlight is not working at night.,Streetlight requires repair.,18.744755,73.696661,18.743522,73.694443,2026-07-04T02:36:10+00:00,2026-08-15T23:36:10+00:00,270.819,1029.0,,
P00721,300,130,Water Leakage,Pothole,A water pipeline appears to be leaking.,Pothole is creating a safety problem for commuters.,18.7453,73.711439,18.74545,73.709165,2026-07-05T05:37:10+00:00,2026-07-14T23:34:10+00:00,240.025,233.95,,
P00722,300,470,Water Leakage,Streetlight,A water pipeline appears to be leaking.,Streetlight is not working at night.,18.7453,73.711439,18.746701,73.711185,2026-07-05T05:37:10+00:00,2026-08-14T15:53:10+00:00,158.063,970.267,,
P00723,300,82,Water Leakage,Waterlogging,A water pipeline appears to be leaking.,Standing water is causing difficulty for commuters.,18.7453,73.711439,18.747555,73.711733,2026-07-05T05:37:10+00:00,2026-08-25T12:09:10+00:00,252.648,1230.533,,
P00724,393,320,Blocked Drain,Road Damage,Drain is blocked and water is not flowing.,Road has cracks and damaged portions.,18.736452,73.672974,18.734391,73.673828,2026-07-05T15:01:10+00:00,2026-08-11T12:35:10+00:00,246.186,885.567,,
P00725,393,366,Blocked Drain,Waterlogging,Drain is blocked and water is not flowing.,Water is accumulated in the area.,18.736452,73.672974,18.736106,73.67241,2026-07-05T15:01:10+00:00,2026-09-18T03:34:10+00:00,70.763,1788.55,,
P00726,393,456,Blocked Drain,Waterlogging,Drain is blocked and water is not flowing.,Standing water is causing difficulty for commuters.,18.736452,73.672974,18.737686,73.672835,2026-07-05T15:01:10+00:00,2026-09-20T16:12:10+00:00,137.993,1849.183,,
P00727,185,52,Pothole,Waterlogging,Pothole is creating a safety problem for commuters.,Rainwater has accumulated on the road.,18.741636,73.681627,18.739938,73.682166,2026-07-05T18:43:10+00:00,2026-07-30T13:52:10+00:00,197.155,595.15,,
P00728,185,61,Pothole,Road Damage,Pothole is creating a safety problem for commuters.,Damaged portion of road requires maintenance.,18.741636,73.681627,18.739684,73.681993,2026-07-05T18:43:10+00:00,2026-09-13T08:43:10+00:00,220.447,1670.0,,
P00729,400,484,Streetlight,Water Leakage,Streetlight is not working at night.,A water pipeline appears to be leaking.,18.730114,73.679245,18.731125,73.681692,2026-07-06T02:27:10+00:00,2026-08-02T05:09:10+00:00,281.138,650.7,,
P00730,400,451,Streetlight,Streetlight,Streetlight is not working at night.,Streetlight requires repair.,18.730114,73.679245,18.730168,73.677,2026-07-06T02:27:10+00:00,2026-09-04T23:26:10+00:00,236.489,1460.983,,
P00731,408,299,Pothole,Other,Pothole is creating a safety problem for commuters.,An issue with public infrastructure has been noticed.,18.7373,73.700072,18.739224,73.699838,2026-07-07T11:38:10+00:00,2026-08-15T23:26:10+00:00,215.353,947.8,,
P00732,408,53,Pothole,Road Damage,Pothole is creating a safety problem for commuters.,Road surface is damaged and needs repair.,18.7373,73.700072,18.738965,73.698919,2026-07-07T11:38:10+00:00,2026-08-18T07:50:10+00:00,221.399,1004.2,,
P00733,408,378,Pothole,Blocked Drain,Pothole is creating a safety problem for commuters.,Waste has blocked the drainage system.,18.7373,73.700072,18.739821,73.700082,2026-07-07T11:38:10+00:00,2026-08-28T04:50:10+00:00,280.324,1241.2,,
P00734,408,389,Pothole,Waterlogging,Pothole is creating a safety problem for commuters.,Rainwater has accumulated on the road.,18.7373,73.700072,18.738877,73.70174,2026-07-07T11:38:10+00:00,2026-08-28T07:13:10+00:00,248.192,1243.583,,
P00735,408,234,Pothole,Water Leakage,Pothole is creating a safety problem for commuters.,Water leakage is observed near the road.,18.7373,73.700072,18.736459,73.698978,2026-07-07T11:38:10+00:00,2026-09-07T17:25:10+00:00,148.378,1493.783,,
P00736,408,131,Pothole,Road Damage,Pothole is creating a safety problem for commuters.,Road surface is damaged and needs repair.,18.7373,73.700072,18.738144,73.699735,2026-07-07T11:38:10+00:00,2026-09-10T18:34:10+00:00,100.334,1566.933,,
P00737,382,87,Garbage Accumulation,Pothole,Garbage has not been collected from the area.,Large pothole causing difficulty for vehicles.,18.701621,73.704298,18.701828,73.702407,2026-07-07T15:39:10+00:00,2026-08-13T23:33:10+00:00,200.493,895.9,,
P00738,382,406,Garbage Accumulation,Waterlogging,Garbage has not been collected from the area.,Standing water is causing difficulty for commuters.,18.701621,73.704298,18.701347,73.707062,2026-07-07T15:39:10+00:00,2026-08-17T20:42:10+00:00,292.706,989.05,,
P00739,211,43,Waterlogging,Waterlogging,Rainwater has accumulated on the road.,Standing water is causing difficulty for commuters.,18.721894,73.689609,18.721757,73.689021,2026-07-07T21:20:10+00:00,2026-08-20T17:17:10+00:00,63.769,1051.95,,
P00740,211,365,Waterlogging,Pothole,Rainwater has accumulated on the road.,Large pothole causing difficulty for vehicles.,18.721894,73.689609,18.724155,73.690029,2026-07-07T21:20:10+00:00,2026-09-03T00:02:10+00:00,255.273,1370.7,,
P00741,332,241,Other,Blocked Drain,A municipal issue has been reported.,Drain requires cleaning and maintenance.,18.710869,73.699181,18.708582,73.699752,2026-07-07T22:18:10+00:00,2026-09-05T16:39:10+00:00,261.317,1434.35,,
P00742,332,499,Other,Water Leakage,A municipal issue has been reported.,Water leakage is observed near the road.,18.710869,73.699181,18.709845,73.698122,2026-07-07T22:18:10+00:00,2026-09-13T15:52:10+00:00,159.388,1625.567,,
P00743,332,390,Other,Streetlight,A municipal issue has been reported.,Streetlight requires repair.,18.710869,73.699181,18.710454,73.699978,2026-07-07T22:18:10+00:00,2026-09-15T13:31:10+00:00,95.787,1671.217,,
P00744,15,357,Water Leakage,Road Damage,A water pipeline appears to be leaking.,Road has cracks and damaged portions.,18.707491,73.689099,18.707873,73.691184,2026-07-09T09:38:10+00:00,2026-08-07T21:58:10+00:00,223.663,708.333,,
P00745,15,14,Water Leakage,Road Damage,A water pipeline appears to be leaking.,Damaged portion of road requires maintenance.,18.707491,73.689099,18.709432,73.68996,2026-07-09T09:38:10+00:00,2026-09-13T00:24:10+00:00,234.105,1574.767,,
P00746,154,12,Road Damage,Blocked Drain,Road surface is damaged and needs repair.,Drain requires cleaning and maintenance.,18.712096,73.706491,18.711538,73.70901,2026-07-09T23:27:10+00:00,2026-08-06T13:56:10+00:00,272.454,662.483,,
P00747,349,90,Pothole,Garbage Accumulation,Deep pothole noticed on the road.,Waste has been dumped near the road.,18.717804,73.707089,18.715866,73.708556,2026-07-10T11:31:10+00:00,2026-07-16T23:38:10+00:00,265.156,156.117,,
P00748,349,262,Pothole,Blocked Drain,Deep pothole noticed on the road.,Drain requires cleaning and maintenance.,18.717804,73.707089,18.716652,73.704811,2026-07-10T11:31:10+00:00,2026-08-27T14:23:10+00:00,271.962,1154.867,,
P00749,161,261,Road Damage,Other,Road surface is damaged and needs repair.,A municipal service-related issue has been reported.,18.720562,73.673792,18.719926,73.672604,2026-07-11T15:59:10+00:00,2026-07-28T15:50:10+00:00,143.715,407.85,,
P00750,161,4,Road Damage,Waterlogging,Road surface is damaged and needs repair.,Water is accumulated in the area.,18.720562,73.673792,18.72176,73.674409,2026-07-11T15:59:10+00:00,2026-08-02T05:13:10+00:00,148.214,517.233,,
P00751,497,462,Streetlight,Blocked Drain,Streetlight requires repair.,Waste has blocked the drainage system.,18.711296,73.68482,18.710072,73.683545,2026-07-12T08:26:10+00:00,2026-07-13T09:59:10+00:00,191.194,25.55,,
P00752,497,162,Streetlight,Other,Streetlight requires repair.,An issue with public infrastructure has been noticed.,18.711296,73.68482,18.709213,73.684581,2026-07-12T08:26:10+00:00,2026-07-14T00:47:10+00:00,232.983,40.35,,
P00753,497,110,Streetlight,Pothole,Streetlight requires repair.,Large pothole causing difficulty for vehicles.,18.711296,73.68482,18.708814,73.684291,2026-07-12T08:26:10+00:00,2026-07-15T03:12:10+00:00,281.553,66.767,,
P00754,462,162,Blocked Drain,Other,Waste has blocked the drainage system.,An issue with public infrastructure has been noticed.,18.710072,73.683545,18.709213,73.684581,2026-07-13T09:59:10+00:00,2026-07-14T00:47:10+00:00,145.012,14.8,,
P00755,462,110,Blocked Drain,Pothole,Waste has blocked the drainage system.,Large pothole causing difficulty for vehicles.,18.710072,73.683545,18.708814,73.684291,2026-07-13T09:59:10+00:00,2026-07-15T03:12:10+00:00,160.438,41.217,,
P00756,462,92,Blocked Drain,Road Damage,Waste has blocked the drainage system.,Road has cracks and damaged portions.,18.710072,73.683545,18.707791,73.68375,2026-07-13T09:59:10+00:00,2026-07-19T22:45:10+00:00,254.553,156.767,,
P00757,162,110,Other,Pothole,An issue with public infrastructure has been noticed.,Large pothole causing difficulty for vehicles.,18.709213,73.684581,18.708814,73.684291,2026-07-14T00:47:10+00:00,2026-07-15T03:12:10+00:00,53.863,26.417,,
P00758,162,92,Other,Road Damage,An issue with public infrastructure has been noticed.,Road has cracks and damaged portions.,18.709213,73.684581,18.707791,73.68375,2026-07-14T00:47:10+00:00,2026-07-19T22:45:10+00:00,180.725,141.967,,
P00759,431,80,Blocked Drain,Road Damage,Waste has blocked the drainage system.,Road surface is damaged and needs repair.,18.733922,73.680395,18.733849,73.677797,2026-07-14T11:03:10+00:00,2026-08-21T11:35:10+00:00,273.7,912.533,,
P00760,145,67,Streetlight,Water Leakage,Streetlight is not functioning.,Water is leaking from a pipeline.,18.705366,73.702745,18.704701,73.700546,2026-07-14T18:38:10+00:00,2026-07-27T17:50:10+00:00,243.121,311.2,,
P00761,145,252,Streetlight,Pothole,Streetlight is not functioning.,Pothole is creating a safety problem for commuters.,18.705366,73.702745,18.704392,73.704792,2026-07-14T18:38:10+00:00,2026-08-05T03:10:10+00:00,241.269,512.533,,
P00762,130,470,Pothole,Streetlight,Pothole is creating a safety problem for commuters.,Streetlight is not working at night.,18.74545,73.709165,18.746701,73.711185,2026-07-14T23:34:10+00:00,2026-08-14T15:53:10+00:00,254.147,736.317,,
P00763,110,92,Pothole,Road Damage,Large pothole causing difficulty for vehicles.,Road has cracks and damaged portions.,18.708814,73.684291,18.707791,73.68375,2026-07-15T03:12:10+00:00,2026-07-19T22:45:10+00:00,127.225,115.55,,
P00764,438,88,Water Leakage,Blocked Drain,Water leakage is observed near the road.,Drain requires cleaning and maintenance.,18.744867,73.69263,18.744799,73.695336,2026-07-15T08:40:10+00:00,2026-08-13T12:07:10+00:00,285.034,699.45,,
P00765,438,344,Water Leakage,Streetlight,Water leakage is observed near the road.,Streetlight requires repair.,18.744867,73.69263,18.743522,73.694443,2026-07-15T08:40:10+00:00,2026-08-15T23:36:10+00:00,242.511,758.933,,
P00766,404,485,Blocked Drain,Blocked Drain,Waste has blocked the drainage system.,Drain requires cleaning and maintenance.,18.738657,73.689679,18.737192,73.688495,2026-07-16T07:27:10+00:00,2026-08-18T03:08:10+00:00,205.136,787.683,,
P00767,428,113,Garbage Accumulation,Blocked Drain,Waste has been dumped near the road.,Waste has blocked the drainage system.,18.743274,73.68614,18.741849,73.687401,2026-07-16T15:53:10+00:00,2026-08-19T05:33:10+00:00,206.732,805.667,,
P00768,363,108,Pothole,Waterlogging,Deep pothole noticed on the road.,Water is accumulated in the area.,18.740527,73.678478,18.739159,73.679611,2026-07-16T22:40:10+00:00,2026-07-21T09:22:10+00:00,193.32,106.7,,
P00769,363,9,Pothole,Waterlogging,Deep pothole noticed on the road.,Rainwater has accumulated on the road.,18.740527,73.678478,18.738355,73.677477,2026-07-16T22:40:10+00:00,2026-08-24T15:44:10+00:00,263.515,929.067,,
P00770,90,165,Garbage Accumulation,Waterlogging,Waste has been dumped near the road.,Rainwater has accumulated on the road.,18.715866,73.708556,18.714263,73.709298,2026-07-16T23:38:10+00:00,2026-07-24T01:58:10+00:00,194.623,170.333,,
P00771,337,419,Blocked Drain,Garbage Accumulation,Waste has blocked the drainage system.,Garbage has not been collected from the area.,18.73234,73.670409,18.732682,73.67191,2026-07-17T11:03:10+00:00,2026-07-29T07:57:10+00:00,162.573,284.9,,
P00772,337,27,Blocked Drain,Pothole,Waste has blocked the drainage system.,Large pothole causing difficulty for vehicles.,18.73234,73.670409,18.732264,73.671243,2026-07-17T11:03:10+00:00,2026-08-12T16:50:10+00:00,88.23,629.783,,
P00773,337,256,Blocked Drain,Water Leakage,Waste has blocked the drainage system.,Water leakage is observed near the road.,18.73234,73.670409,18.731463,73.672525,2026-07-17T11:03:10+00:00,2026-08-23T12:41:10+00:00,243.23,889.633,,
P00774,337,274,Blocked Drain,Other,Waste has blocked the drainage system.,A municipal issue has been reported.,18.73234,73.670409,18.730377,73.671703,2026-07-17T11:03:10+00:00,2026-09-14T14:45:10+00:00,257.318,1419.7,,
P00775,50,433,Pothole,Other,Pothole is creating a safety problem for commuters.,A municipal issue has been reported.,18.729984,73.701845,18.732024,73.700567,2026-07-17T13:51:10+00:00,2026-08-18T04:48:10+00:00,263.756,758.95,,
P00776,109,379,Water Leakage,Water Leakage,Water leakage is observed near the road.,Water leakage is observed near the road.,18.726379,73.661032,18.727174,73.662417,2026-07-18T10:49:10+00:00,2026-07-21T06:01:10+00:00,170.55,67.2,,
P00777,109,24,Water Leakage,Other,Water leakage is observed near the road.,A municipal service-related issue has been reported.,18.726379,73.661032,18.727831,73.659978,2026-07-18T10:49:10+00:00,2026-07-25T12:51:10+00:00,195.927,170.033,,
P00778,355,465,Road Damage,Other,Damaged portion of road requires maintenance.,An issue with public infrastructure has been noticed.,18.738315,73.660742,18.736712,73.660629,2026-07-18T15:07:10+00:00,2026-08-08T07:03:10+00:00,178.642,495.933,,
P00779,355,173,Road Damage,Road Damage,Damaged portion of road requires maintenance.,Damaged portion of road requires maintenance.,18.738315,73.660742,18.738069,73.662911,2026-07-18T15:07:10+00:00,2026-08-12T22:42:10+00:00,230.03,607.583,,
P00780,457,469,Road Damage,Blocked Drain,Road surface is damaged and needs repair.,Waste has blocked the drainage system.,18.748905,73.706117,18.747308,73.705372,2026-07-19T21:46:10+00:00,2026-08-22T01:36:10+00:00,194.133,795.833,,
P00781,457,398,Road Damage,Other,Road surface is damaged and needs repair.,A municipal service-related issue has been reported.,18.748905,73.706117,18.74887,73.705229,2026-07-19T21:46:10+00:00,2026-08-29T11:49:10+00:00,93.582,974.05,,
P00782,457,98,Road Damage,Garbage Accumulation,Road surface is damaged and needs repair.,Garbage has accumulated near the roadside.,18.748905,73.706117,18.747353,73.705085,2026-07-19T21:46:10+00:00,2026-09-19T02:50:10+00:00,203.936,1469.067,,
P00783,78,372,Other,Streetlight,A municipal issue has been reported.,Streetlight requires repair.,18.733245,73.663524,18.731634,73.662956,2026-07-19T23:31:10+00:00,2026-08-15T12:50:10+00:00,188.857,637.317,,
P00784,443,325,Garbage Accumulation,Garbage Accumulation,Garbage has not been collected from the area.,Garbage has accumulated near the roadside.,18.698109,73.709755,18.700206,73.708973,2026-07-20T04:59:10+00:00,2026-08-02T06:23:10+00:00,247.295,313.4,,
P00785,443,188,Garbage Accumulation,Water Leakage,Garbage has not been collected from the area.,Water is leaking from a pipeline.,18.698109,73.709755,18.700434,73.710671,2026-07-20T04:59:10+00:00,2026-08-12T10:12:10+00:00,275.944,557.217,,
P00786,443,51,Garbage Accumulation,Other,Garbage has not been collected from the area.,A municipal service-related issue has been reported.,18.698109,73.709755,18.69997,73.710779,2026-07-20T04:59:10+00:00,2026-09-16T23:11:10+00:00,233.354,1410.2,,
P00787,225,58,Streetlight,Other,Streetlight is not functioning.,A municipal service-related issue has been reported.,18.724124,73.683821,18.724645,73.682854,2026-07-20T06:36:10+00:00,2026-08-12T04:51:10+00:00,117.16,550.25,,
P00788,379,125,Water Leakage,Streetlight,Water leakage is observed near the road.,Streetlight requires repair.,18.727174,73.662417,18.726841,73.664112,2026-07-21T06:01:10+00:00,2026-07-22T07:56:10+00:00,182.297,25.917,,
P00789,379,24,Water Leakage,Other,Water leakage is observed near the road.,A municipal service-related issue has been reported.,18.727174,73.662417,18.727831,73.659978,2026-07-21T06:01:10+00:00,2026-07-25T12:51:10+00:00,267.033,102.833,,
P00790,379,112,Water Leakage,Blocked Drain,Water leakage is observed near the road.,Drain requires cleaning and maintenance.,18.727174,73.662417,18.727578,73.664462,2026-07-21T06:01:10+00:00,2026-09-11T07:10:10+00:00,219.99,1249.15,,
P00791,108,52,Waterlogging,Waterlogging,Water is accumulated in the area.,Rainwater has accumulated on the road.,18.739159,73.679611,18.739938,73.682166,2026-07-21T09:22:10+00:00,2026-07-30T13:52:10+00:00,282.643,220.5,,
P00792,108,9,Waterlogging,Waterlogging,Water is accumulated in the area.,Rainwater has accumulated on the road.,18.739159,73.679611,18.738355,73.677477,2026-07-21T09:22:10+00:00,2026-08-24T15:44:10+00:00,241.843,822.367,,
P00793,108,61,Waterlogging,Road Damage,Water is accumulated in the area.,Damaged portion of road requires maintenance.,18.739159,73.679611,18.739684,73.681993,2026-07-21T09:22:10+00:00,2026-09-13T08:43:10+00:00,257.529,1295.35,,
P00794,333,233,Other,Blocked Drain,An issue with public infrastructure has been noticed.,Drain is blocked and water is not flowing.,18.718576,73.700844,18.717848,73.69996,2026-07-21T19:30:10+00:00,2026-08-24T19:50:10+00:00,123.369,816.333,,
P00795,333,149,Other,Garbage Accumulation,An issue with public infrastructure has been noticed.,Garbage has not been collected from the area.,18.718576,73.700844,18.719472,73.701042,2026-07-21T19:30:10+00:00,2026-09-06T00:28:10+00:00,101.789,1108.967,,
P00796,333,376,Other,Pothole,An issue with public infrastructure has been noticed.,Large pothole causing difficulty for vehicles.,18.718576,73.700844,18.71899,73.700709,2026-07-21T19:30:10+00:00,2026-09-07T16:14:10+00:00,48.18,1148.733,,
P00797,352,243,Streetlight,Pothole,Streetlight is not working at night.,Pothole is creating a safety problem for commuters.,18.74498,73.67152,18.745877,73.669693,2026-07-22T04:26:10+00:00,2026-07-25T19:31:10+00:00,216.696,87.083,,
P00798,352,140,Streetlight,Streetlight,Streetlight is not working at night.,Streetlight is not functioning.,18.74498,73.67152,18.746309,73.670392,2026-07-22T04:26:10+00:00,2026-09-04T16:00:10+00:00,189.594,1067.567,,
P00799,125,475,Streetlight,Streetlight,Streetlight requires repair.,Streetlight requires repair.,18.726841,73.664112,18.724522,73.664295,2026-07-22T07:56:10+00:00,2026-08-25T14:00:10+00:00,258.58,822.067,,
P00800,125,144,Streetlight,Other,Streetlight requires repair.,An issue with public infrastructure has been noticed.,18.726841,73.664112,18.726595,73.666426,2026-07-22T07:56:10+00:00,2026-08-27T04:37:10+00:00,245.214,860.683,,
P00801,125,112,Streetlight,Blocked Drain,Streetlight requires repair.,Drain requires cleaning and maintenance.,18.726841,73.664112,18.727578,73.664462,2026-07-22T07:56:10+00:00,2026-09-11T07:10:10+00:00,89.858,1223.233,,
P00802,163,392,Streetlight,Water Leakage,Streetlight is not working at night.,A water pipeline appears to be leaking.,18.719956,73.665313,18.71801,73.665614,2026-07-22T20:09:10+00:00,2026-08-26T21:21:10+00:00,218.695,841.2,,
P00803,163,17,Streetlight,Garbage Accumulation,Streetlight is not working at night.,Waste has been dumped near the road.,18.719956,73.665313,18.721036,73.663815,2026-07-22T20:09:10+00:00,2026-09-16T09:02:10+00:00,198.266,1332.883,,
P00804,10,464,Road Damage,Other,Damaged portion of road requires maintenance.,An issue with public infrastructure has been noticed.,18.735886,73.692573,18.736649,73.694732,2026-07-23T06:45:10+00:00,2026-08-23T03:14:10+00:00,242.663,740.483,,
P00805,10,136,Road Damage,Pothole,Damaged portion of road requires maintenance.,Large pothole causing difficulty for vehicles.,18.735886,73.692573,18.737511,73.693818,2026-07-23T06:45:10+00:00,2026-09-04T23:35:10+00:00,223.242,1048.833,,
P00806,177,320,Streetlight,Road Damage,Streetlight is not working at night.,Road has cracks and damaged portions.,18.73422,73.675,18.734391,73.673828,2026-07-24T00:20:10+00:00,2026-08-11T12:35:10+00:00,124.872,444.25,,
P00807,177,80,Streetlight,Road Damage,Streetlight is not working at night.,Road surface is damaged and needs repair.,18.73422,73.675,18.733849,73.677797,2026-07-24T00:20:10+00:00,2026-08-21T11:35:10+00:00,297.41,683.25,,
P00808,177,62,Streetlight,Waterlogging,Streetlight is not working at night.,Water is accumulated in the area.,18.73422,73.675,18.733725,73.677143,2026-07-24T00:20:10+00:00,2026-09-19T00:20:10+00:00,232.282,1368.0,,
P00809,341,113,Water Leakage,Blocked Drain,A water pipeline appears to be leaking.,Waste has blocked the drainage system.,18.741965,73.68977,18.741849,73.687401,2026-07-24T21:24:10+00:00,2026-08-19T05:33:10+00:00,249.786,608.15,,
P00810,341,199,Water Leakage,Streetlight,A water pipeline appears to be leaking.,Streetlight requires repair.,18.741965,73.68977,18.74177,73.689991,2026-07-24T21:24:10+00:00,2026-08-22T22:18:10+00:00,31.807,696.9,,
P00811,30,201,Garbage Accumulation,Water Leakage,Garbage has accumulated near the roadside.,Water is leaking from a pipeline.,18.716238,73.682679,18.71792,73.68211,2026-07-24T23:29:10+00:00,2026-08-23T04:46:10+00:00,196.395,701.283,,
P00812,490,386,Blocked Drain,Other,Waste has blocked the drainage system.,A municipal issue has been reported.,18.738441,73.669059,18.737664,73.666363,2026-07-25T12:51:10+00:00,2026-08-02T03:59:10+00:00,296.748,183.133,,
P00813,490,179,Blocked Drain,Water Leakage,Waste has blocked the drainage system.,A water pipeline appears to be leaking.,18.738441,73.669059,18.738932,73.668921,2026-07-25T12:51:10+00:00,2026-08-02T05:38:10+00:00,56.497,184.783,,
P00814,490,180,Blocked Drain,Blocked Drain,Waste has blocked the drainage system.,Waste has blocked the drainage system.,18.738441,73.669059,18.736975,73.667488,2026-07-25T12:51:10+00:00,2026-08-08T17:59:10+00:00,232.249,341.133,,
P00815,117,412,Pothole,Water Leakage,Large pothole causing difficulty for vehicles.,A water pipeline appears to be leaking.,18.723623,73.696094,18.725496,73.696323,2026-07-25T17:15:10+00:00,2026-08-04T15:08:10+00:00,209.66,237.883,,
P00816,117,86,Pothole,Blocked Drain,Large pothole causing difficulty for vehicles.,Drain is blocked and water is not flowing.,18.723623,73.696094,18.723963,73.698702,2026-07-25T17:15:10+00:00,2026-08-10T14:35:10+00:00,277.239,381.333,,
P00817,243,140,Pothole,Streetlight,Pothole is creating a safety problem for commuters.,Streetlight is not functioning.,18.745877,73.669693,18.746309,73.670392,2026-07-25T19:31:10+00:00,2026-09-04T16:00:10+00:00,87.891,980.483,,
P00818,297,227,Streetlight,Garbage Accumulation,Streetlight requires repair.,Garbage has accumulated near the roadside.,18.747848,73.682364,18.748471,73.679676,2026-07-27T04:02:10+00:00,2026-09-20T08:05:10+00:00,291.387,1324.05,,
P00819,67,244,Water Leakage,Streetlight,Water is leaking from a pipeline.,Streetlight requires repair.,18.704701,73.700546,18.702955,73.700962,2026-07-27T17:50:10+00:00,2026-08-22T07:58:10+00:00,199.029,614.133,,
P00820,67,247,Water Leakage,Garbage Accumulation,Water is leaking from a pipeline.,Garbage has not been collected from the area.,18.704701,73.700546,18.704054,73.700021,2026-07-27T17:50:10+00:00,2026-09-05T07:15:10+00:00,90.737,949.417,,
P00821,261,4,Other,Waterlogging,A municipal service-related issue has been reported.,Water is accumulated in the area.,18.719926,73.672604,18.72176,73.674409,2026-07-28T15:50:10+00:00,2026-08-02T05:13:10+00:00,278.786,109.383,,
P00822,150,208,Streetlight,Waterlogging,Streetlight is not functioning.,Water is accumulated in the area.,18.732903,73.691252,18.731385,73.689326,2026-07-28T19:09:10+00:00,2026-08-16T22:45:10+00:00,263.868,459.6,,
P00823,150,84,Streetlight,Pothole,Streetlight is not functioning.,Pothole is creating a safety problem for commuters.,18.732903,73.691252,18.733102,73.692631,2026-07-28T19:09:10+00:00,2026-08-23T12:36:10+00:00,146.891,617.45,,
P00824,419,320,Garbage Accumulation,Road Damage,Garbage has not been collected from the area.,Road has cracks and damaged portions.,18.732682,73.67191,18.734391,73.673828,2026-07-29T07:57:10+00:00,2026-08-11T12:35:10+00:00,277.318,316.633,,
P00825,419,27,Garbage Accumulation,Pothole,Garbage has not been collected from the area.,Large pothole causing difficulty for vehicles.,18.732682,73.67191,18.732264,73.671243,2026-07-29T07:57:10+00:00,2026-08-12T16:50:10+00:00,84.224,344.883,,
P00826,419,256,Garbage Accumulation,Water Leakage,Garbage has not been collected from the area.,Water leakage is observed near the road.,18.732682,73.67191,18.731463,73.672525,2026-07-29T07:57:10+00:00,2026-08-23T12:41:10+00:00,150.223,604.733,,
P00827,419,274,Garbage Accumulation,Other,Garbage has not been collected from the area.,A municipal issue has been reported.,18.732682,73.67191,18.730377,73.671703,2026-07-29T07:57:10+00:00,2026-09-14T14:45:10+00:00,257.23,1134.8,,
P00828,115,38,Waterlogging,Garbage Accumulation,Standing water is causing difficulty for commuters.,Waste has been dumped near the road.,18.743469,73.701299,18.743202,73.701678,2026-07-30T05:57:10+00:00,2026-09-21T14:57:10+00:00,49.74,1281.0,,
P00829,52,375,Waterlogging,Other,Rainwater has accumulated on the road.,A municipal service-related issue has been reported.,18.739938,73.682166,18.740105,73.684628,2026-07-30T13:52:10+00:00,2026-07-30T18:17:10+00:00,259.913,4.417,,
P00830,52,61,Waterlogging,Road Damage,Rainwater has accumulated on the road.,Damaged portion of road requires maintenance.,18.739938,73.682166,18.739684,73.681993,2026-07-30T13:52:10+00:00,2026-09-13T08:43:10+00:00,33.609,1074.85,,
P00831,375,61,Other,Road Damage,A municipal service-related issue has been reported.,Damaged portion of road requires maintenance.,18.740105,73.684628,18.739684,73.681993,2026-07-30T18:17:10+00:00,2026-09-13T08:43:10+00:00,281.387,1070.433,,
P00832,18,57,Road Damage,Streetlight,Damaged portion of road requires maintenance.,Streetlight requires repair.,18.724494,73.67242,18.725632,73.671015,2026-07-31T19:11:10+00:00,2026-09-18T02:13:10+00:00,194.691,1159.033,,
P00833,386,180,Other,Blocked Drain,A municipal issue has been reported.,Waste has blocked the drainage system.,18.737664,73.666363,18.736975,73.667488,2026-08-02T03:59:10+00:00,2026-08-08T17:59:10+00:00,141.079,158.0,,
P00834,386,76,Other,Pothole,A municipal issue has been reported.,Pothole is creating a safety problem for commuters.,18.737664,73.666363,18.735849,73.666246,2026-08-02T03:59:10+00:00,2026-09-12T23:28:10+00:00,202.194,1003.483,,
P00835,484,388,Water Leakage,Pothole,A water pipeline appears to be leaking.,Large pothole causing difficulty for vehicles.,18.731125,73.681692,18.730029,73.682666,2026-08-02T05:09:10+00:00,2026-08-19T18:58:10+00:00,159.287,421.817,,
P00836,4,151,Waterlogging,Blocked Drain,Water is accumulated in the area.,Drain requires cleaning and maintenance.,18.72176,73.674409,18.722971,73.676385,2026-08-02T05:13:10+00:00,2026-08-09T07:04:10+00:00,247.863,169.85,,
P00837,179,180,Water Leakage,Blocked Drain,A water pipeline appears to be leaking.,Waste has blocked the drainage system.,18.738932,73.668921,18.736975,73.667488,2026-08-02T05:38:10+00:00,2026-08-08T17:59:10+00:00,264.808,156.35,,
P00838,325,377,Garbage Accumulation,Pothole,Garbage has accumulated near the roadside.,Deep pothole noticed on the road.,18.700206,73.708973,18.70113,73.7074,2026-08-02T06:23:10+00:00,2026-08-03T10:04:10+00:00,194.948,27.683,,
P00839,325,188,Garbage Accumulation,Water Leakage,Garbage has accumulated near the roadside.,Water is leaking from a pipeline.,18.700206,73.708973,18.700434,73.710671,2026-08-02T06:23:10+00:00,2026-08-12T10:12:10+00:00,180.63,243.817,,
P00840,325,406,Garbage Accumulation,Waterlogging,Garbage has accumulated near the roadside.,Standing water is causing difficulty for commuters.,18.700206,73.708973,18.701347,73.707062,2026-08-02T06:23:10+00:00,2026-08-17T20:42:10+00:00,237.925,374.317,,
P00841,325,253,Garbage Accumulation,Road Damage,Garbage has accumulated near the roadside.,Damaged portion of road requires maintenance.,18.700206,73.708973,18.700858,73.707906,2026-08-02T06:23:10+00:00,2026-09-08T08:34:10+00:00,133.737,890.183,,
P00842,325,51,Garbage Accumulation,Other,Garbage has accumulated near the roadside.,A municipal service-related issue has been reported.,18.700206,73.708973,18.69997,73.710779,2026-08-02T06:23:10+00:00,2026-09-16T23:11:10+00:00,192.018,1096.8,,
P00843,420,249,Water Leakage,Streetlight,Water leakage is observed near the road.,Streetlight is not working at night.,18.748228,73.673262,18.749103,73.672912,2026-08-03T05:04:10+00:00,2026-09-06T13:58:10+00:00,104.041,824.9,,
P00844,420,221,Water Leakage,Waterlogging,Water leakage is observed near the road.,Water is accumulated in the area.,18.748228,73.673262,18.747673,73.675254,2026-08-03T05:04:10+00:00,2026-09-18T19:56:10+00:00,218.638,1118.867,,
P00845,21,262,Other,Blocked Drain,A municipal service-related issue has been reported.,Drain requires cleaning and maintenance.,18.715538,73.705398,18.716652,73.704811,2026-08-03T09:05:10+00:00,2026-08-27T14:23:10+00:00,138.44,581.3,,
P00846,377,406,Pothole,Waterlogging,Deep pothole noticed on the road.,Standing water is causing difficulty for commuters.,18.70113,73.7074,18.701347,73.707062,2026-08-03T10:04:10+00:00,2026-08-17T20:42:10+00:00,43.006,346.633,,
P00847,377,253,Pothole,Road Damage,Deep pothole noticed on the road.,Damaged portion of road requires maintenance.,18.70113,73.7074,18.700858,73.707906,2026-08-03T10:04:10+00:00,2026-09-08T08:34:10+00:00,61.278,862.5,,
P00848,252,445,Pothole,Other,Pothole is creating a safety problem for commuters.,An issue with public infrastructure has been noticed.,18.704392,73.704792,18.704374,73.707286,2026-08-05T03:10:10+00:00,2026-09-04T08:48:10+00:00,262.681,725.633,,
P00849,314,8,Pothole,Water Leakage,Pothole is creating a safety problem for commuters.,Water is leaking from a pipeline.,18.747505,73.702194,18.748939,73.700491,2026-08-06T20:18:10+00:00,2026-08-15T10:01:10+00:00,239.959,205.717,,
P00850,314,60,Pothole,Blocked Drain,Pothole is creating a safety problem for commuters.,Drain requires cleaning and maintenance.,18.747505,73.702194,18.747178,73.699928,2026-08-06T20:18:10+00:00,2026-08-26T00:24:10+00:00,241.354,460.1,,
P00851,343,220,Road Damage,Other,Damaged portion of road requires maintenance.,An issue with public infrastructure has been noticed.,18.715226,73.692083,18.716663,73.690944,2026-08-07T02:01:10+00:00,2026-09-16T08:37:10+00:00,199.802,966.6,,
P00852,357,14,Road Damage,Road Damage,Road has cracks and damaged portions.,Damaged portion of road requires maintenance.,18.707873,73.691184,18.709432,73.68996,2026-08-07T21:58:10+00:00,2026-09-13T00:24:10+00:00,216.031,866.433,,
P00853,465,173,Other,Road Damage,An issue with public infrastructure has been noticed.,Damaged portion of road requires maintenance.,18.736712,73.660629,18.738069,73.662911,2026-08-08T07:03:10+00:00,2026-08-12T22:42:10+00:00,283.746,111.65,,
P00854,101,58,Other,Other,A municipal issue has been reported.,A municipal service-related issue has been reported.,18.72554,73.680751,18.724645,73.682854,2026-08-08T07:13:10+00:00,2026-08-12T04:51:10+00:00,242.799,93.633,,
P00855,180,76,Blocked Drain,Pothole,Waste has blocked the drainage system.,Pothole is creating a safety problem for commuters.,18.736975,73.667488,18.735849,73.666246,2026-08-08T17:59:10+00:00,2026-09-12T23:28:10+00:00,181.056,845.483,,
P00856,423,80,Blocked Drain,Road Damage,Drain is blocked and water is not flowing.,Road surface is damaged and needs repair.,18.732258,73.677022,18.733849,73.677797,2026-08-10T06:30:10+00:00,2026-08-21T11:35:10+00:00,194.828,269.083,,
P00857,423,451,Blocked Drain,Streetlight,Drain is blocked and water is not flowing.,Streetlight requires repair.,18.732258,73.677022,18.730168,73.677,2026-08-10T06:30:10+00:00,2026-09-04T23:26:10+00:00,232.409,616.933,,
P00858,423,62,Blocked Drain,Waterlogging,Drain is blocked and water is not flowing.,Water is accumulated in the area.,18.732258,73.677022,18.733725,73.677143,2026-08-10T06:30:10+00:00,2026-09-19T00:20:10+00:00,163.62,953.833,,
P00859,248,121,Other,Blocked Drain,An issue with public infrastructure has been noticed.,Drain requires cleaning and maintenance.,18.729474,73.672145,18.72955,73.671712,2026-08-10T08:02:10+00:00,2026-08-11T08:10:10+00:00,46.374,24.133,,
P00860,248,56,Other,Road Damage,An issue with public infrastructure has been noticed.,Damaged portion of road requires maintenance.,18.729474,73.672145,18.730533,73.674342,2026-08-10T08:02:10+00:00,2026-08-11T14:16:10+00:00,259.601,30.233,,
P00861,248,256,Other,Water Leakage,An issue with public infrastructure has been noticed.,Water leakage is observed near the road.,18.729474,73.672145,18.731463,73.672525,2026-08-10T08:02:10+00:00,2026-08-23T12:41:10+00:00,224.758,316.65,,
P00862,248,129,Other,Other,An issue with public infrastructure has been noticed.,A municipal service-related issue has been reported.,18.729474,73.672145,18.730024,73.673977,2026-08-10T08:02:10+00:00,2026-09-08T08:06:10+00:00,202.383,696.067,,
P00863,248,189,Other,Other,An issue with public infrastructure has been noticed.,A municipal service-related issue has been reported.,18.729474,73.672145,18.728528,73.672879,2026-08-10T08:02:10+00:00,2026-09-13T06:15:10+00:00,130.536,814.217,,
P00864,248,274,Other,Other,An issue with public infrastructure has been noticed.,A municipal issue has been reported.,18.729474,73.672145,18.730377,73.671703,2026-08-10T08:02:10+00:00,2026-09-14T14:45:10+00:00,110.673,846.717,,
P00865,42,121,Pothole,Blocked Drain,Large pothole causing difficulty for vehicles.,Drain requires cleaning and maintenance.,18.728986,73.669021,18.72955,73.671712,2026-08-10T08:17:10+00:00,2026-08-11T08:10:10+00:00,290.237,23.883,,
P00866,155,167,Streetlight,Road Damage,Streetlight is not working at night.,Road has cracks and damaged portions.,18.703707,73.688038,18.702787,73.690677,2026-08-10T08:30:10+00:00,2026-09-17T13:30:10+00:00,296.175,917.0,,
P00867,155,75,Streetlight,Garbage Accumulation,Streetlight is not working at night.,Garbage has not been collected from the area.,18.703707,73.688038,18.703196,73.688815,2026-08-10T08:30:10+00:00,2026-09-20T07:40:10+00:00,99.628,983.167,,
P00868,86,373,Blocked Drain,Garbage Accumulation,Drain is blocked and water is not flowing.,Garbage has accumulated near the roadside.,18.723963,73.698702,18.725221,73.700488,2026-08-10T14:35:10+00:00,2026-08-23T02:55:10+00:00,234.398,300.333,,
P00869,86,71,Blocked Drain,Garbage Accumulation,Drain is blocked and water is not flowing.,Garbage has accumulated near the roadside.,18.723963,73.698702,18.72379,73.69997,2026-08-10T14:35:10+00:00,2026-09-01T23:34:10+00:00,134.912,536.983,,
P00870,86,100,Blocked Drain,Streetlight,Drain is blocked and water is not flowing.,Streetlight requires repair.,18.723963,73.698702,18.721975,73.698412,2026-08-10T14:35:10+00:00,2026-09-08T05:48:10+00:00,223.155,687.217,,
P00871,91,453,Waterlogging,Garbage Accumulation,Water is accumulated in the area.,Waste has been dumped near the road.,18.72561,73.668609,18.723915,73.667936,2026-08-10T19:34:10+00:00,2026-08-20T18:40:10+00:00,201.36,239.1,,
P00872,91,144,Waterlogging,Other,Water is accumulated in the area.,An issue with public infrastructure has been noticed.,18.72561,73.668609,18.726595,73.666426,2026-08-10T19:34:10+00:00,2026-08-27T04:37:10+00:00,254.647,393.05,,
P00873,91,57,Waterlogging,Streetlight,Water is accumulated in the area.,Streetlight requires repair.,18.72561,73.668609,18.725632,73.671015,2026-08-10T19:34:10+00:00,2026-09-18T02:13:10+00:00,253.385,918.65,,
P00874,121,56,Blocked Drain,Road Damage,Drain requires cleaning and maintenance.,Damaged portion of road requires maintenance.,18.72955,73.671712,18.730533,73.674342,2026-08-11T08:10:10+00:00,2026-08-11T14:16:10+00:00,297.745,6.1,,
P00875,121,256,Blocked Drain,Water Leakage,Drain requires cleaning and maintenance.,Water leakage is observed near the road.,18.72955,73.671712,18.731463,73.672525,2026-08-11T08:10:10+00:00,2026-08-23T12:41:10+00:00,229.298,292.517,,
P00876,121,129,Blocked Drain,Other,Drain requires cleaning and maintenance.,A municipal service-related issue has been reported.,18.72955,73.671712,18.730024,73.673977,2026-08-11T08:10:10+00:00,2026-09-08T08:06:10+00:00,244.273,671.933,,
P00877,121,189,Blocked Drain,Other,Drain requires cleaning and maintenance.,A municipal service-related issue has been reported.,18.72955,73.671712,18.728528,73.672879,2026-08-11T08:10:10+00:00,2026-09-13T06:15:10+00:00,167.383,790.083,,
P00878,121,274,Blocked Drain,Other,Drain requires cleaning and maintenance.,A municipal issue has been reported.,18.72955,73.671712,18.730377,73.671703,2026-08-11T08:10:10+00:00,2026-09-14T14:45:10+00:00,91.963,822.583,,
P00879,320,366,Road Damage,Waterlogging,Road has cracks and damaged portions.,Water is accumulated in the area.,18.734391,73.673828,18.736106,73.67241,2026-08-11T12:35:10+00:00,2026-09-18T03:34:10+00:00,242.204,902.983,,
P00880,56,256,Road Damage,Water Leakage,Damaged portion of road requires maintenance.,Water leakage is observed near the road.,18.730533,73.674342,18.731463,73.672525,2026-08-11T14:16:10+00:00,2026-08-23T12:41:10+00:00,217.497,286.417,,
P00881,56,451,Road Damage,Streetlight,Damaged portion of road requires maintenance.,Streetlight requires repair.,18.730533,73.674342,18.730168,73.677,2026-08-11T14:16:10+00:00,2026-09-04T23:26:10+00:00,282.831,585.167,,
P00882,56,129,Road Damage,Other,Damaged portion of road requires maintenance.,A municipal service-related issue has been reported.,18.730533,73.674342,18.730024,73.673977,2026-08-11T14:16:10+00:00,2026-09-08T08:06:10+00:00,68.416,665.833,,
P00883,56,189,Road Damage,Other,Damaged portion of road requires maintenance.,A municipal service-related issue has been reported.,18.730533,73.674342,18.728528,73.672879,2026-08-11T14:16:10+00:00,2026-09-13T06:15:10+00:00,270.999,783.983,,
P00884,56,274,Road Damage,Other,Damaged portion of road requires maintenance.,A municipal issue has been reported.,18.730533,73.674342,18.730377,73.671703,2026-08-11T14:16:10+00:00,2026-09-14T14:45:10+00:00,278.443,816.483,,
P00885,188,253,Water Leakage,Road Damage,Water is leaking from a pipeline.,Damaged portion of road requires maintenance.,18.700434,73.710671,18.700858,73.707906,2026-08-12T10:12:10+00:00,2026-09-08T08:34:10+00:00,295.014,646.367,,
P00886,188,51,Water Leakage,Other,Water is leaking from a pipeline.,A municipal service-related issue has been reported.,18.700434,73.710671,18.69997,73.710779,2026-08-12T10:12:10+00:00,2026-09-16T23:11:10+00:00,52.834,852.983,,
P00887,27,256,Pothole,Water Leakage,Large pothole causing difficulty for vehicles.,Water leakage is observed near the road.,18.732264,73.671243,18.731463,73.672525,2026-08-12T16:50:10+00:00,2026-08-23T12:41:10+00:00,161.735,259.85,,
P00888,27,274,Pothole,Other,Large pothole causing difficulty for vehicles.,A municipal issue has been reported.,18.732264,73.671243,18.730377,73.671703,2026-08-12T16:50:10+00:00,2026-09-14T14:45:10+00:00,215.344,789.917,,
P00889,88,344,Blocked Drain,Streetlight,Drain requires cleaning and maintenance.,Streetlight requires repair.,18.744799,73.695336,18.743522,73.694443,2026-08-13T12:07:10+00:00,2026-08-15T23:36:10+00:00,170.307,59.483,,
P00890,87,148,Pothole,Waterlogging,Large pothole causing difficulty for vehicles.,Water is accumulated in the area.,18.701828,73.702407,18.700939,73.699985,2026-08-13T23:33:10+00:00,2026-08-13T23:35:10+00:00,273.579,0.033,,
P00891,87,244,Pothole,Streetlight,Large pothole causing difficulty for vehicles.,Streetlight requires repair.,18.701828,73.702407,18.702955,73.700962,2026-08-13T23:33:10+00:00,2026-08-22T07:58:10+00:00,197.147,200.417,,
P00892,148,244,Waterlogging,Streetlight,Water is accumulated in the area.,Streetlight requires repair.,18.700939,73.699985,18.702955,73.700962,2026-08-13T23:35:10+00:00,2026-08-22T07:58:10+00:00,246.658,200.383,,
P00893,470,82,Streetlight,Waterlogging,Streetlight is not working at night.,Standing water is causing difficulty for commuters.,18.746701,73.711185,18.747555,73.711733,2026-08-14T15:53:10+00:00,2026-08-25T12:09:10+00:00,111.117,260.267,,
P00894,143,72,Garbage Accumulation,Waterlogging,Waste has been dumped near the road.,Standing water is causing difficulty for commuters.,18.732905,73.700567,18.731674,73.699532,2026-08-14T19:23:10+00:00,2026-08-15T14:37:10+00:00,174.972,19.233,,
P00895,143,433,Garbage Accumulation,Other,Waste has been dumped near the road.,A municipal issue has been reported.,18.732905,73.700567,18.732024,73.700567,2026-08-14T19:23:10+00:00,2026-08-18T04:48:10+00:00,97.963,81.417,,
P00896,143,370,Garbage Accumulation,Pothole,Waste has been dumped near the road.,Large pothole causing difficulty for vehicles.,18.732905,73.700567,18.733186,73.702844,2026-08-14T19:23:10+00:00,2026-09-16T05:20:10+00:00,241.805,777.95,,
P00897,8,60,Water Leakage,Blocked Drain,Water is leaking from a pipeline.,Drain requires cleaning and maintenance.,18.748939,73.700491,18.747178,73.699928,2026-08-15T10:01:10+00:00,2026-08-26T00:24:10+00:00,204.591,254.383,,
P00898,372,265,Streetlight,Garbage Accumulation,Streetlight requires repair.,Garbage has not been collected from the area.,18.731634,73.662956,18.730582,73.66086,2026-08-15T12:50:10+00:00,2026-09-15T22:02:10+00:00,249.802,753.2,,
P00899,72,433,Waterlogging,Other,Standing water is causing difficulty for commuters.,A municipal issue has been reported.,18.731674,73.699532,18.732024,73.700567,2026-08-15T14:37:10+00:00,2026-08-18T04:48:10+00:00,115.731,62.183,,
P00900,195,227,Garbage Accumulation,Garbage Accumulation,Waste has been dumped near the road.,Garbage has accumulated near the roadside.,18.748926,73.679425,18.748471,73.679676,2026-08-15T18:47:10+00:00,2026-09-20T08:05:10+00:00,57.081,853.3,,
P00901,299,53,Other,Road Damage,An issue with public infrastructure has been noticed.,Road surface is damaged and needs repair.,18.739224,73.699838,18.738965,73.698919,2026-08-15T23:26:10+00:00,2026-08-18T07:50:10+00:00,100.966,56.4,,
P00902,299,378,Other,Blocked Drain,An issue with public infrastructure has been noticed.,Waste has blocked the drainage system.,18.739224,73.699838,18.739821,73.700082,2026-08-15T23:26:10+00:00,2026-08-28T04:50:10+00:00,71.182,293.4,,
P00903,299,389,Other,Waterlogging,An issue with public infrastructure has been noticed.,Rainwater has accumulated on the road.,18.739224,73.699838,18.738877,73.70174,2026-08-15T23:26:10+00:00,2026-08-28T07:13:10+00:00,203.965,295.783,,
P00904,299,131,Other,Road Damage,An issue with public infrastructure has been noticed.,Road surface is damaged and needs repair.,18.739224,73.699838,18.738144,73.699735,2026-08-15T23:26:10+00:00,2026-09-10T18:34:10+00:00,120.579,619.133,,
P00905,208,118,Waterlogging,Garbage Accumulation,Water is accumulated in the area.,Waste has been dumped near the road.,18.731385,73.689326,18.729343,73.688705,2026-08-16T22:45:10+00:00,2026-08-28T23:49:10+00:00,236.29,289.067,,
P00906,406,253,Waterlogging,Road Damage,Standing water is causing difficulty for commuters.,Damaged portion of road requires maintenance.,18.701347,73.707062,18.700858,73.707906,2026-08-17T20:42:10+00:00,2026-09-08T08:34:10+00:00,104.205,515.867,,
P00907,356,485,Other,Blocked Drain,An issue with public infrastructure has been noticed.,Drain requires cleaning and maintenance.,18.735645,73.687316,18.737192,73.688495,2026-08-17T21:01:10+00:00,2026-08-18T03:08:10+00:00,212.141,6.117,,
P00908,424,178,Pothole,Streetlight,Pothole is creating a safety problem for commuters.,Streetlight is not working at night.,18.721774,73.70271,18.721534,73.700275,2026-08-18T02:01:10+00:00,2026-08-28T13:53:10+00:00,257.818,251.867,,
P00909,433,370,Other,Pothole,A municipal issue has been reported.,Large pothole causing difficulty for vehicles.,18.732024,73.700567,18.733186,73.702844,2026-08-18T04:48:10+00:00,2026-09-16T05:20:10+00:00,272.376,696.533,,
P00910,53,378,Road Damage,Blocked Drain,Road surface is damaged and needs repair.,Waste has blocked the drainage system.,18.738965,73.698919,18.739821,73.700082,2026-08-18T07:50:10+00:00,2026-08-28T04:50:10+00:00,155.104,237.0,,
P00911,53,389,Road Damage,Waterlogging,Road surface is damaged and needs repair.,Rainwater has accumulated on the road.,18.738965,73.698919,18.738877,73.70174,2026-08-18T07:50:10+00:00,2026-08-28T07:13:10+00:00,297.214,239.383,,
P00912,53,234,Road Damage,Water Leakage,Road surface is damaged and needs repair.,Water leakage is observed near the road.,18.738965,73.698919,18.736459,73.698978,2026-08-18T07:50:10+00:00,2026-09-07T17:25:10+00:00,278.724,489.583,,
P00913,53,131,Road Damage,Road Damage,Road surface is damaged and needs repair.,Road surface is damaged and needs repair.,18.738965,73.698919,18.738144,73.699735,2026-08-18T07:50:10+00:00,2026-09-10T18:34:10+00:00,125.368,562.733,,
P00914,113,199,Blocked Drain,Streetlight,Waste has blocked the drainage system.,Streetlight requires repair.,18.741849,73.687401,18.74177,73.689991,2026-08-19T05:33:10+00:00,2026-08-22T22:18:10+00:00,272.866,88.75,,
P00915,43,365,Waterlogging,Pothole,Standing water is causing difficulty for commuters.,Large pothole causing difficulty for vehicles.,18.721757,73.689021,18.724155,73.690029,2026-08-20T17:17:10+00:00,2026-09-03T00:02:10+00:00,286.999,318.75,,
P00916,494,220,Garbage Accumulation,Other,Garbage has not been collected from the area.,An issue with public infrastructure has been noticed.,18.717276,73.689144,18.716663,73.690944,2026-08-21T07:33:10+00:00,2026-09-16T08:37:10+00:00,201.448,625.067,,
P00917,80,62,Road Damage,Waterlogging,Road surface is damaged and needs repair.,Water is accumulated in the area.,18.733849,73.677797,18.733725,73.677143,2026-08-21T11:35:10+00:00,2026-09-19T00:20:10+00:00,70.235,684.75,,
P00918,371,118,Waterlogging,Garbage Accumulation,Water is accumulated in the area.,Waste has been dumped near the road.,18.729608,73.686722,18.729343,73.688705,2026-08-21T21:28:10+00:00,2026-08-28T23:49:10+00:00,210.892,170.35,,
P00919,469,398,Blocked Drain,Other,Waste has blocked the drainage system.,A municipal service-related issue has been reported.,18.747308,73.705372,18.74887,73.705229,2026-08-22T01:36:10+00:00,2026-08-29T11:49:10+00:00,174.338,178.217,,
P00920,469,98,Blocked Drain,Garbage Accumulation,Waste has blocked the drainage system.,Garbage has accumulated near the roadside.,18.747308,73.705372,18.747353,73.705085,2026-08-22T01:36:10+00:00,2026-09-19T02:50:10+00:00,30.631,673.233,,
P00921,397,267,Garbage Accumulation,Streetlight,Garbage has accumulated near the roadside.,Streetlight is not working at night.,18.718944,73.692785,18.721019,73.693531,2026-08-22T03:53:10+00:00,2026-08-25T03:45:10+00:00,243.738,71.867,,
P00922,244,247,Streetlight,Garbage Accumulation,Streetlight requires repair.,Garbage has not been collected from the area.,18.702955,73.700962,18.704054,73.700021,2026-08-22T07:58:10+00:00,2026-09-05T07:15:10+00:00,157.341,335.283,,
P00923,373,71,Garbage Accumulation,Garbage Accumulation,Garbage has accumulated near the roadside.,Garbage has accumulated near the roadside.,18.725221,73.700488,18.72379,73.69997,2026-08-23T02:55:10+00:00,2026-09-01T23:34:10+00:00,168.211,236.65,,
P00924,464,246,Other,Streetlight,An issue with public infrastructure has been noticed.,Streetlight is not working at night.,18.736649,73.694732,18.736832,73.696764,2026-08-23T03:14:10+00:00,2026-09-01T14:23:10+00:00,214.939,227.15,,
P00925,464,136,Other,Pothole,An issue with public infrastructure has been noticed.,Large pothole causing difficulty for vehicles.,18.736649,73.694732,18.737511,73.693818,2026-08-23T03:14:10+00:00,2026-09-04T23:35:10+00:00,135.833,308.35,,
P00926,275,347,Pothole,Road Damage,Large pothole causing difficulty for vehicles.,Road surface is damaged and needs repair.,18.743916,73.706069,18.741964,73.705886,2026-08-23T12:38:10+00:00,2026-08-31T10:46:10+00:00,217.906,190.133,,
P00927,256,129,Water Leakage,Other,Water leakage is observed near the road.,A municipal service-related issue has been reported.,18.731463,73.672525,18.730024,73.673977,2026-08-23T12:41:10+00:00,2026-09-08T08:06:10+00:00,221.32,379.417,,
P00928,256,274,Water Leakage,Other,Water leakage is observed near the road.,A municipal issue has been reported.,18.731463,73.672525,18.730377,73.671703,2026-08-23T12:41:10+00:00,2026-09-14T14:45:10+00:00,148.578,530.067,,
P00929,318,176,Water Leakage,Other,Water is leaking from a pipeline.,A municipal service-related issue has been reported.,18.746725,73.676946,18.745217,73.678675,2026-08-24T02:16:10+00:00,2026-08-26T18:57:10+00:00,247.512,64.683,,
P00930,318,345,Water Leakage,Road Damage,Water is leaking from a pipeline.,Damaged portion of road requires maintenance.,18.746725,73.676946,18.745666,73.676703,2026-08-24T02:16:10+00:00,2026-09-01T20:38:10+00:00,120.503,210.367,,
P00931,318,403,Water Leakage,Garbage Accumulation,Water is leaking from a pipeline.,Garbage has not been collected from the area.,18.746725,73.676946,18.749328,73.676364,2026-08-24T02:16:10+00:00,2026-09-13T11:54:10+00:00,295.857,489.633,,
P00932,318,221,Water Leakage,Waterlogging,Water is leaking from a pipeline.,Water is accumulated in the area.,18.746725,73.676946,18.747673,73.675254,2026-08-24T02:16:10+00:00,2026-09-18T19:56:10+00:00,207.009,617.667,,
P00933,463,107,Pothole,Road Damage,Deep pothole noticed on the road.,Road has cracks and damaged portions.,18.705154,73.694017,18.703185,73.692243,2026-08-24T19:37:10+00:00,2026-09-01T13:30:10+00:00,287.83,185.883,,
P00934,233,149,Blocked Drain,Garbage Accumulation,Drain is blocked and water is not flowing.,Garbage has not been collected from the area.,18.717848,73.69996,18.719472,73.701042,2026-08-24T19:50:10+00:00,2026-09-06T00:28:10+00:00,213.527,292.633,,
P00935,233,376,Blocked Drain,Pothole,Drain is blocked and water is not flowing.,Large pothole causing difficulty for vehicles.,18.717848,73.69996,18.71899,73.700709,2026-08-24T19:50:10+00:00,2026-09-07T16:14:10+00:00,149.49,332.4,,
P00936,82,448,Waterlogging,Garbage Accumulation,Standing water is causing difficulty for commuters.,Waste has been dumped near the road.,18.747555,73.711733,18.749166,73.713575,2026-08-25T12:09:10+00:00,2026-08-26T02:58:10+00:00,264.021,14.817,,
P00937,176,345,Other,Road Damage,A municipal service-related issue has been reported.,Damaged portion of road requires maintenance.,18.745217,73.678675,18.745666,73.676703,2026-08-26T18:57:10+00:00,2026-09-01T20:38:10+00:00,213.563,145.683,,
P00938,144,112,Other,Blocked Drain,An issue with public infrastructure has been noticed.,Drain requires cleaning and maintenance.,18.726595,73.666426,18.727578,73.664462,2026-08-27T04:37:10+00:00,2026-09-11T07:10:10+00:00,233.932,362.55,,
P00939,378,389,Blocked Drain,Waterlogging,Waste has blocked the drainage system.,Rainwater has accumulated on the road.,18.739821,73.700082,18.738877,73.70174,2026-08-28T04:50:10+00:00,2026-08-28T07:13:10+00:00,203.714,2.383,,
P00940,378,131,Blocked Drain,Road Damage,Waste has blocked the drainage system.,Road surface is damaged and needs repair.,18.739821,73.700082,18.738144,73.699735,2026-08-28T04:50:10+00:00,2026-09-10T18:34:10+00:00,190.02,325.733,,
P00941,389,131,Waterlogging,Road Damage,Rainwater has accumulated on the road.,Road surface is damaged and needs repair.,18.738877,73.70174,18.738144,73.699735,2026-08-28T07:13:10+00:00,2026-09-10T18:34:10+00:00,226.315,323.35,,
P00942,178,71,Streetlight,Garbage Accumulation,Streetlight is not working at night.,Garbage has accumulated near the roadside.,18.721534,73.700275,18.72379,73.69997,2026-08-28T13:53:10+00:00,2026-09-01T23:34:10+00:00,252.904,105.683,,
P00943,178,149,Streetlight,Garbage Accumulation,Streetlight is not working at night.,Garbage has not been collected from the area.,18.721534,73.700275,18.719472,73.701042,2026-08-28T13:53:10+00:00,2026-09-06T00:28:10+00:00,243.096,202.583,,
P00944,178,376,Streetlight,Pothole,Streetlight is not working at night.,Large pothole causing difficulty for vehicles.,18.721534,73.700275,18.71899,73.700709,2026-08-28T13:53:10+00:00,2026-09-07T16:14:10+00:00,286.548,242.35,,
P00945,178,100,Streetlight,Streetlight,Streetlight is not working at night.,Streetlight requires repair.,18.721534,73.700275,18.721975,73.698412,2026-08-28T13:53:10+00:00,2026-09-08T05:48:10+00:00,202.231,255.917,,
P00946,398,98,Other,Garbage Accumulation,A municipal service-related issue has been reported.,Garbage has accumulated near the roadside.,18.74887,73.705229,18.747353,73.705085,2026-08-29T11:49:10+00:00,2026-09-19T02:50:10+00:00,169.363,495.017,,
P00947,347,324,Road Damage,Waterlogging,Road surface is damaged and needs repair.,Water is accumulated in the area.,18.741964,73.705886,18.739631,73.705332,2026-08-31T10:46:10+00:00,2026-09-17T03:19:10+00:00,265.896,400.55,,
P00948,107,167,Road Damage,Road Damage,Road has cracks and damaged portions.,Road has cracks and damaged portions.,18.703185,73.692243,18.702787,73.690677,2026-09-01T13:30:10+00:00,2026-09-17T13:30:10+00:00,170.77,384.0,,
P00949,246,234,Streetlight,Water Leakage,Streetlight is not working at night.,Water leakage is observed near the road.,18.736832,73.696764,18.736459,73.698978,2026-09-01T14:23:10+00:00,2026-09-07T17:25:10+00:00,236.8,147.033,,
P00950,345,221,Road Damage,Waterlogging,Damaged portion of road requires maintenance.,Water is accumulated in the area.,18.745666,73.676703,18.747673,73.675254,2026-09-01T20:38:10+00:00,2026-09-18T19:56:10+00:00,270.338,407.3,,
P00951,71,100,Garbage Accumulation,Streetlight,Garbage has accumulated near the roadside.,Streetlight requires repair.,18.72379,73.69997,18.721975,73.698412,2026-09-01T23:34:10+00:00,2026-09-08T05:48:10+00:00,260.098,150.233,,
P00952,306,241,Waterlogging,Blocked Drain,Rainwater has accumulated on the road.,Drain requires cleaning and maintenance.,18.708529,73.700901,18.708582,73.699752,2026-09-03T17:39:10+00:00,2026-09-05T16:39:10+00:00,121.156,47.0,,
P00953,306,390,Waterlogging,Streetlight,Rainwater has accumulated on the road.,Streetlight requires repair.,18.708529,73.700901,18.710454,73.699978,2026-09-03T17:39:10+00:00,2026-09-15T13:31:10+00:00,235.09,283.867,,
P00954,241,499,Blocked Drain,Water Leakage,Drain requires cleaning and maintenance.,Water leakage is observed near the road.,18.708582,73.699752,18.709845,73.698122,2026-09-05T16:39:10+00:00,2026-09-13T15:52:10+00:00,221.797,191.217,,
P00955,241,390,Blocked Drain,Streetlight,Drain requires cleaning and maintenance.,Streetlight requires repair.,18.708582,73.699752,18.710454,73.699978,2026-09-05T16:39:10+00:00,2026-09-15T13:31:10+00:00,209.513,236.867,,
P00956,149,376,Garbage Accumulation,Pothole,Garbage has not been collected from the area.,Large pothole causing difficulty for vehicles.,18.719472,73.701042,18.71899,73.700709,2026-09-06T00:28:10+00:00,2026-09-07T16:14:10+00:00,64.05,39.767,,
P00957,249,221,Streetlight,Waterlogging,Streetlight is not working at night.,Water is accumulated in the area.,18.749103,73.672912,18.747673,73.675254,2026-09-06T13:58:10+00:00,2026-09-18T19:56:10+00:00,293.42,293.967,,
P00958,234,131,Water Leakage,Road Damage,Water leakage is observed near the road.,Road surface is damaged and needs repair.,18.736459,73.698978,18.738144,73.699735,2026-09-07T17:25:10+00:00,2026-09-10T18:34:10+00:00,203.616,73.15,,
P00959,129,189,Other,Other,A municipal service-related issue has been reported.,A municipal service-related issue has been reported.,18.730024,73.673977,18.728528,73.672879,2026-09-08T08:06:10+00:00,2026-09-13T06:15:10+00:00,202.586,118.15,,
P00960,129,274,Other,Other,A municipal service-related issue has been reported.,A municipal issue has been reported.,18.730024,73.673977,18.730377,73.671703,2026-09-08T08:06:10+00:00,2026-09-14T14:45:10+00:00,242.662,150.65,,
P00961,189,274,Other,Other,A municipal service-related issue has been reported.,A municipal issue has been reported.,18.728528,73.672879,18.730377,73.671703,2026-09-13T06:15:10+00:00,2026-09-14T14:45:10+00:00,240.016,32.5,,
P00962,403,221,Garbage Accumulation,Waterlogging,Garbage has not been collected from the area.,Water is accumulated in the area.,18.749328,73.676364,18.747673,73.675254,2026-09-13T11:54:10+00:00,2026-09-18T19:56:10+00:00,218.006,128.033,,
P00963,499,390,Water Leakage,Streetlight,Water leakage is observed near the road.,Streetlight requires repair.,18.709845,73.698122,18.710454,73.699978,2026-09-13T15:52:10+00:00,2026-09-15T13:31:10+00:00,206.869,45.65,,
P00964,167,75,Road Damage,Garbage Accumulation,Road has cracks and damaged portions.,Garbage has not been collected from the area.,18.702787,73.690677,18.703196,73.688815,2026-09-17T13:30:10+00:00,2026-09-20T07:40:10+00:00,201.316,66.167,,
P00965,366,456,Waterlogging,Waterlogging,Water is accumulated in the area.,Standing water is causing difficulty for commuters.,18.736106,73.67241,18.737686,73.672835,2026-09-18T03:34:10+00:00,2026-09-20T16:12:10+00:00,181.298,60.633,,
