pair_id,pair_type,complaint_id_1,complaint_id_2,category_1,category_2,category_match,description_1,description_2,actual_duplicate,label_group,text_similarity,distance_meters,distance_score,time_difference_hours,time_difference_days,within_7d,recency_score_7d,within_14d,recency_score_14d,within_30d,recency_score_30d,within_60d,recency_score_60d,within_90d,recency_score_90d,model_name,similarity_metric,label_source
V2P0001,synthetic_positive,12,SYN_DUP_0012,Blocked Drain,Blocked Drain,True,Drain requires cleaning and maintenance.,Residents report a blocked drain problem: Drain needs cleaning and maintenance.,1,DUPLICATE,0.756816,32.332,0.892227,2.045,0.085208,True,0.987827,True,0.993914,True,0.99716,True,0.99858,True,0.999053,sentence-transformers/all-MiniLM-L6-v2,cosine,synthetic_by_construction
V2P0002,synthetic_positive,17,SYN_DUP_0017,Garbage Accumulation,Garbage Accumulation,True,Waste has been dumped near the road.,The reported garbage accumulation issue is that Waste has been dumped near the road.,1,DUPLICATE,0.857141,11.937,0.96021,53.092,2.212167,True,0.683976,True,0.841988,True,0.926261,True,0.963131,True,0.97542,sentence-transformers/all-MiniLM-L6-v2,cosine,synthetic_by_construction
V2P0003,synthetic_positive,7,SYN_DUP_0007,Other,Other,True,An issue with public infrastructure has been noticed.,A civic complaint has been raised because An issue with public infrastructure has been noticed.,1,DUPLICATE,0.76061,44.717,0.850943,6.488,0.270333,True,0.961381,True,0.98069,True,0.990989,True,0.995494,True,0.996996,sentence-transformers/all-MiniLM-L6-v2,cosine,synthetic_by_construction
V2P0004,synthetic_positive,2,SYN_DUP_0002,Pothole,Pothole,True,Pothole is creating a safety problem for commuters.,People in the area have reported that Pothole is creating a safety problem for commuters.,1,DUPLICATE,0.954424,2.46,0.9918,15.937,0.664042,True,0.905137,True,0.952568,True,0.977865,True,0.988933,True,0.992622,sentence-transformers/all-MiniLM-L6-v2,cosine,synthetic_by_construction
V2P0005,synthetic_positive,10,SYN_DUP_0010,Road Damage,Road Damage,True,Damaged portion of road requires maintenance.,Residents report a road damage problem: Damaged portion of road requires maintenance.,1,DUPLICATE,0.874948,2.3,0.992333,14.517,0.604875,True,0.913589,True,0.956795,True,0.979838,True,0.989919,True,0.993279,sentence-transformers/all-MiniLM-L6-v2,cosine,synthetic_by_construction
V2P0006,synthetic_positive,5,SYN_DUP_0005,Streetlight,Streetlight,True,Streetlight is not functioning.,The reported streetlight issue is that Streetlight is not functioning.,1,DUPLICATE,0.885247,77.247,0.74251,16.067,0.669458,True,0.904363,True,0.952182,True,0.977685,True,0.988842,True,0.992562,sentence-transformers/all-MiniLM-L6-v2,cosine,synthetic_by_construction
V2P0007,synthetic_positive,8,SYN_DUP_0008,Water Leakage,Water Leakage,True,Water is leaking from a pipeline.,A civic complaint has been raised because Water is leaking from a pipeline.,1,DUPLICATE,0.705007,90.472,0.698427,0.716,0.029833,True,0.995738,True,0.997869,True,0.999006,True,0.999503,True,0.999669,sentence-transformers/all-MiniLM-L6-v2,cosine,synthetic_by_construction
V2P0008,synthetic_positive,1,SYN_DUP_0001,Waterlogging,Waterlogging,True,Standing water is causing difficulty for commuters.,People in the area have reported that Standing water is causing difficulty for commuters.,1,DUPLICATE,0.95575,84.907,0.716977,24.663,1.027625,True,0.853196,True,0.926598,True,0.965746,True,0.982873,True,0.988582,sentence-transformers/all-MiniLM-L6-v2,cosine,synthetic_by_construction
V2P0009,synthetic_positive,13,SYN_DUP_0013,Blocked Drain,Blocked Drain,True,Waste has blocked the drainage system.,Residents report a blocked drain problem: Waste has caused a blockage in the drainage system.,1,DUPLICATE,0.795258,97.861,0.673797,24.401,1.016708,True,0.854756,True,0.927378,True,0.96611,True,0.983055,True,0.988703,sentence-transformers/all-MiniLM-L6-v2,cosine,synthetic_by_construction
V2P0010,synthetic_positive,22,SYN_DUP_0022,Garbage Accumulation,Garbage Accumulation,True,Garbage has accumulated near the roadside.,The reported garbage accumulation issue is that Garbage has accumulated near the roadside.,1,DUPLICATE,0.882909,54.836,0.817213,61.058,2.544083,True,0.63656,True,0.81828,True,0.915197,True,0.957599,True,0.971732,sentence-transformers/all-MiniLM-L6-v2,cosine,synthetic_by_construction
V2P0011,synthetic_positive,21,SYN_DUP_0021,Other,Other,True,A municipal service-related issue has been reported.,A civic complaint has been raised because A municipal service-related issue has been reported.,1,DUPLICATE,0.783722,140.356,0.532147,52.608,2.192,True,0.686857,True,0.843429,True,0.926933,True,0.963467,True,0.975644,sentence-transformers/all-MiniLM-L6-v2,cosine,synthetic_by_construction
V2P0012,synthetic_positive,3,SYN_DUP_0003,Pothole,Pothole,True,Large pothole causing difficulty for vehicles.,People in the area have reported that Large pothole causing difficulty for vehicles.,1,DUPLICATE,0.925876,148.656,0.50448,27.41,1.142083,True,0.836845,True,0.918423,True,0.961931,True,0.980965,True,0.98731,sentence-transformers/all-MiniLM-L6-v2,cosine,synthetic_by_construction
V2P0013,synthetic_positive,11,SYN_DUP_0011,Road Damage,Road Damage,True,Damaged portion of road requires maintenance.,Residents report a road damage problem: Damaged portion of road requires maintenance.,1,DUPLICATE,0.874948,141.47,0.528433,44.629,1.859542,True,0.734351,True,0.867176,True,0.938015,True,0.969008,True,0.979338,sentence-transformers/all-MiniLM-L6-v2,cosine,synthetic_by_construction
V2P0014,synthetic_positive,45,SYN_DUP_0045,Streetlight,Streetlight,True,Streetlight is not working at night.,The reported streetlight issue is that Streetlight is not working at night.,1,DUPLICATE,0.892582,128.868,0.57044,50.803,2.116792,True,0.697601,True,0.848801,True,0.92944,True,0.96472,True,0.97648,sentence-transformers/all-MiniLM-L6-v2,cosine,synthetic_by_construction
V2P0015,synthetic_positive,15,SYN_DUP_0015,Water Leakage,Water Leakage,True,A water pipeline appears to be leaking.,A civic complaint has been raised because A water pipeline appears to be leaking.,1,DUPLICATE,0.719303,111.395,0.628683,21.014,0.875583,True,0.874917,True,0.937458,True,0.970814,True,0.985407,True,0.990271,sentence-transformers/all-MiniLM-L6-v2,cosine,synthetic_by_construction
V2P0016,synthetic_positive,4,SYN_DUP_0004,Waterlogging,Waterlogging,True,Water is accumulated in the area.,People in the area have reported that Water is accumulated in the area.,1,DUPLICATE,0.887822,161.64,0.4612,7.497,0.312375,True,0.955375,True,0.977688,True,0.989588,True,0.994794,True,0.996529,sentence-transformers/all-MiniLM-L6-v2,cosine,synthetic_by_construction
V2P0017,synthetic_positive,19,SYN_DUP_0019,Blocked Drain,Blocked Drain,True,Waste has blocked the drainage system.,Residents report a blocked drain problem: Waste has caused a blockage in the drainage system.,1,DUPLICATE,0.795258,181.784,0.394053,26.427,1.101125,True,0.842696,True,0.921348,True,0.963296,True,0.981648,True,0.987765,sentence-transformers/all-MiniLM-L6-v2,cosine,synthetic_by_construction
V2P0018,synthetic_positive,30,SYN_DUP_0030,Garbage Accumulation,Garbage Accumulation,True,Garbage has accumulated near the roadside.,The reported garbage accumulation issue is that Garbage has accumulated near the roadside.,1,DUPLICATE,0.882909,160.475,0.465083,19.406,0.808583,True,0.884488,True,0.942244,True,0.973047,True,0.986524,True,0.991016,sentence-transformers/all-MiniLM-L6-v2,cosine,synthetic_by_construction
V2P0019,synthetic_positive,23,SYN_DUP_0023,Other,Other,True,A municipal service-related issue has been reported.,A civic complaint has been raised because A municipal service-related issue has been reported.,1,DUPLICATE,0.783722,182.402,0.391993,43.955,1.831458,True,0.738363,True,0.869182,True,0.938951,True,0.969476,True,0.97965,sentence-transformers/all-MiniLM-L6-v2,cosine,synthetic_by_construction
V2P0020,synthetic_positive,26,SYN_DUP_0026,Pothole,Pothole,True,Deep pothole noticed on the road.,People in the area have reported that Deep pothole noticed on the road.,1,DUPLICATE,0.917186,186.456,0.37848,11.974,0.498917,True,0.928726,True,0.964363,True,0.983369,True,0.991685,True,0.994456,sentence-transformers/all-MiniLM-L6-v2,cosine,synthetic_by_construction
V2P0021,synthetic_positive,14,SYN_DUP_0014,Road Damage,Road Damage,True,Damaged portion of road requires maintenance.,Residents report a road damage problem: Damaged portion of road requires maintenance.,1,DUPLICATE,0.874948,249.476,0.168413,46.17,1.92375,True,0.725179,True,0.862589,True,0.935875,True,0.967938,True,0.978625,sentence-transformers/all-MiniLM-L6-v2,cosine,synthetic_by_construction
V2P0022,synthetic_positive,48,SYN_DUP_0048,Streetlight,Streetlight,True,Streetlight is not working at night.,The reported streetlight issue is that Streetlight is not working at night.,1,DUPLICATE,0.892582,234.231,0.21923,60.725,2.530208,True,0.638542,True,0.819271,True,0.91566,True,0.95783,True,0.971887,sentence-transformers/all-MiniLM-L6-v2,cosine,synthetic_by_construction
V2P0023,synthetic_positive,16,SYN_DUP_0016,Water Leakage,Water Leakage,True,A water pipeline appears to be leaking.,A civic complaint has been raised because A water pipeline appears to be leaking.,1,DUPLICATE,0.719303,211.452,0.29516,2.553,0.106375,True,0.984804,True,0.992402,True,0.996454,True,0.998227,True,0.998818,sentence-transformers/all-MiniLM-L6-v2,cosine,synthetic_by_construction
V2P0024,synthetic_positive,6,SYN_DUP_0006,Waterlogging,Waterlogging,True,Standing water is causing difficulty for commuters.,People in the area have reported that Standing water is causing difficulty for commuters.,1,DUPLICATE,0.95575,213.387,0.28871,15.388,0.641167,True,0.908405,True,0.954202,True,0.978628,True,0.989314,True,0.992876,sentence-transformers/all-MiniLM-L6-v2,cosine,synthetic_by_construction
V2P0025,synthetic_positive,37,SYN_DUP_0037,Blocked Drain,Blocked Drain,True,Drain requires cleaning and maintenance.,Residents report a blocked drain problem: Drain needs cleaning and maintenance.,1,DUPLICATE,0.756816,243.818,0.187273,22.828,0.951167,True,0.864119,True,0.93206,True,0.968294,True,0.984147,True,0.989431,sentence-transformers/all-MiniLM-L6-v2,cosine,synthetic_by_construction
V2P0026,synthetic_positive,33,SYN_DUP_0033,Garbage Accumulation,Garbage Accumulation,True,Garbage has not been collected from the area.,The reported garbage accumulation issue is that Garbage has not been collected from the area.,1,DUPLICATE,0.834432,269.386,0.102047,65.869,2.744542,True,0.607923,True,0.803961,True,0.908515,True,0.954258,True,0.969505,sentence-transformers/all-MiniLM-L6-v2,cosine,synthetic_by_construction
V2P0027,synthetic_positive,24,SYN_DUP_0024,Other,Other,True,A municipal service-related issue has been reported.,A civic complaint has been raised because A municipal service-related issue has been reported.,1,DUPLICATE,0.783722,262.979,0.123403,17.946,0.74775,True,0.893179,True,0.946589,True,0.975075,True,0.987538,True,0.991692,sentence-transformers/all-MiniLM-L6-v2,cosine,synthetic_by_construction
V2P0028,synthetic_positive,27,SYN_DUP_0027,Pothole,Pothole,True,Large pothole causing difficulty for vehicles.,People in the area have reported that Large pothole causing difficulty for vehicles.,1,DUPLICATE,0.925876,262.874,0.123753,42.194,1.758083,True,0.748845,True,0.874423,True,0.941397,True,0.970699,True,0.980466,sentence-transformers/all-MiniLM-L6-v2,cosine,synthetic_by_construction
V2P0029,synthetic_positive,18,SYN_DUP_0018,Road Damage,Road Damage,True,Damaged portion of road requires maintenance.,Residents report a road damage problem: Damaged portion of road requires maintenance.,1,DUPLICATE,0.874948,269.571,0.10143,15.986,0.666083,True,0.904845,True,0.952423,True,0.977797,True,0.988899,True,0.992599,sentence-transformers/all-MiniLM-L6-v2,cosine,synthetic_by_construction
V2P0030,synthetic_positive,49,SYN_DUP_0049,Streetlight,Streetlight,True,Streetlight requires repair.,The reported streetlight issue is that Streetlight requires repair.,1,DUPLICATE,0.903494,274.967,0.083443,6.773,0.282208,True,0.959685,True,0.979842,True,0.990593,True,0.995297,True,0.996864,sentence-transformers/all-MiniLM-L6-v2,cosine,synthetic_by_construction
V2P0031,synthetic_positive,28,SYN_DUP_0028,Water Leakage,Water Leakage,True,A water pipeline appears to be leaking.,A civic complaint has been raised because A water pipeline appears to be leaking.,1,DUPLICATE,0.719303,6.373,0.978757,132.239,5.509958,True,0.212863,True,0.606432,True,0.816335,True,0.908167,True,0.938778,sentence-transformers/all-MiniLM-L6-v2,cosine,synthetic_by_construction
V2P0032,synthetic_positive,9,SYN_DUP_0009,Waterlogging,Waterlogging,True,Rainwater has accumulated on the road.,People in the area have reported that Rainwater has accumulated on the road.,1,DUPLICATE,0.893478,21.686,0.927713,78.108,3.2545,True,0.535071,True,0.767536,True,0.891517,True,0.945758,True,0.963839,sentence-transformers/all-MiniLM-L6-v2,cosine,synthetic_by_construction
V2P0033,synthetic_positive,39,SYN_DUP_0039,Blocked Drain,Blocked Drain,True,Drain is blocked and water is not flowing.,Residents report a blocked drain problem: Drain has become blocked and water is not flowing.,1,DUPLICATE,0.804492,49.81,0.833967,122.8,5.116667,True,0.269048,True,0.634524,True,0.829444,True,0.914722,True,0.943148,sentence-transformers/all-MiniLM-L6-v2,cosine,synthetic_by_construction
V2P0034,synthetic_positive,38,SYN_DUP_0038,Garbage Accumulation,Garbage Accumulation,True,Waste has been dumped near the road.,The reported garbage accumulation issue is that Waste has been dumped near the road.,1,DUPLICATE,0.857141,43.178,0.856073,73.112,3.046333,True,0.56481,True,0.782405,True,0.898456,True,0.949228,True,0.966152,sentence-transformers/all-MiniLM-L6-v2,cosine,synthetic_by_construction
V2P0035,synthetic_positive,35,SYN_DUP_0035,Other,Other,True,A municipal service-related issue has been reported.,A civic complaint has been raised because A municipal service-related issue has been reported.,1,DUPLICATE,0.783722,34.404,0.88532,123.554,5.148083,True,0.26456,True,0.63228,True,0.828397,True,0.914199,True,0.942799,sentence-transformers/all-MiniLM-L6-v2,cosine,synthetic_by_construction
V2P0036,synthetic_positive,32,SYN_DUP_0032,Pothole,Pothole,True,Pothole is creating a safety problem for commuters.,People in the area have reported that Pothole is creating a safety problem for commuters.,1,DUPLICATE,0.954424,82.048,0.726507,82.718,3.446583,True,0.507631,True,0.753815,True,0.885114,True,0.942557,True,0.961705,sentence-transformers/all-MiniLM-L6-v2,cosine,synthetic_by_construction
V2P0037,synthetic_positive,25,SYN_DUP_0025,Road Damage,Road Damage,True,Road surface is damaged and needs repair.,Residents report a road damage problem: Road surface is damaged and requires repair.,1,DUPLICATE,0.834801,72.686,0.757713,163.567,6.815292,True,0.026387,True,0.513193,True,0.772824,True,0.886412,True,0.924275,sentence-transformers/all-MiniLM-L6-v2,cosine,synthetic_by_construction
V2P0038,synthetic_positive,57,SYN_DUP_0057,Streetlight,Streetlight,True,Streetlight requires repair.,The reported streetlight issue is that Streetlight requires repair.,1,DUPLICATE,0.903494,63.169,0.789437,120.061,5.002542,True,0.285351,True,0.642676,True,0.833249,True,0.916624,True,0.944416,sentence-transformers/all-MiniLM-L6-v2,cosine,synthetic_by_construction
V2P0039,synthetic_positive,29,SYN_DUP_0029,Water Leakage,Water Leakage,True,A water pipeline appears to be leaking.,A civic complaint has been raised because A water pipeline appears to be leaking.,1,DUPLICATE,0.719303,95.631,0.68123,155.571,6.482125,True,0.073982,True,0.536991,True,0.783929,True,0.891965,True,0.927976,sentence-transformers/all-MiniLM-L6-v2,cosine,synthetic_by_construction
V2P0040,synthetic_positive,20,SYN_DUP_0020,Waterlogging,Waterlogging,True,Standing water is causing difficulty for commuters.,People in the area have reported that Standing water is causing difficulty for commuters.,1,DUPLICATE,0.95575,81.947,0.726843,130.465,5.436042,True,0.223423,True,0.611711,True,0.818799,True,0.909399,True,0.9396,sentence-transformers/all-MiniLM-L6-v2,cosine,synthetic_by_construction
V2P0041,synthetic_positive,54,SYN_DUP_0054,Blocked Drain,Blocked Drain,True,Drain is blocked and water is not flowing.,Residents report a blocked drain problem: Drain has become blocked and water is not flowing.,1,DUPLICATE,0.804492,138.126,0.53958,123.785,5.157708,True,0.263185,True,0.631592,True,0.828076,True,0.914038,True,0.942692,sentence-transformers/all-MiniLM-L6-v2,cosine,synthetic_by_construction
V2P0042,synthetic_positive,41,SYN_DUP_0041,Garbage Accumulation,Garbage Accumulation,True,Waste has been dumped near the road.,The reported garbage accumulation issue is that Waste has been dumped near the road.,1,DUPLICATE,0.857141,126.518,0.578273,72.065,3.002708,True,0.571042,True,0.785521,True,0.89991,True,0.949955,True,0.966637,sentence-transformers/all-MiniLM-L6-v2,cosine,synthetic_by_construction
V2P0043,synthetic_positive,51,SYN_DUP_0051,Other,Other,True,A municipal service-related issue has been reported.,A civic complaint has been raised because A municipal service-related issue has been reported.,1,DUPLICATE,0.783722,100.974,0.66342,161.194,6.716417,True,0.040512,True,0.520256,True,0.776119,True,0.88806,True,0.925373,sentence-transformers/all-MiniLM-L6-v2,cosine,synthetic_by_construction
V2P0044,synthetic_positive,40,SYN_DUP_0040,Pothole,Pothole,True,Pothole is creating a safety problem for commuters.,People in the area have reported that Pothole is creating a safety problem for commuters.,1,DUPLICATE,0.954424,141.583,0.528057,101.528,4.230333,True,0.395667,True,0.697833,True,0.858989,True,0.929494,True,0.952996,sentence-transformers/all-MiniLM-L6-v2,cosine,synthetic_by_construction
V2P0045,synthetic_positive,31,SYN_DUP_0031,Road Damage,Road Damage,True,Damaged portion of road requires maintenance.,Residents report a road damage problem: Damaged portion of road requires maintenance.,1,DUPLICATE,0.874948,143.9,0.520333,162.908,6.787833,True,0.03031,True,0.515155,True,0.773739,True,0.886869,True,0.92458,sentence-transformers/all-MiniLM-L6-v2,cosine,synthetic_by_construction
V2P0046,synthetic_positive,79,SYN_DUP_0079,Streetlight,Streetlight,True,Streetlight is not functioning.,The reported streetlight issue is that Streetlight is not functioning.,1,DUPLICATE,0.885247,174.3,0.419,78.654,3.27725,True,0.531821,True,0.765911,True,0.890758,True,0.945379,True,0.963586,sentence-transformers/all-MiniLM-L6-v2,cosine,synthetic_by_construction
V2P0047,synthetic_positive,47,SYN_DUP_0047,Water Leakage,Water Leakage,True,Water leakage is observed near the road.,A civic complaint has been raised because Water leakage is observed near the road.,1,DUPLICATE,0.726297,188.292,0.37236,84.334,3.513917,True,0.498012,True,0.749006,True,0.882869,True,0.941435,True,0.960956,sentence-transformers/all-MiniLM-L6-v2,cosine,synthetic_by_construction
V2P0048,synthetic_positive,43,SYN_DUP_0043,Waterlogging,Waterlogging,True,Standing water is causing difficulty for commuters.,People in the area have reported that Standing water is causing difficulty for commuters.,1,DUPLICATE,0.95575,177.49,0.408367,97.453,4.060542,True,0.419923,True,0.709961,True,0.864649,True,0.932324,True,0.954883,sentence-transformers/all-MiniLM-L6-v2,cosine,synthetic_by_construction
V2P0049,synthetic_positive,60,SYN_DUP_0060,Blocked Drain,Blocked Drain,True,Drain requires cleaning and maintenance.,Residents report a blocked drain problem: Drain needs cleaning and maintenance.,1,DUPLICATE,0.756816,171.157,0.429477,92.341,3.847542,True,0.450351,True,0.725176,True,0.871749,True,0.935874,True,0.95725,sentence-transformers/all-MiniLM-L6-v2,cosine,synthetic_by_construction
V2P0050,synthetic_positive,44,SYN_DUP_0044,Garbage Accumulation,Garbage Accumulation,True,Garbage has accumulated near the roadside.,The reported garbage accumulation issue is that Garbage has accumulated near the roadside.,1,DUPLICATE,0.882909,186.497,0.378343,91.318,3.804917,True,0.45644,True,0.72822,True,0.873169,True,0.936585,True,0.957723,sentence-transformers/all-MiniLM-L6-v2,cosine,synthetic_by_construction
V2P0051,synthetic_positive,58,SYN_DUP_0058,Other,Other,True,A municipal service-related issue has been reported.,A civic complaint has been raised because A municipal service-related issue has been reported.,1,DUPLICATE,0.783722,249.757,0.167477,134.392,5.599667,True,0.200048,True,0.600024,True,0.813344,True,0.906672,True,0.937781,sentence-transformers/all-MiniLM-L6-v2,cosine,synthetic_by_construction
V2P0052,synthetic_positive,42,SYN_DUP_0042,Pothole,Pothole,True,Large pothole causing difficulty for vehicles.,People in the area have reported that Large pothole causing difficulty for vehicles.,1,DUPLICATE,0.925876,225.879,0.24707,83.625,3.484375,True,0.502232,True,0.751116,True,0.883854,True,0.941927,True,0.961285,sentence-transformers/all-MiniLM-L6-v2,cosine,synthetic_by_construction
V2P0053,synthetic_positive,34,SYN_DUP_0034,Road Damage,Road Damage,True,Road surface is damaged and needs repair.,Residents report a road damage problem: Road surface is damaged and requires repair.,1,DUPLICATE,0.834801,216.904,0.276987,128.482,5.353417,True,0.235226,True,0.617613,True,0.821553,True,0.910776,True,0.940518,sentence-transformers/all-MiniLM-L6-v2,cosine,synthetic_by_construction
V2P0054,synthetic_positive,81,SYN_DUP_0081,Streetlight,Streetlight,True,Streetlight requires repair.,The reported streetlight issue is that Streetlight requires repair.,1,DUPLICATE,0.903494,211.011,0.29663,78.825,3.284375,True,0.530804,True,0.765402,True,0.890521,True,0.94526,True,0.963507,sentence-transformers/all-MiniLM-L6-v2,cosine,synthetic_by_construction
V2P0055,synthetic_positive,66,SYN_DUP_0066,Water Leakage,Water Leakage,True,Water leakage is observed near the road.,A civic complaint has been raised because Water leakage is observed near the road.,1,DUPLICATE,0.726297,211.447,0.295177,158.921,6.621708,True,0.054042,True,0.527021,True,0.779276,True,0.889638,True,0.926425,sentence-transformers/all-MiniLM-L6-v2,cosine,synthetic_by_construction
V2P0056,synthetic_positive,46,SYN_DUP_0046,Waterlogging,Waterlogging,True,Standing water is causing difficulty for commuters.,People in the area have reported that Standing water is causing difficulty for commuters.,1,DUPLICATE,0.95575,253.472,0.155093,94.856,3.952333,True,0.435381,True,0.71769,True,0.868256,True,0.934128,True,0.956085,sentence-transformers/all-MiniLM-L6-v2,cosine,synthetic_by_construction
V2P0057,synthetic_positive,73,SYN_DUP_0073,Blocked Drain,Blocked Drain,True,Drain requires cleaning and maintenance.,Residents report a blocked drain problem: Drain needs cleaning and maintenance.,1,DUPLICATE,0.756816,260.498,0.131673,84.711,3.529625,True,0.495768,True,0.747884,True,0.882346,True,0.941173,True,0.960782,sentence-transformers/all-MiniLM-L6-v2,cosine,synthetic_by_construction
V2P0058,synthetic_positive,64,SYN_DUP_0064,Garbage Accumulation,Garbage Accumulation,True,Garbage has accumulated near the roadside.,The reported garbage accumulation issue is that Garbage has accumulated near the roadside.,1,DUPLICATE,0.882909,277.981,0.073397,117.382,4.890917,True,0.301298,True,0.650649,True,0.836969,True,0.918485,True,0.945656,sentence-transformers/all-MiniLM-L6-v2,cosine,synthetic_by_construction
V2P0059,synthetic_positive,68,SYN_DUP_0068,Other,Other,True,A municipal issue has been reported.,A civic complaint has been raised because A municipal issue has been reported.,1,DUPLICATE,0.778488,289.567,0.034777,90.287,3.761958,True,0.462577,True,0.731289,True,0.874601,True,0.937301,True,0.9582,sentence-transformers/all-MiniLM-L6-v2,cosine,synthetic_by_construction
V2P0060,synthetic_positive,50,SYN_DUP_0050,Pothole,Pothole,True,Pothole is creating a safety problem for commuters.,People in the area have reported that Pothole is creating a safety problem for commuters.,1,DUPLICATE,0.954424,271.122,0.09626,112.669,4.694542,True,0.329351,True,0.664676,True,0.843515,True,0.921758,True,0.947838,sentence-transformers/all-MiniLM-L6-v2,cosine,synthetic_by_construction
V2P0061,synthetic_positive,36,SYN_DUP_0036,Road Damage,Road Damage,True,Damaged portion of road requires maintenance.,Residents report a road damage problem: Damaged portion of road requires maintenance.,1,DUPLICATE,0.874948,36.725,0.877583,539.7,22.4875,False,0.0,False,0.0,True,0.250417,True,0.625208,True,0.750139,sentence-transformers/all-MiniLM-L6-v2,cosine,synthetic_by_construction
V2P0062,synthetic_positive,85,SYN_DUP_0085,Streetlight,Streetlight,True,Streetlight is not functioning.,The reported streetlight issue is that Streetlight is not functioning.,1,DUPLICATE,0.885247,5.822,0.980593,390.253,16.260542,False,0.0,False,0.0,True,0.457982,True,0.728991,True,0.819327,sentence-transformers/all-MiniLM-L6-v2,cosine,synthetic_by_construction
V2P0063,synthetic_positive,67,SYN_DUP_0067,Water Leakage,Water Leakage,True,Water is leaking from a pipeline.,A civic complaint has been raised because Water is leaking from a pipeline.,1,DUPLICATE,0.705007,43.222,0.855927,305.266,12.719417,False,0.0,True,0.09147,True,0.576019,True,0.78801,True,0.858673,sentence-transformers/all-MiniLM-L6-v2,cosine,synthetic_by_construction
V2P0064,synthetic_positive,52,SYN_DUP_0052,Waterlogging,Waterlogging,True,Rainwater has accumulated on the road.,People in the area have reported that Rainwater has accumulated on the road.,1,DUPLICATE,0.893478,22.982,0.923393,400.884,16.7035,False,0.0,False,0.0,True,0.443217,True,0.721608,True,0.814406,sentence-transformers/all-MiniLM-L6-v2,cosine,synthetic_by_construction
V2P0065,synthetic_positive,86,SYN_DUP_0086,Blocked Drain,Blocked Drain,True,Drain is blocked and water is not flowing.,Residents report a blocked drain problem: Drain has become blocked and water is not flowing.,1,DUPLICATE,0.804492,13.241,0.955863,677.643,28.235125,False,0.0,False,0.0,True,0.058829,True,0.529415,True,0.686276,sentence-transformers/all-MiniLM-L6-v2,cosine,synthetic_by_construction
V2P0066,synthetic_positive,71,SYN_DUP_0071,Garbage Accumulation,Garbage Accumulation,True,Garbage has accumulated near the roadside.,The reported garbage accumulation issue is that Garbage has accumulated near the roadside.,1,DUPLICATE,0.882909,93.067,0.689777,471.784,19.657667,False,0.0,False,0.0,True,0.344744,True,0.672372,True,0.781581,sentence-transformers/all-MiniLM-L6-v2,cosine,synthetic_by_construction
V2P0067,synthetic_positive,77,SYN_DUP_0077,Other,Other,True,An issue with public infrastructure has been noticed.,A civic complaint has been raised because An issue with public infrastructure has been noticed.,1,DUPLICATE,0.76061,99.964,0.666787,629.489,26.228708,False,0.0,False,0.0,True,0.12571,True,0.562855,True,0.70857,sentence-transformers/all-MiniLM-L6-v2,cosine,synthetic_by_construction
V2P0068,synthetic_positive,55,SYN_DUP_0055,Pothole,Pothole,True,Deep pothole noticed on the road.,People in the area have reported that Deep pothole noticed on the road.,1,DUPLICATE,0.917186,96.318,0.67894,636.482,26.520083,False,0.0,False,0.0,True,0.115997,True,0.557999,True,0.705332,sentence-transformers/all-MiniLM-L6-v2,cosine,synthetic_by_construction
V2P0069,synthetic_positive,53,SYN_DUP_0053,Road Damage,Road Damage,True,Road surface is damaged and needs repair.,Residents report a road damage problem: Road surface is damaged and requires repair.,1,DUPLICATE,0.834801,74.282,0.752393,285.996,11.9165,False,0.0,True,0.148821,True,0.602783,True,0.801392,True,0.867594,sentence-transformers/all-MiniLM-L6-v2,cosine,synthetic_by_construction
V2P0070,synthetic_positive,89,SYN_DUP_0089,Streetlight,Streetlight,True,Streetlight is not working at night.,The reported streetlight issue is that Streetlight is not working at night.,1,DUPLICATE,0.892582,52.932,0.82356,377.199,15.716625,False,0.0,False,0.0,True,0.476112,True,0.738056,True,0.825371,sentence-transformers/all-MiniLM-L6-v2,cosine,synthetic_by_construction
V2P0071,synthetic_positive,69,SYN_DUP_0069,Water Leakage,Water Leakage,True,A water pipeline appears to be leaking.,A civic complaint has been raised because A water pipeline appears to be leaking.,1,DUPLICATE,0.719303,113.26,0.622467,600.809,25.033708,False,0.0,False,0.0,True,0.165543,True,0.582772,True,0.721848,sentence-transformers/all-MiniLM-L6-v2,cosine,synthetic_by_construction
V2P0072,synthetic_positive,59,SYN_DUP_0059,Waterlogging,Waterlogging,True,Standing water is causing difficulty for commuters.,People in the area have reported that Standing water is causing difficulty for commuters.,1,DUPLICATE,0.95575,121.15,0.596167,696.44,29.018333,False,0.0,False,0.0,True,0.032722,True,0.516361,True,0.677574,sentence-transformers/all-MiniLM-L6-v2,cosine,synthetic_by_construction
V2P0073,synthetic_positive,88,SYN_DUP_0088,Blocked Drain,Blocked Drain,True,Drain requires cleaning and maintenance.,Residents report a blocked drain problem: Drain needs cleaning and maintenance.,1,DUPLICATE,0.756816,127.788,0.57404,564.564,23.5235,False,0.0,False,0.0,True,0.215883,True,0.607942,True,0.738628,sentence-transformers/all-MiniLM-L6-v2,cosine,synthetic_by_construction
V2P0074,synthetic_positive,75,SYN_DUP_0075,Garbage Accumulation,Garbage Accumulation,True,Garbage has not been collected from the area.,The reported garbage accumulation issue is that Garbage has not been collected from the area.,1,DUPLICATE,0.834432,114.835,0.617217,702.728,29.280333,False,0.0,False,0.0,True,0.023989,True,0.511994,True,0.674663,sentence-transformers/all-MiniLM-L6-v2,cosine,synthetic_by_construction
V2P0075,synthetic_positive,78,SYN_DUP_0078,Other,Other,True,A municipal issue has been reported.,A civic complaint has been raised because A municipal issue has been reported.,1,DUPLICATE,0.778488,127.11,0.5763,580.885,24.203542,False,0.0,False,0.0,True,0.193215,True,0.596608,True,0.731072,sentence-transformers/all-MiniLM-L6-v2,cosine,synthetic_by_construction
V2P0076,synthetic_positive,65,SYN_DUP_0065,Pothole,Pothole,True,Deep pothole noticed on the road.,People in the area have reported that Deep pothole noticed on the road.,1,DUPLICATE,0.917186,179.209,0.402637,445.578,18.56575,False,0.0,False,0.0,True,0.381142,True,0.690571,True,0.793714,sentence-transformers/all-MiniLM-L6-v2,cosine,synthetic_by_construction
V2P0077,synthetic_positive,56,SYN_DUP_0056,Road Damage,Road Damage,True,Damaged portion of road requires maintenance.,Residents report a road damage problem: Damaged portion of road requires maintenance.,1,DUPLICATE,0.874948,157.872,0.47376,698.35,29.097917,False,0.0,False,0.0,True,0.030069,True,0.515035,True,0.67669,sentence-transformers/all-MiniLM-L6-v2,cosine,synthetic_by_construction
V2P0078,synthetic_positive,95,SYN_DUP_0095,Streetlight,Streetlight,True,Streetlight requires repair.,The reported streetlight issue is that Streetlight requires repair.,1,DUPLICATE,0.903494,159.291,0.46903,496.463,20.685958,False,0.0,False,0.0,True,0.310468,True,0.655234,True,0.770156,sentence-transformers/all-MiniLM-L6-v2,cosine,synthetic_by_construction
V2P0079,synthetic_positive,74,SYN_DUP_0074,Water Leakage,Water Leakage,True,Water leakage is observed near the road.,A civic complaint has been raised because Water leakage is observed near the road.,1,DUPLICATE,0.726297,161.76,0.4608,234.186,9.75775,False,0.0,True,0.303018,True,0.674742,True,0.837371,True,0.891581,sentence-transformers/all-MiniLM-L6-v2,cosine,synthetic_by_construction
V2P0080,synthetic_positive,62,SYN_DUP_0062,Waterlogging,Waterlogging,True,Water is accumulated in the area.,People in the area have reported that Water is accumulated in the area.,1,DUPLICATE,0.887822,162.311,0.458963,496.179,20.674125,False,0.0,False,0.0,True,0.310863,True,0.655431,True,0.770288,sentence-transformers/all-MiniLM-L6-v2,cosine,synthetic_by_construction
V2P0081,synthetic_positive,102,SYN_DUP_0102,Blocked Drain,Blocked Drain,True,Drain is blocked and water is not flowing.,Residents report a blocked drain problem: Drain has become blocked and water is not flowing.,1,DUPLICATE,0.804492,220.961,0.263463,490.191,20.424625,False,0.0,False,0.0,True,0.319179,True,0.65959,True,0.77306,sentence-transformers/all-MiniLM-L6-v2,cosine,synthetic_by_construction
V2P0082,synthetic_positive,90,SYN_DUP_0090,Garbage Accumulation,Garbage Accumulation,True,Waste has been dumped near the road.,The reported garbage accumulation issue is that Waste has been dumped near the road.,1,DUPLICATE,0.857141,246.735,0.17755,280.759,11.698292,False,0.0,True,0.164408,True,0.610057,True,0.805028,True,0.870019,sentence-transformers/all-MiniLM-L6-v2,cosine,synthetic_by_construction
V2P0083,synthetic_positive,83,SYN_DUP_0083,Other,Other,True,An issue with public infrastructure has been noticed.,A civic complaint has been raised because An issue with public infrastructure has been noticed.,1,DUPLICATE,0.76061,211.934,0.293553,386.48,16.103333,False,0.0,False,0.0,True,0.463222,True,0.731611,True,0.821074,sentence-transformers/all-MiniLM-L6-v2,cosine,synthetic_by_construction
V2P0084,synthetic_positive,70,SYN_DUP_0070,Pothole,Pothole,True,Pothole is creating a safety problem for commuters.,People in the area have reported that Pothole is creating a safety problem for commuters.,1,DUPLICATE,0.954424,215.0,0.283333,342.537,14.272375,False,0.0,False,0.0,True,0.524254,True,0.762127,True,0.841418,sentence-transformers/all-MiniLM-L6-v2,cosine,synthetic_by_construction
V2P0085,synthetic_positive,61,SYN_DUP_0061,Road Damage,Road Damage,True,Damaged portion of road requires maintenance.,Residents report a road damage problem: Damaged portion of road requires maintenance.,1,DUPLICATE,0.874948,203.627,0.321243,420.979,17.540792,False,0.0,False,0.0,True,0.415307,True,0.707653,True,0.805102,sentence-transformers/all-MiniLM-L6-v2,cosine,synthetic_by_construction
V2P0086,synthetic_positive,100,SYN_DUP_0100,Streetlight,Streetlight,True,Streetlight requires repair.,The reported streetlight issue is that Streetlight requires repair.,1,DUPLICATE,0.903494,298.809,0.00397,208.449,8.685375,False,0.0,True,0.379616,True,0.710487,True,0.855244,True,0.903496,sentence-transformers/all-MiniLM-L6-v2,cosine,synthetic_by_construction
V2P0087,synthetic_positive,93,SYN_DUP_0093,Water Leakage,Water Leakage,True,A water pipeline appears to be leaking.,A civic complaint has been raised because A water pipeline appears to be leaking.,1,DUPLICATE,0.719303,262.995,0.12335,683.16,28.465,False,0.0,False,0.0,True,0.051167,True,0.525583,True,0.683722,sentence-transformers/all-MiniLM-L6-v2,cosine,synthetic_by_construction
V2P0088,synthetic_positive,63,SYN_DUP_0063,Waterlogging,Waterlogging,True,Standing water is causing difficulty for commuters.,People in the area have reported that Standing water is causing difficulty for commuters.,1,DUPLICATE,0.95575,293.084,0.023053,371.985,15.499375,False,0.0,False,0.0,True,0.483354,True,0.741677,True,0.827785,sentence-transformers/all-MiniLM-L6-v2,cosine,synthetic_by_construction
V2P0089,synthetic_positive,112,SYN_DUP_0112,Blocked Drain,Blocked Drain,True,Drain requires cleaning and maintenance.,Residents report a blocked drain problem: Drain needs cleaning and maintenance.,1,DUPLICATE,0.756816,290.854,0.030487,556.357,23.181542,False,0.0,False,0.0,True,0.227282,True,0.613641,True,0.742427,sentence-transformers/all-MiniLM-L6-v2,cosine,synthetic_by_construction
V2P0090,synthetic_positive,94,SYN_DUP_0094,Garbage Accumulation,Garbage Accumulation,True,Waste has been dumped near the road.,The reported garbage accumulation issue is that Waste has been dumped near the road.,1,DUPLICATE,0.857141,298.374,0.00542,528.998,22.041583,False,0.0,False,0.0,True,0.265281,True,0.63264,True,0.755094,sentence-transformers/all-MiniLM-L6-v2,cosine,synthetic_by_construction
V2P0091,synthetic_positive,101,SYN_DUP_0101,Other,Other,True,A municipal issue has been reported.,A civic complaint has been raised because A municipal issue has been reported.,1,DUPLICATE,0.778488,41.038,0.863207,935.56,38.981667,False,0.0,False,0.0,False,0.0,True,0.350306,True,0.56687,sentence-transformers/all-MiniLM-L6-v2,cosine,synthetic_by_construction
V2P0092,synthetic_positive,76,SYN_DUP_0076,Pothole,Pothole,True,Pothole is creating a safety problem for commuters.,People in the area have reported that Pothole is creating a safety problem for commuters.,1,DUPLICATE,0.954424,47.008,0.843307,816.698,34.029083,False,0.0,False,0.0,False,0.0,True,0.432849,True,0.621899,sentence-transformers/all-MiniLM-L6-v2,cosine,synthetic_by_construction
V2P0093,synthetic_positive,80,SYN_DUP_0080,Road Damage,Road Damage,True,Road surface is damaged and needs repair.,Residents report a road damage problem: Road surface is damaged and requires repair.,1,DUPLICATE,0.834801,6.245,0.979183,1118.325,46.596875,False,0.0,False,0.0,False,0.0,True,0.223385,True,0.482257,sentence-transformers/all-MiniLM-L6-v2,cosine,synthetic_by_construction
V2P0094,synthetic_positive,119,SYN_DUP_0119,Streetlight,Streetlight,True,Streetlight is not functioning.,The reported streetlight issue is that Streetlight is not functioning.,1,DUPLICATE,0.885247,30.637,0.897877,1236.684,51.5285,False,0.0,False,0.0,False,0.0,True,0.141192,True,0.427461,sentence-transformers/all-MiniLM-L6-v2,cosine,synthetic_by_construction
V2P0095,synthetic_positive,103,SYN_DUP_0103,Water Leakage,Water Leakage,True,Water is leaking from a pipeline.,A civic complaint has been raised because Water is leaking from a pipeline.,1,DUPLICATE,0.705007,32.078,0.893073,910.076,37.919833,False,0.0,False,0.0,False,0.0,True,0.368003,True,0.578669,sentence-transformers/all-MiniLM-L6-v2,cosine,synthetic_by_construction
V2P0096,synthetic_positive,72,SYN_DUP_0072,Waterlogging,Waterlogging,True,Standing water is causing difficulty for commuters.,People in the area have reported that Standing water is causing difficulty for commuters.,1,DUPLICATE,0.95575,95.267,0.682443,1329.196,55.383167,False,0.0,False,0.0,False,0.0,True,0.076947,True,0.384631,sentence-transformers/all-MiniLM-L6-v2,cosine,synthetic_by_construction
V2P0097,synthetic_positive,113,SYN_DUP_0113,Blocked Drain,Blocked Drain,True,Waste has blocked the drainage system.,Residents report a blocked drain problem: Waste has caused a blockage in the drainage system.,1,DUPLICATE,0.795258,71.179,0.762737,919.217,38.300708,False,0.0,False,0.0,False,0.0,True,0.361655,True,0.574437,sentence-transformers/all-MiniLM-L6-v2,cosine,synthetic_by_construction
V2P0098,synthetic_positive,98,SYN_DUP_0098,Garbage Accumulation,Garbage Accumulation,True,Garbage has accumulated near the roadside.,The reported garbage accumulation issue is that Garbage has accumulated near the roadside.,1,DUPLICATE,0.882909,88.556,0.704813,1178.725,49.113542,False,0.0,False,0.0,False,0.0,True,0.181441,True,0.454294,sentence-transformers/all-MiniLM-L6-v2,cosine,synthetic_by_construction
V2P0099,synthetic_positive,129,SYN_DUP_0129,Other,Other,True,A municipal service-related issue has been reported.,A civic complaint has been raised because A municipal service-related issue has been reported.,1,DUPLICATE,0.783722,87.062,0.709793,1117.214,46.550583,False,0.0,False,0.0,False,0.0,True,0.224157,True,0.482771,sentence-transformers/all-MiniLM-L6-v2,cosine,synthetic_by_construction
V2P0100,synthetic_positive,84,SYN_DUP_0084,Pothole,Pothole,True,Pothole is creating a safety problem for commuters.,People in the area have reported that Pothole is creating a safety problem for commuters.,1,DUPLICATE,0.954424,50.483,0.831723,774.185,32.257708,False,0.0,False,0.0,False,0.0,True,0.462372,True,0.641581,sentence-transformers/all-MiniLM-L6-v2,cosine,synthetic_by_construction
V2P0101,synthetic_positive,92,SYN_DUP_0092,Road Damage,Road Damage,True,Road has cracks and damaged portions.,Residents report a road damage problem: Road has cracks and damaged portions.,1,DUPLICATE,0.863641,145.196,0.516013,1112.83,46.367917,False,0.0,False,0.0,False,0.0,True,0.227201,True,0.484801,sentence-transformers/all-MiniLM-L6-v2,cosine,synthetic_by_construction
V2P0102,synthetic_positive,125,SYN_DUP_0125,Streetlight,Streetlight,True,Streetlight requires repair.,The reported streetlight issue is that Streetlight requires repair.,1,DUPLICATE,0.903494,129.125,0.569583,826.636,34.443167,False,0.0,False,0.0,False,0.0,True,0.425947,True,0.617298,sentence-transformers/all-MiniLM-L6-v2,cosine,synthetic_by_construction
V2P0103,synthetic_positive,109,SYN_DUP_0109,Water Leakage,Water Leakage,True,Water leakage is observed near the road.,A civic complaint has been raised because Water leakage is observed near the road.,1,DUPLICATE,0.726297,115.413,0.61529,1367.268,56.9695,False,0.0,False,0.0,False,0.0,True,0.050508,True,0.367006,sentence-transformers/all-MiniLM-L6-v2,cosine,synthetic_by_construction
V2P0104,synthetic_positive,82,SYN_DUP_0082,Waterlogging,Waterlogging,True,Standing water is causing difficulty for commuters.,People in the area have reported that Standing water is causing difficulty for commuters.,1,DUPLICATE,0.95575,143.035,0.523217,1367.227,56.967792,False,0.0,False,0.0,False,0.0,True,0.050537,True,0.367025,sentence-transformers/all-MiniLM-L6-v2,cosine,synthetic_by_construction
V2P0105,synthetic_positive,114,SYN_DUP_0114,Blocked Drain,Blocked Drain,True,Waste has blocked the drainage system.,Residents report a blocked drain problem: Waste has caused a blockage in the drainage system.,1,DUPLICATE,0.795258,112.476,0.62508,794.02,33.084167,False,0.0,False,0.0,False,0.0,True,0.448597,True,0.632398,sentence-transformers/all-MiniLM-L6-v2,cosine,synthetic_by_construction
V2P0106,synthetic_positive,118,SYN_DUP_0118,Garbage Accumulation,Garbage Accumulation,True,Waste has been dumped near the road.,The reported garbage accumulation issue is that Waste has been dumped near the road.,1,DUPLICATE,0.857141,194.207,0.352643,1012.598,42.191583,False,0.0,False,0.0,False,0.0,True,0.296807,True,0.531205,sentence-transformers/all-MiniLM-L6-v2,cosine,synthetic_by_construction
V2P0107,synthetic_positive,139,SYN_DUP_0139,Other,Other,True,A municipal service-related issue has been reported.,A civic complaint has been raised because A municipal service-related issue has been reported.,1,DUPLICATE,0.783722,157.728,0.47424,1389.515,57.896458,False,0.0,False,0.0,False,0.0,True,0.035059,True,0.356706,sentence-transformers/all-MiniLM-L6-v2,cosine,synthetic_by_construction
V2P0108,synthetic_positive,87,SYN_DUP_0087,Pothole,Pothole,True,Large pothole causing difficulty for vehicles.,People in the area have reported that Large pothole causing difficulty for vehicles.,1,DUPLICATE,0.925876,198.81,0.3373,1303.758,54.32325,False,0.0,False,0.0,False,0.0,True,0.094612,True,0.396408,sentence-transformers/all-MiniLM-L6-v2,cosine,synthetic_by_construction
V2P0109,synthetic_positive,104,SYN_DUP_0104,Road Damage,Road Damage,True,Road has cracks and damaged portions.,Residents report a road damage problem: Road has cracks and damaged portions.,1,DUPLICATE,0.863641,151.239,0.49587,1250.329,52.097042,False,0.0,False,0.0,False,0.0,True,0.131716,True,0.421144,sentence-transformers/all-MiniLM-L6-v2,cosine,synthetic_by_construction
V2P0110,synthetic_positive,128,SYN_DUP_0128,Streetlight,Streetlight,True,Streetlight is not working at night.,The reported streetlight issue is that Streetlight is not working at night.,1,DUPLICATE,0.892582,196.541,0.344863,1297.611,54.067125,False,0.0,False,0.0,False,0.0,True,0.098881,True,0.399254,sentence-transformers/all-MiniLM-L6-v2,cosine,synthetic_by_construction
V2P0111,synthetic_positive,111,SYN_DUP_0111,Water Leakage,Water Leakage,True,A water pipeline appears to be leaking.,A civic complaint has been raised because A water pipeline appears to be leaking.,1,DUPLICATE,0.719303,240.537,0.19821,912.107,38.004458,False,0.0,False,0.0,False,0.0,True,0.366592,True,0.577728,sentence-transformers/all-MiniLM-L6-v2,cosine,synthetic_by_construction
V2P0112,synthetic_positive,91,SYN_DUP_0091,Waterlogging,Waterlogging,True,Water is accumulated in the area.,People in the area have reported that Water is accumulated in the area.,1,DUPLICATE,0.887822,205.405,0.315317,1347.961,56.165042,False,0.0,False,0.0,False,0.0,True,0.063916,True,0.375944,sentence-transformers/all-MiniLM-L6-v2,cosine,synthetic_by_construction
V2P0113,synthetic_positive,120,SYN_DUP_0120,Blocked Drain,Blocked Drain,True,Drain is blocked and water is not flowing.,Residents report a blocked drain problem: Drain has become blocked and water is not flowing.,1,DUPLICATE,0.804492,211.122,0.29626,1307.944,54.497667,False,0.0,False,0.0,False,0.0,True,0.091706,True,0.39447,sentence-transformers/all-MiniLM-L6-v2,cosine,synthetic_by_construction
V2P0114,synthetic_positive,123,SYN_DUP_0123,Garbage Accumulation,Garbage Accumulation,True,Garbage has not been collected from the area.,The reported garbage accumulation issue is that Garbage has not been collected from the area.,1,DUPLICATE,0.834432,215.26,0.282467,1292.651,53.860458,False,0.0,False,0.0,False,0.0,True,0.102326,True,0.40155,sentence-transformers/all-MiniLM-L6-v2,cosine,synthetic_by_construction
V2P0115,synthetic_positive,141,SYN_DUP_0141,Other,Other,True,A municipal issue has been reported.,A civic complaint has been raised because A municipal issue has been reported.,1,DUPLICATE,0.778488,201.183,0.32939,859.062,35.79425,False,0.0,False,0.0,False,0.0,True,0.403429,True,0.602286,sentence-transformers/all-MiniLM-L6-v2,cosine,synthetic_by_construction
V2P0116,synthetic_positive,96,SYN_DUP_0096,Pothole,Pothole,True,Pothole is creating a safety problem for commuters.,People in the area have reported that Pothole is creating a safety problem for commuters.,1,DUPLICATE,0.954424,292.353,0.02549,1416.16,59.006667,False,0.0,False,0.0,False,0.0,True,0.016556,True,0.34437,sentence-transformers/all-MiniLM-L6-v2,cosine,synthetic_by_construction
V2P0117,synthetic_positive,105,SYN_DUP_0105,Road Damage,Road Damage,True,Road surface is damaged and needs repair.,Residents report a road damage problem: Road surface is damaged and requires repair.,1,DUPLICATE,0.834801,281.433,0.06189,1007.774,41.990583,False,0.0,False,0.0,False,0.0,True,0.300157,True,0.533438,sentence-transformers/all-MiniLM-L6-v2,cosine,synthetic_by_construction
V2P0118,synthetic_positive,137,SYN_DUP_0137,Streetlight,Streetlight,True,Streetlight is not functioning.,The reported streetlight issue is that Streetlight is not functioning.,1,DUPLICATE,0.885247,276.275,0.079083,1396.251,58.177125,False,0.0,False,0.0,False,0.0,True,0.030381,True,0.353588,sentence-transformers/all-MiniLM-L6-v2,cosine,synthetic_by_construction
V2P0119,synthetic_positive,122,SYN_DUP_0122,Water Leakage,Water Leakage,True,A water pipeline appears to be leaking.,A civic complaint has been raised because A water pipeline appears to be leaking.,1,DUPLICATE,0.719303,297.55,0.008167,848.577,35.357375,False,0.0,False,0.0,False,0.0,True,0.41071,True,0.60714,sentence-transformers/all-MiniLM-L6-v2,cosine,synthetic_by_construction
V2P0120,synthetic_positive,97,SYN_DUP_0097,Waterlogging,Waterlogging,True,Standing water is causing difficulty for commuters.,People in the area have reported that Standing water is causing difficulty for commuters.,1,DUPLICATE,0.95575,263.008,0.123307,798.059,33.252458,False,0.0,False,0.0,False,0.0,True,0.445792,True,0.630528,sentence-transformers/all-MiniLM-L6-v2,cosine,synthetic_by_construction
V2P0121,synthetic_positive,121,SYN_DUP_0121,Blocked Drain,Blocked Drain,True,Drain requires cleaning and maintenance.,Residents report a blocked drain problem: Drain needs cleaning and maintenance.,1,DUPLICATE,0.756816,36.699,0.87767,1665.855,69.410625,False,0.0,False,0.0,False,0.0,False,0.0,True,0.228771,sentence-transformers/all-MiniLM-L6-v2,cosine,synthetic_by_construction
V2P0122,synthetic_positive,126,SYN_DUP_0126,Garbage Accumulation,Garbage Accumulation,True,Garbage has not been collected from the area.,The reported garbage accumulation issue is that Garbage has not been collected from the area.,1,DUPLICATE,0.834432,26.06,0.913133,1717.347,71.556125,False,0.0,False,0.0,False,0.0,False,0.0,True,0.204932,sentence-transformers/all-MiniLM-L6-v2,cosine,synthetic_by_construction
V2P0123,synthetic_positive,144,SYN_DUP_0144,Other,Other,True,An issue with public infrastructure has been noticed.,A civic complaint has been raised because An issue with public infrastructure has been noticed.,1,DUPLICATE,0.76061,13.481,0.955063,1950.328,81.263667,False,0.0,False,0.0,False,0.0,False,0.0,True,0.09707,sentence-transformers/all-MiniLM-L6-v2,cosine,synthetic_by_construction
V2P0124,synthetic_positive,99,SYN_DUP_0099,Pothole,Pothole,True,Deep pothole noticed on the road.,People in the area have reported that Deep pothole noticed on the road.,1,DUPLICATE,0.917186,46.353,0.84549,1827.69,76.15375,False,0.0,False,0.0,False,0.0,False,0.0,True,0.153847,sentence-transformers/all-MiniLM-L6-v2,cosine,synthetic_by_construction
V2P0125,synthetic_positive,107,SYN_DUP_0107,Road Damage,Road Damage,True,Road has cracks and damaged portions.,Residents report a road damage problem: Road has cracks and damaged portions.,1,DUPLICATE,0.863641,37.356,0.87548,1922.856,80.119,False,0.0,False,0.0,False,0.0,False,0.0,True,0.109789,sentence-transformers/all-MiniLM-L6-v2,cosine,synthetic_by_construction
V2P0126,synthetic_positive,140,SYN_DUP_0140,Streetlight,Streetlight,True,Streetlight is not functioning.,The reported streetlight issue is that Streetlight is not functioning.,1,DUPLICATE,0.885247,53.499,0.82167,1918.254,79.92725,False,0.0,False,0.0,False,0.0,False,0.0,True,0.111919,sentence-transformers/all-MiniLM-L6-v2,cosine,synthetic_by_construction
V2P0127,synthetic_positive,134,SYN_DUP_0134,Water Leakage,Water Leakage,True,Water is leaking from a pipeline.,A civic complaint has been raised because Water is leaking from a pipeline.,1,DUPLICATE,0.705007,65.696,0.781013,2050.573,85.440542,False,0.0,False,0.0,False,0.0,False,0.0,True,0.050661,sentence-transformers/all-MiniLM-L6-v2,cosine,synthetic_by_construction
V2P0128,synthetic_positive,106,SYN_DUP_0106,Waterlogging,Waterlogging,True,Standing water is causing difficulty for commuters.,People in the area have reported that Standing water is causing difficulty for commuters.,1,DUPLICATE,0.95575,65.016,0.78328,1662.692,69.278833,False,0.0,False,0.0,False,0.0,False,0.0,True,0.230235,sentence-transformers/all-MiniLM-L6-v2,cosine,synthetic_by_construction
V2P0129,synthetic_positive,135,SYN_DUP_0135,Blocked Drain,Blocked Drain,True,Waste has blocked the drainage system.,Residents report a blocked drain problem: Waste has caused a blockage in the drainage system.,1,DUPLICATE,0.795258,70.12,0.766267,1652.879,68.869958,False,0.0,False,0.0,False,0.0,False,0.0,True,0.234778,sentence-transformers/all-MiniLM-L6-v2,cosine,synthetic_by_construction
V2P0130,synthetic_positive,127,SYN_DUP_0127,Garbage Accumulation,Garbage Accumulation,True,Garbage has accumulated near the roadside.,The reported garbage accumulation issue is that Garbage has accumulated near the roadside.,1,DUPLICATE,0.882909,71.022,0.76326,2117.062,88.210917,False,0.0,False,0.0,False,0.0,False,0.0,True,0.019879,sentence-transformers/all-MiniLM-L6-v2,cosine,synthetic_by_construction
V2P0131,synthetic_positive,158,SYN_DUP_0158,Other,Other,True,An issue with public infrastructure has been noticed.,A civic complaint has been raised because An issue with public infrastructure has been noticed.,1,DUPLICATE,0.76061,145.14,0.5162,1883.175,78.465625,False,0.0,False,0.0,False,0.0,False,0.0,True,0.12816,sentence-transformers/all-MiniLM-L6-v2,cosine,synthetic_by_construction
V2P0132,synthetic_positive,110,SYN_DUP_0110,Pothole,Pothole,True,Large pothole causing difficulty for vehicles.,People in the area have reported that Large pothole causing difficulty for vehicles.,1,DUPLICATE,0.925876,127.397,0.575343,1440.302,60.012583,False,0.0,False,0.0,False,0.0,False,0.0,True,0.333194,sentence-transformers/all-MiniLM-L6-v2,cosine,synthetic_by_construction
V2P0133,synthetic_positive,116,SYN_DUP_0116,Road Damage,Road Damage,True,Road has cracks and damaged portions.,Residents report a road damage problem: Road has cracks and damaged portions.,1,DUPLICATE,0.863641,121.494,0.59502,1857.593,77.399708,False,0.0,False,0.0,False,0.0,False,0.0,True,0.140003,sentence-transformers/all-MiniLM-L6-v2,cosine,synthetic_by_construction
V2P0134,synthetic_positive,145,SYN_DUP_0145,Streetlight,Streetlight,True,Streetlight is not functioning.,The reported streetlight issue is that Streetlight is not functioning.,1,DUPLICATE,0.885247,123.249,0.58917,1758.361,73.265042,False,0.0,False,0.0,False,0.0,False,0.0,True,0.185944,sentence-transformers/all-MiniLM-L6-v2,cosine,synthetic_by_construction
V2P0135,synthetic_positive,156,SYN_DUP_0156,Water Leakage,Water Leakage,True,Water is leaking from a pipeline.,A civic complaint has been raised because Water is leaking from a pipeline.,1,DUPLICATE,0.705007,123.659,0.587803,2088.851,87.035458,False,0.0,False,0.0,False,0.0,False,0.0,True,0.032939,sentence-transformers/all-MiniLM-L6-v2,cosine,synthetic_by_construction
V2P0136,synthetic_positive,108,SYN_DUP_0108,Waterlogging,Waterlogging,True,Water is accumulated in the area.,People in the area have reported that Water is accumulated in the area.,1,DUPLICATE,0.887822,158.485,0.471717,1501.062,62.54425,False,0.0,False,0.0,False,0.0,False,0.0,True,0.305064,sentence-transformers/all-MiniLM-L6-v2,cosine,synthetic_by_construction
V2P0137,synthetic_positive,147,SYN_DUP_0147,Blocked Drain,Blocked Drain,True,Drain requires cleaning and maintenance.,Residents report a blocked drain problem: Drain needs cleaning and maintenance.,1,DUPLICATE,0.756816,181.647,0.39451,1681.342,70.055917,False,0.0,False,0.0,False,0.0,False,0.0,True,0.221601,sentence-transformers/all-MiniLM-L6-v2,cosine,synthetic_by_construction
V2P0138,synthetic_positive,143,SYN_DUP_0143,Garbage Accumulation,Garbage Accumulation,True,Waste has been dumped near the road.,The reported garbage accumulation issue is that Waste has been dumped near the road.,1,DUPLICATE,0.857141,187.557,0.37481,1924.416,80.184,False,0.0,False,0.0,False,0.0,False,0.0,True,0.109067,sentence-transformers/all-MiniLM-L6-v2,cosine,synthetic_by_construction
V2P0139,synthetic_positive,162,SYN_DUP_0162,Other,Other,True,An issue with public infrastructure has been noticed.,A civic complaint has been raised because An issue with public infrastructure has been noticed.,1,DUPLICATE,0.76061,159.956,0.466813,1457.596,60.733167,False,0.0,False,0.0,False,0.0,False,0.0,True,0.325187,sentence-transformers/all-MiniLM-L6-v2,cosine,synthetic_by_construction
V2P0140,synthetic_positive,117,SYN_DUP_0117,Pothole,Pothole,True,Large pothole causing difficulty for vehicles.,People in the area have reported that Large pothole causing difficulty for vehicles.,1,DUPLICATE,0.925876,173.757,0.42081,2051.813,85.492208,False,0.0,False,0.0,False,0.0,False,0.0,True,0.050087,sentence-transformers/all-MiniLM-L6-v2,cosine,synthetic_by_construction
V2P0141,synthetic_positive,124,SYN_DUP_0124,Road Damage,Road Damage,True,Road surface is damaged and needs repair.,Residents report a road damage problem: Road surface is damaged and requires repair.,1,DUPLICATE,0.834801,220.722,0.26426,1893.435,78.893125,False,0.0,False,0.0,False,0.0,False,0.0,True,0.12341,sentence-transformers/all-MiniLM-L6-v2,cosine,synthetic_by_construction
V2P0142,synthetic_positive,150,SYN_DUP_0150,Streetlight,Streetlight,True,Streetlight is not functioning.,The reported streetlight issue is that Streetlight is not functioning.,1,DUPLICATE,0.885247,234.818,0.217273,1795.957,74.831542,False,0.0,False,0.0,False,0.0,False,0.0,True,0.168538,sentence-transformers/all-MiniLM-L6-v2,cosine,synthetic_by_construction
V2P0143,synthetic_positive,160,SYN_DUP_0160,Water Leakage,Water Leakage,True,A water pipeline appears to be leaking.,A civic complaint has been raised because A water pipeline appears to be leaking.,1,DUPLICATE,0.719303,232.803,0.22399,1444.002,60.16675,False,0.0,False,0.0,False,0.0,False,0.0,True,0.331481,sentence-transformers/all-MiniLM-L6-v2,cosine,synthetic_by_construction
V2P0144,synthetic_positive,115,SYN_DUP_0115,Waterlogging,Waterlogging,True,Standing water is causing difficulty for commuters.,People in the area have reported that Standing water is causing difficulty for commuters.,1,DUPLICATE,0.95575,238.502,0.204993,1516.752,63.198,False,0.0,False,0.0,False,0.0,False,0.0,True,0.2978,sentence-transformers/all-MiniLM-L6-v2,cosine,synthetic_by_construction
V2P0145,synthetic_positive,151,SYN_DUP_0151,Blocked Drain,Blocked Drain,True,Drain requires cleaning and maintenance.,Residents report a blocked drain problem: Drain needs cleaning and maintenance.,1,DUPLICATE,0.756816,208.794,0.30402,2129.736,88.739,False,0.0,False,0.0,False,0.0,False,0.0,True,0.014011,sentence-transformers/all-MiniLM-L6-v2,cosine,synthetic_by_construction
V2P0146,synthetic_positive,149,SYN_DUP_0149,Garbage Accumulation,Garbage Accumulation,True,Garbage has not been collected from the area.,The reported garbage accumulation issue is that Garbage has not been collected from the area.,1,DUPLICATE,0.834432,252.461,0.158463,1619.43,67.47625,False,0.0,False,0.0,False,0.0,False,0.0,True,0.250264,sentence-transformers/all-MiniLM-L6-v2,cosine,synthetic_by_construction
V2P0147,synthetic_positive,176,SYN_DUP_0176,Other,Other,True,A municipal service-related issue has been reported.,A civic complaint has been raised because A municipal service-related issue has been reported.,1,DUPLICATE,0.783722,272.367,0.09211,2017.022,84.042583,False,0.0,False,0.0,False,0.0,False,0.0,True,0.066194,sentence-transformers/all-MiniLM-L6-v2,cosine,synthetic_by_construction
V2P0148,synthetic_positive,130,SYN_DUP_0130,Pothole,Pothole,True,Pothole is creating a safety problem for commuters.,People in the area have reported that Pothole is creating a safety problem for commuters.,1,DUPLICATE,0.954424,298.407,0.00531,1868.73,77.86375,False,0.0,False,0.0,False,0.0,False,0.0,True,0.134847,sentence-transformers/all-MiniLM-L6-v2,cosine,synthetic_by_construction
V2P0149,synthetic_positive,131,SYN_DUP_0131,Road Damage,Road Damage,True,Road surface is damaged and needs repair.,Residents report a road damage problem: Road surface is damaged and requires repair.,1,DUPLICATE,0.834801,293.68,0.021067,1881.114,78.37975,False,0.0,False,0.0,False,0.0,False,0.0,True,0.129114,sentence-transformers/all-MiniLM-L6-v2,cosine,synthetic_by_construction
V2P0150,synthetic_positive,153,SYN_DUP_0153,Streetlight,Streetlight,True,Streetlight is not functioning.,The reported streetlight issue is that Streetlight is not functioning.,1,DUPLICATE,0.885247,274.734,0.08422,2038.011,84.917125,False,0.0,False,0.0,False,0.0,False,0.0,True,0.056476,sentence-transformers/all-MiniLM-L6-v2,cosine,synthetic_by_construction
V2N0151,synthetic_negative_same_category,1,4,Waterlogging,Waterlogging,True,Standing water is causing difficulty for commuters.,Water is accumulated in the area.,0,NON_DUPLICATE,0.475846,44.963,0.850123,53.607,2.233625,True,0.680911,True,0.840455,True,0.925546,True,0.962773,True,0.975182,sentence-transformers/all-MiniLM-L6-v2,cosine,synthetic_by_construction
V2N0152,synthetic_negative_same_category,3,321,Pothole,Pothole,True,Large pothole causing difficulty for vehicles.,Pothole is creating a safety problem for commuters.,0,NON_DUPLICATE,0.780351,13.7,0.954333,17.989,0.749542,True,0.892923,True,0.946461,True,0.975015,True,0.987508,True,0.991672,sentence-transformers/all-MiniLM-L6-v2,cosine,synthetic_by_construction
V2N0153,synthetic_negative_same_category,5,497,Streetlight,Streetlight,True,Streetlight is not functioning.,Streetlight requires repair.,0,NON_DUPLICATE,0.813195,38.525,0.871583,37.653,1.568875,True,0.775875,True,0.887938,True,0.947704,True,0.973852,True,0.982568,sentence-transformers/all-MiniLM-L6-v2,cosine,synthetic_by_construction
V2N0154,synthetic_negative_same_category,8,484,Water Leakage,Water Leakage,True,Water is leaking from a pipeline.,A water pipeline appears to be leaking.,0,NON_DUPLICATE,0.94209,14.455,0.951817,5.809,0.242042,True,0.965423,True,0.982711,True,0.991932,True,0.995966,True,0.997311,sentence-transformers/all-MiniLM-L6-v2,cosine,synthetic_by_construction
V2N0155,synthetic_negative_same_category,11,273,Road Damage,Road Damage,True,Damaged portion of road requires maintenance.,Road has cracks and damaged portions.,0,NON_DUPLICATE,0.769242,14.314,0.952287,23.189,0.966208,True,0.86197,True,0.930985,True,0.967793,True,0.983897,True,0.989264,sentence-transformers/all-MiniLM-L6-v2,cosine,synthetic_by_construction
V2N0156,synthetic_negative_same_category,14,167,Road Damage,Road Damage,True,Damaged portion of road requires maintenance.,Road has cracks and damaged portions.,0,NON_DUPLICATE,0.769242,56.919,0.81027,16.843,0.701792,True,0.899744,True,0.949872,True,0.976607,True,0.988303,True,0.992202,sentence-transformers/all-MiniLM-L6-v2,cosine,synthetic_by_construction
V2N0157,synthetic_negative_same_category,17,64,Garbage Accumulation,Garbage Accumulation,True,Waste has been dumped near the road.,Garbage has accumulated near the roadside.,0,NON_DUPLICATE,0.764725,85.321,0.715597,4.858,0.202417,True,0.971083,True,0.985542,True,0.993253,True,0.996626,True,0.997751,sentence-transformers/all-MiniLM-L6-v2,cosine,synthetic_by_construction
V2N0158,synthetic_negative_same_category,19,423,Blocked Drain,Blocked Drain,True,Waste has blocked the drainage system.,Drain is blocked and water is not flowing.,0,NON_DUPLICATE,0.603611,77.131,0.742897,30.082,1.253417,True,0.82094,True,0.91047,True,0.958219,True,0.97911,True,0.986073,sentence-transformers/all-MiniLM-L6-v2,cosine,synthetic_by_construction
V2N0159,synthetic_negative_same_category,22,442,Garbage Accumulation,Garbage Accumulation,True,Garbage has accumulated near the roadside.,Waste has been dumped near the road.,0,NON_DUPLICATE,0.764725,71.007,0.76331,65.172,2.7155,True,0.612071,True,0.806036,True,0.909483,True,0.954742,True,0.969828,sentence-transformers/all-MiniLM-L6-v2,cosine,synthetic_by_construction
V2N0160,synthetic_negative_same_category,25,320,Road Damage,Road Damage,True,Road surface is damaged and needs repair.,Road has cracks and damaged portions.,0,NON_DUPLICATE,0.749701,84.776,0.717413,61.721,2.571708,True,0.632613,True,0.816307,True,0.914276,True,0.957138,True,0.971425,sentence-transformers/all-MiniLM-L6-v2,cosine,synthetic_by_construction
V2N0161,synthetic_negative_same_category,27,463,Pothole,Pothole,True,Large pothole causing difficulty for vehicles.,Deep pothole noticed on the road.,0,NON_DUPLICATE,0.733758,119.019,0.60327,0.673,0.028042,True,0.995994,True,0.997997,True,0.999065,True,0.999533,True,0.999688,sentence-transformers/all-MiniLM-L6-v2,cosine,synthetic_by_construction
V2N0162,synthetic_negative_same_category,30,294,Garbage Accumulation,Garbage Accumulation,True,Garbage has accumulated near the roadside.,Waste has been dumped near the road.,0,NON_DUPLICATE,0.764725,137.674,0.541087,61.485,2.561875,True,0.634018,True,0.817009,True,0.914604,True,0.957302,True,0.971535,sentence-transformers/all-MiniLM-L6-v2,cosine,synthetic_by_construction
V2N0163,synthetic_negative_same_category,33,44,Garbage Accumulation,Garbage Accumulation,True,Garbage has not been collected from the area.,Garbage has accumulated near the roadside.,0,NON_DUPLICATE,0.662968,120.951,0.59683,53.884,2.245167,True,0.679262,True,0.839631,True,0.925161,True,0.962581,True,0.975054,sentence-transformers/all-MiniLM-L6-v2,cosine,synthetic_by_construction
V2N0164,synthetic_negative_same_category,35,429,Other,Other,True,A municipal service-related issue has been reported.,An issue with public infrastructure has been noticed.,0,NON_DUPLICATE,0.555682,130.163,0.566123,16.074,0.66975,True,0.904321,True,0.952161,True,0.977675,True,0.988838,True,0.992558,sentence-transformers/all-MiniLM-L6-v2,cosine,synthetic_by_construction
V2N0165,synthetic_negative_same_category,38,325,Garbage Accumulation,Garbage Accumulation,True,Waste has been dumped near the road.,Garbage has accumulated near the roadside.,0,NON_DUPLICATE,0.764725,121.792,0.594027,2.333,0.097208,True,0.986113,True,0.993057,True,0.99676,True,0.99838,True,0.99892,sentence-transformers/all-MiniLM-L6-v2,cosine,synthetic_by_construction
V2N0166,synthetic_negative_same_category,41,190,Garbage Accumulation,Garbage Accumulation,True,Waste has been dumped near the road.,Garbage has accumulated near the roadside.,0,NON_DUPLICATE,0.764725,183.957,0.38681,29.26,1.219167,True,0.825833,True,0.912917,True,0.959361,True,0.979681,True,0.986454,sentence-transformers/all-MiniLM-L6-v2,cosine,synthetic_by_construction
V2N0167,synthetic_negative_same_category,44,207,Garbage Accumulation,Garbage Accumulation,True,Garbage has accumulated near the roadside.,Garbage has not been collected from the area.,0,NON_DUPLICATE,0.662968,173.37,0.4221,9.407,0.391958,True,0.944006,True,0.972003,True,0.986935,True,0.993467,True,0.995645,sentence-transformers/all-MiniLM-L6-v2,cosine,synthetic_by_construction
V2N0168,synthetic_negative_same_category,46,371,Waterlogging,Waterlogging,True,Standing water is causing difficulty for commuters.,Water is accumulated in the area.,0,NON_DUPLICATE,0.475846,151.348,0.495507,28.521,1.188375,True,0.830232,True,0.915116,True,0.960388,True,0.980194,True,0.986796,sentence-transformers/all-MiniLM-L6-v2,cosine,synthetic_by_construction
V2N0169,synthetic_negative_same_category,49,163,Streetlight,Streetlight,True,Streetlight requires repair.,Streetlight is not working at night.,0,NON_DUPLICATE,0.717382,151.355,0.495483,46.367,1.931958,True,0.724006,True,0.862003,True,0.935601,True,0.967801,True,0.978534,sentence-transformers/all-MiniLM-L6-v2,cosine,synthetic_by_construction
V2N0170,synthetic_negative_same_category,51,467,Other,Other,True,A municipal service-related issue has been reported.,An issue with public infrastructure has been noticed.,0,NON_DUPLICATE,0.555682,173.085,0.42305,3.858,0.16075,True,0.977036,True,0.988518,True,0.994642,True,0.997321,True,0.998214,sentence-transformers/all-MiniLM-L6-v2,cosine,synthetic_by_construction
V2N0171,synthetic_negative_same_category,54,348,Blocked Drain,Blocked Drain,True,Drain is blocked and water is not flowing.,Drain requires cleaning and maintenance.,0,NON_DUPLICATE,0.592991,210.583,0.298057,23.701,0.987542,True,0.858923,True,0.929461,True,0.967082,True,0.983541,True,0.989027,sentence-transformers/all-MiniLM-L6-v2,cosine,synthetic_by_construction
V2N0172,synthetic_negative_same_category,57,150,Streetlight,Streetlight,True,Streetlight requires repair.,Streetlight is not functioning.,0,NON_DUPLICATE,0.813195,218.956,0.270147,54.207,2.258625,True,0.677339,True,0.83867,True,0.924712,True,0.962356,True,0.974904,sentence-transformers/all-MiniLM-L6-v2,cosine,synthetic_by_construction
V2N0173,synthetic_negative_same_category,60,172,Blocked Drain,Blocked Drain,True,Drain requires cleaning and maintenance.,Waste has blocked the drainage system.,0,NON_DUPLICATE,0.620264,212.614,0.291287,6.127,0.255292,True,0.96353,True,0.981765,True,0.99149,True,0.995745,True,0.997163,sentence-transformers/all-MiniLM-L6-v2,cosine,synthetic_by_construction
V2N0174,synthetic_negative_same_category,63,211,Waterlogging,Waterlogging,True,Standing water is causing difficulty for commuters.,Rainwater has accumulated on the road.,0,NON_DUPLICATE,0.410477,226.971,0.24343,71.993,2.999708,True,0.57147,True,0.785735,True,0.90001,True,0.950005,True,0.96667,sentence-transformers/all-MiniLM-L6-v2,cosine,synthetic_by_construction
V2N0175,synthetic_negative_same_category,65,424,Pothole,Pothole,True,Deep pothole noticed on the road.,Pothole is creating a safety problem for commuters.,0,NON_DUPLICATE,0.616973,232.507,0.224977,56.303,2.345958,True,0.664863,True,0.832432,True,0.921801,True,0.960901,True,0.973934,sentence-transformers/all-MiniLM-L6-v2,cosine,synthetic_by_construction
V2N0176,synthetic_negative_same_category,68,398,Other,Other,True,A municipal issue has been reported.,A municipal service-related issue has been reported.,0,NON_DUPLICATE,0.865634,286.957,0.043477,68.385,2.849375,True,0.592946,True,0.796473,True,0.905021,True,0.95251,True,0.96834,sentence-transformers/all-MiniLM-L6-v2,cosine,synthetic_by_construction
V2N0177,synthetic_negative_same_category,71,264,Garbage Accumulation,Garbage Accumulation,True,Garbage has accumulated near the roadside.,Waste has been dumped near the road.,0,NON_DUPLICATE,0.764725,250.999,0.163337,11.183,0.465958,True,0.933435,True,0.966717,True,0.984468,True,0.992234,True,0.994823,sentence-transformers/all-MiniLM-L6-v2,cosine,synthetic_by_construction
V2N0178,synthetic_negative_same_category,74,300,Water Leakage,Water Leakage,True,Water leakage is observed near the road.,A water pipeline appears to be leaking.,0,NON_DUPLICATE,0.560074,282.803,0.057323,40.715,1.696458,True,0.757649,True,0.878824,True,0.943451,True,0.971726,True,0.98115,sentence-transformers/all-MiniLM-L6-v2,cosine,synthetic_by_construction
V2N0179,synthetic_negative_same_category,77,219,Other,Other,True,An issue with public infrastructure has been noticed.,A municipal service-related issue has been reported.,0,NON_DUPLICATE,0.555682,284.274,0.05242,55.275,2.303125,True,0.670982,True,0.835491,True,0.923229,True,0.961615,True,0.97441,sentence-transformers/all-MiniLM-L6-v2,cosine,synthetic_by_construction
V2N0180,synthetic_negative_same_category,80,253,Road Damage,Road Damage,True,Road surface is damaged and needs repair.,Damaged portion of road requires maintenance.,0,NON_DUPLICATE,0.805856,279.755,0.067483,53.914,2.246417,True,0.679083,True,0.839542,True,0.925119,True,0.96256,True,0.97504,sentence-transformers/all-MiniLM-L6-v2,cosine,synthetic_by_construction
V2N0181,synthetic_negative_same_category,83,323,Other,Other,True,An issue with public infrastructure has been noticed.,A municipal issue has been reported.,0,NON_DUPLICATE,0.599418,41.146,0.862847,164.614,6.858917,True,0.020155,True,0.510077,True,0.771369,True,0.885685,True,0.92379,sentence-transformers/all-MiniLM-L6-v2,cosine,synthetic_by_construction
V2N0182,synthetic_negative_same_category,86,242,Blocked Drain,Blocked Drain,True,Drain is blocked and water is not flowing.,Drain requires cleaning and maintenance.,0,NON_DUPLICATE,0.592991,2.258,0.992473,101.955,4.248125,True,0.393125,True,0.696562,True,0.858396,True,0.929198,True,0.952799,sentence-transformers/all-MiniLM-L6-v2,cosine,synthetic_by_construction
V2N0183,synthetic_negative_same_category,89,244,Streetlight,Streetlight,True,Streetlight is not working at night.,Streetlight requires repair.,0,NON_DUPLICATE,0.717382,47.95,0.840167,110.085,4.586875,True,0.344732,True,0.672366,True,0.847104,True,0.923552,True,0.949035,sentence-transformers/all-MiniLM-L6-v2,cosine,synthetic_by_construction
V2N0184,synthetic_negative_same_category,92,336,Road Damage,Road Damage,True,Road has cracks and damaged portions.,Road surface is damaged and needs repair.,0,NON_DUPLICATE,0.749701,4.724,0.984253,138.302,5.762583,True,0.176774,True,0.588387,True,0.807914,True,0.903957,True,0.935971,sentence-transformers/all-MiniLM-L6-v2,cosine,synthetic_by_construction
V2N0185,synthetic_negative_same_category,95,268,Streetlight,Streetlight,True,Streetlight requires repair.,Streetlight is not functioning.,0,NON_DUPLICATE,0.813195,5.993,0.980023,146.16,6.09,True,0.13,True,0.565,True,0.797,True,0.8985,True,0.932333,sentence-transformers/all-MiniLM-L6-v2,cosine,synthetic_by_construction
V2N0186,synthetic_negative_same_category,98,329,Garbage Accumulation,Garbage Accumulation,True,Garbage has accumulated near the roadside.,Waste has been dumped near the road.,0,NON_DUPLICATE,0.764725,80.021,0.733263,83.63,3.484583,True,0.502202,True,0.751101,True,0.883847,True,0.941924,True,0.961282,sentence-transformers/all-MiniLM-L6-v2,cosine,synthetic_by_construction
V2N0187,synthetic_negative_same_category,101,144,Other,Other,True,A municipal issue has been reported.,An issue with public infrastructure has been noticed.,0,NON_DUPLICATE,0.599418,89.132,0.702893,105.338,4.389083,True,0.372988,True,0.686494,True,0.853697,True,0.926849,True,0.951232,sentence-transformers/all-MiniLM-L6-v2,cosine,synthetic_by_construction
V2N0188,synthetic_negative_same_category,104,154,Road Damage,Road Damage,True,Road has cracks and damaged portions.,Road surface is damaged and needs repair.,0,NON_DUPLICATE,0.749701,68.529,0.77157,120.577,5.024042,True,0.28228,True,0.64114,True,0.832532,True,0.916266,True,0.944177,sentence-transformers/all-MiniLM-L6-v2,cosine,synthetic_by_construction
V2N0189,synthetic_negative_same_category,107,410,Road Damage,Road Damage,True,Road has cracks and damaged portions.,Road surface is damaged and needs repair.,0,NON_DUPLICATE,0.749701,92.479,0.691737,150.946,6.289417,True,0.101512,True,0.550756,True,0.790353,True,0.895176,True,0.930118,sentence-transformers/all-MiniLM-L6-v2,cosine,synthetic_by_construction
V2N0190,synthetic_negative_same_category,111,188,Water Leakage,Water Leakage,True,A water pipeline appears to be leaking.,Water is leaking from a pipeline.,0,NON_DUPLICATE,0.94209,98.039,0.673203,133.02,5.5425,True,0.208214,True,0.604107,True,0.81525,True,0.907625,True,0.938417,sentence-transformers/all-MiniLM-L6-v2,cosine,synthetic_by_construction
V2N0191,synthetic_negative_same_category,114,348,Blocked Drain,Blocked Drain,True,Waste has blocked the drainage system.,Drain requires cleaning and maintenance.,0,NON_DUPLICATE,0.620264,135.365,0.548783,113.812,4.742167,True,0.322548,True,0.661274,True,0.841928,True,0.920964,True,0.947309,sentence-transformers/all-MiniLM-L6-v2,cosine,synthetic_by_construction
V2N0192,synthetic_negative_same_category,118,236,Garbage Accumulation,Garbage Accumulation,True,Waste has been dumped near the road.,Garbage has not been collected from the area.,0,NON_DUPLICATE,0.541781,148.274,0.505753,97.935,4.080625,True,0.417054,True,0.708527,True,0.863979,True,0.93199,True,0.95466,sentence-transformers/all-MiniLM-L6-v2,cosine,synthetic_by_construction
V2N0193,synthetic_negative_same_category,121,378,Blocked Drain,Blocked Drain,True,Drain requires cleaning and maintenance.,Waste has blocked the drainage system.,0,NON_DUPLICATE,0.620264,126.909,0.57697,118.421,4.934208,True,0.295113,True,0.647557,True,0.835526,True,0.917763,True,0.945175,sentence-transformers/all-MiniLM-L6-v2,cosine,synthetic_by_construction
V2N0194,synthetic_negative_same_category,124,452,Road Damage,Road Damage,True,Road surface is damaged and needs repair.,Road has cracks and damaged portions.,0,NON_DUPLICATE,0.749701,136.551,0.54483,97.773,4.073875,True,0.418018,True,0.709009,True,0.864204,True,0.932102,True,0.954735,sentence-transformers/all-MiniLM-L6-v2,cosine,synthetic_by_construction
V2N0195,synthetic_negative_same_category,127,428,Garbage Accumulation,Garbage Accumulation,True,Garbage has accumulated near the roadside.,Waste has been dumped near the road.,0,NON_DUPLICATE,0.764725,141.537,0.52821,80.329,3.347042,True,0.521851,True,0.760926,True,0.888432,True,0.944216,True,0.962811,sentence-transformers/all-MiniLM-L6-v2,cosine,synthetic_by_construction
V2N0196,synthetic_negative_same_category,130,370,Pothole,Pothole,True,Pothole is creating a safety problem for commuters.,Large pothole causing difficulty for vehicles.,0,NON_DUPLICATE,0.780351,162.193,0.459357,116.617,4.859042,True,0.305851,True,0.652926,True,0.838032,True,0.919016,True,0.946011,sentence-transformers/all-MiniLM-L6-v2,cosine,synthetic_by_construction
V2N0197,synthetic_negative_same_category,133,385,Waterlogging,Waterlogging,True,Water is accumulated in the area.,Standing water is causing difficulty for commuters.,0,NON_DUPLICATE,0.475846,168.949,0.436837,74.765,3.115208,True,0.55497,True,0.777485,True,0.89616,True,0.94808,True,0.965387,sentence-transformers/all-MiniLM-L6-v2,cosine,synthetic_by_construction
V2N0198,synthetic_negative_same_category,137,223,Streetlight,Streetlight,True,Streetlight is not functioning.,Streetlight requires repair.,0,NON_DUPLICATE,0.813195,159.092,0.469693,92.371,3.848792,True,0.450173,True,0.725086,True,0.871707,True,0.935853,True,0.957236,sentence-transformers/all-MiniLM-L6-v2,cosine,synthetic_by_construction
V2N0199,synthetic_negative_same_category,140,380,Streetlight,Streetlight,True,Streetlight is not functioning.,Streetlight is not working at night.,0,NON_DUPLICATE,0.876266,167.017,0.443277,156.512,6.521333,True,0.068381,True,0.53419,True,0.782622,True,0.891311,True,0.927541,sentence-transformers/all-MiniLM-L6-v2,cosine,synthetic_by_construction
V2N0200,synthetic_negative_same_category,144,245,Other,Other,True,An issue with public infrastructure has been noticed.,A municipal issue has been reported.,0,NON_DUPLICATE,0.599418,163.813,0.453957,72.984,3.041,True,0.565571,True,0.782786,True,0.898633,True,0.949317,True,0.966211,sentence-transformers/all-MiniLM-L6-v2,cosine,synthetic_by_construction
V2N0201,synthetic_negative_same_category,148,198,Waterlogging,Waterlogging,True,Water is accumulated in the area.,Standing water is causing difficulty for commuters.,0,NON_DUPLICATE,0.475846,204.281,0.319063,141.13,5.880417,True,0.15994,True,0.57997,True,0.803986,True,0.901993,True,0.934662,sentence-transformers/all-MiniLM-L6-v2,cosine,synthetic_by_construction
V2N0202,synthetic_negative_same_category,151,266,Blocked Drain,Blocked Drain,True,Drain requires cleaning and maintenance.,Drain is blocked and water is not flowing.,0,NON_DUPLICATE,0.592991,237.908,0.206973,138.302,5.762583,True,0.176774,True,0.588387,True,0.807914,True,0.903957,True,0.935971,sentence-transformers/all-MiniLM-L6-v2,cosine,synthetic_by_construction
V2N0203,synthetic_negative_same_category,154,345,Road Damage,Road Damage,True,Road surface is damaged and needs repair.,Damaged portion of road requires maintenance.,0,NON_DUPLICATE,0.805856,224.541,0.25153,148.124,6.171833,True,0.11831,True,0.559155,True,0.794272,True,0.897136,True,0.931424,sentence-transformers/all-MiniLM-L6-v2,cosine,synthetic_by_construction
V2N0204,synthetic_negative_same_category,157,451,Streetlight,Streetlight,True,Streetlight is not functioning.,Streetlight requires repair.,0,NON_DUPLICATE,0.813195,211.08,0.2964,138.415,5.767292,True,0.176101,True,0.588051,True,0.807757,True,0.903878,True,0.935919,sentence-transformers/all-MiniLM-L6-v2,cosine,synthetic_by_construction
V2N0205,synthetic_negative_same_category,161,313,Road Damage,Road Damage,True,Road surface is damaged and needs repair.,Damaged portion of road requires maintenance.,0,NON_DUPLICATE,0.805856,229.078,0.236407,117.438,4.89325,True,0.300964,True,0.650482,True,0.836892,True,0.918446,True,0.945631,sentence-transformers/all-MiniLM-L6-v2,cosine,synthetic_by_construction
V2N0206,synthetic_negative_same_category,165,218,Waterlogging,Waterlogging,True,Rainwater has accumulated on the road.,Standing water is causing difficulty for commuters.,0,NON_DUPLICATE,0.410477,270.85,0.097167,143.612,5.983833,True,0.145167,True,0.572583,True,0.800539,True,0.900269,True,0.933513,sentence-transformers/all-MiniLM-L6-v2,cosine,synthetic_by_construction
V2N0207,synthetic_negative_same_category,168,446,Blocked Drain,Blocked Drain,True,Drain requires cleaning and maintenance.,Drain is blocked and water is not flowing.,0,NON_DUPLICATE,0.592991,284.44,0.051867,98.015,4.083958,True,0.416577,True,0.708289,True,0.863868,True,0.931934,True,0.954623,sentence-transformers/all-MiniLM-L6-v2,cosine,synthetic_by_construction
V2N0208,synthetic_negative_same_category,172,471,Blocked Drain,Blocked Drain,True,Waste has blocked the drainage system.,Drain requires cleaning and maintenance.,0,NON_DUPLICATE,0.620264,255.912,0.14696,90.496,3.770667,True,0.461333,True,0.730667,True,0.874311,True,0.937156,True,0.958104,sentence-transformers/all-MiniLM-L6-v2,cosine,synthetic_by_construction
V2N0209,synthetic_negative_same_category,176,465,Other,Other,True,A municipal service-related issue has been reported.,An issue with public infrastructure has been noticed.,0,NON_DUPLICATE,0.555682,276.257,0.079143,145.173,6.048875,True,0.135875,True,0.567938,True,0.798371,True,0.899185,True,0.93279,sentence-transformers/all-MiniLM-L6-v2,cosine,synthetic_by_construction
V2N0210,synthetic_negative_same_category,180,262,Blocked Drain,Blocked Drain,True,Waste has blocked the drainage system.,Drain requires cleaning and maintenance.,0,NON_DUPLICATE,0.620264,260.603,0.131323,118.488,4.937,True,0.294714,True,0.647357,True,0.835433,True,0.917717,True,0.945144,sentence-transformers/all-MiniLM-L6-v2,cosine,synthetic_by_construction
V2N0211,synthetic_negative_same_category,184,265,Garbage Accumulation,Garbage Accumulation,True,Garbage has accumulated near the roadside.,Garbage has not been collected from the area.,0,NON_DUPLICATE,0.662968,48.854,0.837153,457.604,19.066833,False,0.0,False,0.0,True,0.364439,True,0.682219,True,0.788146,sentence-transformers/all-MiniLM-L6-v2,cosine,synthetic_by_construction
V2N0212,synthetic_negative_same_category,188,229,Water Leakage,Water Leakage,True,Water is leaking from a pipeline.,Water leakage is observed near the road.,0,NON_DUPLICATE,0.568542,5.926,0.980247,275.161,11.465042,False,0.0,True,0.181068,True,0.617832,True,0.808916,True,0.872611,sentence-transformers/all-MiniLM-L6-v2,cosine,synthetic_by_construction
V2N0213,synthetic_negative_same_category,192,250,Water Leakage,Water Leakage,True,Water leakage is observed near the road.,Water is leaking from a pipeline.,0,NON_DUPLICATE,0.568542,9.793,0.967357,175.82,7.325833,False,0.0,True,0.476726,True,0.755806,True,0.877903,True,0.918602,sentence-transformers/all-MiniLM-L6-v2,cosine,synthetic_by_construction
V2N0214,synthetic_negative_same_category,196,256,Water Leakage,Water Leakage,True,Water is leaking from a pipeline.,Water leakage is observed near the road.,0,NON_DUPLICATE,0.568542,14.441,0.951863,705.811,29.408792,False,0.0,False,0.0,True,0.019707,True,0.509853,True,0.673236,sentence-transformers/all-MiniLM-L6-v2,cosine,synthetic_by_construction
V2N0215,synthetic_negative_same_category,200,347,Road Damage,Road Damage,True,Damaged portion of road requires maintenance.,Road surface is damaged and needs repair.,0,NON_DUPLICATE,0.805856,35.173,0.882757,237.715,9.904792,False,0.0,True,0.292515,True,0.66984,True,0.83492,True,0.889947,sentence-transformers/all-MiniLM-L6-v2,cosine,synthetic_by_construction
V2N0216,synthetic_negative_same_category,204,459,Streetlight,Streetlight,True,Streetlight requires repair.,Streetlight is not working at night.,0,NON_DUPLICATE,0.717382,74.544,0.75152,649.743,27.072625,False,0.0,False,0.0,True,0.097579,True,0.54879,True,0.699193,sentence-transformers/all-MiniLM-L6-v2,cosine,synthetic_by_construction
V2N0217,synthetic_negative_same_category,208,414,Waterlogging,Waterlogging,True,Water is accumulated in the area.,Rainwater has accumulated on the road.,0,NON_DUPLICATE,0.610853,73.47,0.7551,411.144,17.131,False,0.0,False,0.0,True,0.428967,True,0.714483,True,0.809656,sentence-transformers/all-MiniLM-L6-v2,cosine,synthetic_by_construction
V2N0218,synthetic_negative_same_category,213,279,Garbage Accumulation,Garbage Accumulation,True,Garbage has not been collected from the area.,Waste has been dumped near the road.,0,NON_DUPLICATE,0.541781,52.569,0.82477,687.468,28.6445,False,0.0,False,0.0,True,0.045183,True,0.522592,True,0.681728,sentence-transformers/all-MiniLM-L6-v2,cosine,synthetic_by_construction
V2N0219,synthetic_negative_same_category,217,349,Pothole,Pothole,True,Large pothole causing difficulty for vehicles.,Deep pothole noticed on the road.,0,NON_DUPLICATE,0.733758,91.106,0.696313,389.197,16.216542,False,0.0,False,0.0,True,0.459449,True,0.729724,True,0.819816,sentence-transformers/all-MiniLM-L6-v2,cosine,synthetic_by_construction
V2N0220,synthetic_negative_same_category,222,263,Streetlight,Streetlight,True,Streetlight requires repair.,Streetlight is not functioning.,0,NON_DUPLICATE,0.813195,81.472,0.728427,197.602,8.233417,False,0.0,True,0.411899,True,0.725553,True,0.862776,True,0.908518,sentence-transformers/all-MiniLM-L6-v2,cosine,synthetic_by_construction
V2N0221,synthetic_negative_same_category,226,358,Waterlogging,Waterlogging,True,Rainwater has accumulated on the road.,Water is accumulated in the area.,0,NON_DUPLICATE,0.610853,128.142,0.57286,335.724,13.9885,False,0.0,True,0.000821,True,0.533717,True,0.766858,True,0.844572,sentence-transformers/all-MiniLM-L6-v2,cosine,synthetic_by_construction
V2N0222,synthetic_negative_same_category,230,372,Streetlight,Streetlight,True,Streetlight is not working at night.,Streetlight requires repair.,0,NON_DUPLICATE,0.717382,105.923,0.646923,589.975,24.582292,False,0.0,False,0.0,True,0.18059,True,0.590295,True,0.726863,sentence-transformers/all-MiniLM-L6-v2,cosine,synthetic_by_construction
V2N0223,synthetic_negative_same_category,235,426,Other,Other,True,A municipal issue has been reported.,A municipal service-related issue has been reported.,0,NON_DUPLICATE,0.865634,139.537,0.534877,292.587,12.191125,False,0.0,True,0.129205,True,0.593629,True,0.796815,True,0.864543,sentence-transformers/all-MiniLM-L6-v2,cosine,synthetic_by_construction
V2N0224,synthetic_negative_same_category,239,404,Blocked Drain,Blocked Drain,True,Drain is blocked and water is not flowing.,Waste has blocked the drainage system.,0,NON_DUPLICATE,0.603611,122.526,0.59158,412.388,17.182833,False,0.0,False,0.0,True,0.427239,True,0.713619,True,0.80908,sentence-transformers/all-MiniLM-L6-v2,cosine,synthetic_by_construction
V2N0225,synthetic_negative_same_category,244,291,Streetlight,Streetlight,True,Streetlight requires repair.,Streetlight is not functioning.,0,NON_DUPLICATE,0.813195,149.502,0.50166,336.577,14.024042,False,0.0,False,0.0,True,0.532532,True,0.766266,True,0.844177,sentence-transformers/all-MiniLM-L6-v2,cosine,synthetic_by_construction
V2N0226,synthetic_negative_same_category,249,271,Streetlight,Streetlight,True,Streetlight is not working at night.,Streetlight requires repair.,0,NON_DUPLICATE,0.717382,180.482,0.398393,576.532,24.022167,False,0.0,False,0.0,True,0.199261,True,0.599631,True,0.733087,sentence-transformers/all-MiniLM-L6-v2,cosine,synthetic_by_construction
V2N0227,synthetic_negative_same_category,253,308,Road Damage,Road Damage,True,Damaged portion of road requires maintenance.,Road surface is damaged and needs repair.,0,NON_DUPLICATE,0.805856,160.389,0.46537,284.494,11.853917,False,0.0,True,0.153292,True,0.604869,True,0.802435,True,0.86829,sentence-transformers/all-MiniLM-L6-v2,cosine,synthetic_by_construction
V2N0228,synthetic_negative_same_category,258,348,Blocked Drain,Blocked Drain,True,Drain is blocked and water is not flowing.,Drain requires cleaning and maintenance.,0,NON_DUPLICATE,0.592991,157.853,0.473823,263.953,10.998042,False,0.0,True,0.214426,True,0.633399,True,0.816699,True,0.8778,sentence-transformers/all-MiniLM-L6-v2,cosine,synthetic_by_construction
V2N0229,synthetic_negative_same_category,263,352,Streetlight,Streetlight,True,Streetlight is not functioning.,Streetlight is not working at night.,0,NON_DUPLICATE,0.876266,150.134,0.499553,416.684,17.361833,False,0.0,False,0.0,True,0.421272,True,0.710636,True,0.807091,sentence-transformers/all-MiniLM-L6-v2,cosine,synthetic_by_construction
V2N0230,synthetic_negative_same_category,268,372,Streetlight,Streetlight,True,Streetlight is not functioning.,Streetlight requires repair.,0,NON_DUPLICATE,0.813195,164.563,0.451457,295.783,12.324292,False,0.0,True,0.119693,True,0.58919,True,0.794595,True,0.863063,sentence-transformers/all-MiniLM-L6-v2,cosine,synthetic_by_construction
V2N0231,synthetic_negative_same_category,274,356,Other,Other,True,A municipal issue has been reported.,An issue with public infrastructure has been noticed.,0,NON_DUPLICATE,0.599418,235.149,0.21617,418.631,17.442958,False,0.0,False,0.0,True,0.418568,True,0.709284,True,0.806189,sentence-transformers/all-MiniLM-L6-v2,cosine,synthetic_by_construction
V2N0232,synthetic_negative_same_category,280,389,Waterlogging,Waterlogging,True,Standing water is causing difficulty for commuters.,Rainwater has accumulated on the road.,0,NON_DUPLICATE,0.410477,246.196,0.179347,602.883,25.120125,False,0.0,False,0.0,True,0.162662,True,0.581331,True,0.720887,sentence-transformers/all-MiniLM-L6-v2,cosine,synthetic_by_construction
V2N0233,synthetic_negative_same_category,286,423,Blocked Drain,Blocked Drain,True,Waste has blocked the drainage system.,Drain is blocked and water is not flowing.,0,NON_DUPLICATE,0.603611,233.059,0.223137,683.386,28.474417,False,0.0,False,0.0,True,0.050853,True,0.525426,True,0.683618,sentence-transformers/all-MiniLM-L6-v2,cosine,synthetic_by_construction
V2N0234,synthetic_negative_same_category,292,332,Other,Other,True,A municipal service-related issue has been reported.,A municipal issue has been reported.,0,NON_DUPLICATE,0.865634,227.228,0.242573,525.498,21.89575,False,0.0,False,0.0,True,0.270142,True,0.635071,True,0.756714,sentence-transformers/all-MiniLM-L6-v2,cosine,synthetic_by_construction
V2N0235,synthetic_negative_same_category,299,332,Other,Other,True,An issue with public infrastructure has been noticed.,A municipal issue has been reported.,0,NON_DUPLICATE,0.599418,241.332,0.19556,207.428,8.642833,False,0.0,True,0.382655,True,0.711906,True,0.855953,True,0.903969,sentence-transformers/all-MiniLM-L6-v2,cosine,synthetic_by_construction
V2N0236,synthetic_negative_same_category,305,396,Pothole,Pothole,True,Large pothole causing difficulty for vehicles.,Pothole is creating a safety problem for commuters.,0,NON_DUPLICATE,0.780351,265.073,0.116423,581.427,24.226125,False,0.0,False,0.0,True,0.192462,True,0.596231,True,0.730821,sentence-transformers/all-MiniLM-L6-v2,cosine,synthetic_by_construction
V2N0237,synthetic_negative_same_category,312,314,Pothole,Pothole,True,Large pothole causing difficulty for vehicles.,Pothole is creating a safety problem for commuters.,0,NON_DUPLICATE,0.780351,264.142,0.119527,236.652,9.8605,False,0.0,True,0.295679,True,0.671317,True,0.835658,True,0.890439,sentence-transformers/all-MiniLM-L6-v2,cosine,synthetic_by_construction
V2N0238,synthetic_negative_same_category,318,341,Water Leakage,Water Leakage,True,Water is leaking from a pipeline.,A water pipeline appears to be leaking.,0,NON_DUPLICATE,0.94209,284.287,0.052377,688.358,28.681583,False,0.0,False,0.0,True,0.043947,True,0.521974,True,0.681316,sentence-transformers/all-MiniLM-L6-v2,cosine,synthetic_by_construction
V2N0239,synthetic_negative_same_category,324,406,Waterlogging,Waterlogging,True,Water is accumulated in the area.,Standing water is causing difficulty for commuters.,0,NON_DUPLICATE,0.475846,274.196,0.086013,212.413,8.850542,False,0.0,True,0.367818,True,0.704982,True,0.852491,True,0.901661,sentence-transformers/all-MiniLM-L6-v2,cosine,synthetic_by_construction
V2N0240,synthetic_negative_same_category,331,436,Waterlogging,Waterlogging,True,Standing water is causing difficulty for commuters.,Water is accumulated in the area.,0,NON_DUPLICATE,0.475846,271.169,0.096103,345.928,14.413667,False,0.0,False,0.0,True,0.519544,True,0.759772,True,0.839848,sentence-transformers/all-MiniLM-L6-v2,cosine,synthetic_by_construction
V2N0241,synthetic_negative_same_category,340,369,Streetlight,Streetlight,True,Streetlight is not working at night.,Streetlight requires repair.,0,NON_DUPLICATE,0.717382,5.475,0.98175,1412.576,58.857333,False,0.0,False,0.0,False,0.0,True,0.019044,True,0.34603,sentence-transformers/all-MiniLM-L6-v2,cosine,synthetic_by_construction
V2N0242,synthetic_negative_same_category,349,408,Pothole,Pothole,True,Deep pothole noticed on the road.,Pothole is creating a safety problem for commuters.,0,NON_DUPLICATE,0.616973,29.185,0.902717,1404.567,58.523625,False,0.0,False,0.0,False,0.0,True,0.024606,True,0.349738,sentence-transformers/all-MiniLM-L6-v2,cosine,synthetic_by_construction
V2N0243,synthetic_negative_same_category,357,458,Road Damage,Road Damage,True,Road has cracks and damaged portions.,Damaged portion of road requires maintenance.,0,NON_DUPLICATE,0.769242,33.942,0.88686,914.055,38.085625,False,0.0,False,0.0,False,0.0,True,0.36524,True,0.576826,sentence-transformers/all-MiniLM-L6-v2,cosine,synthetic_by_construction
V2N0244,synthetic_negative_same_category,366,406,Waterlogging,Waterlogging,True,Water is accumulated in the area.,Standing water is causing difficulty for commuters.,0,NON_DUPLICATE,0.475846,38.057,0.873143,1058.766,44.11525,False,0.0,False,0.0,False,0.0,True,0.264746,True,0.509831,sentence-transformers/all-MiniLM-L6-v2,cosine,synthetic_by_construction
V2N0245,synthetic_negative_same_category,376,441,Pothole,Pothole,True,Large pothole causing difficulty for vehicles.,Deep pothole noticed on the road.,0,NON_DUPLICATE,0.733758,45.888,0.84704,850.68,35.445,False,0.0,False,0.0,False,0.0,True,0.40925,True,0.606167,sentence-transformers/all-MiniLM-L6-v2,cosine,synthetic_by_construction
V2N0246,synthetic_negative_same_category,386,476,Other,Other,True,A municipal issue has been reported.,An issue with public infrastructure has been noticed.,0,NON_DUPLICATE,0.599418,81.739,0.727537,1074.048,44.752,False,0.0,False,0.0,False,0.0,True,0.254133,True,0.502756,sentence-transformers/all-MiniLM-L6-v2,cosine,synthetic_by_construction
V2N0247,synthetic_negative_same_category,397,493,Garbage Accumulation,Garbage Accumulation,True,Garbage has accumulated near the roadside.,Waste has been dumped near the road.,0,NON_DUPLICATE,0.764725,67.398,0.77534,959.989,39.999542,False,0.0,False,0.0,False,0.0,True,0.333341,True,0.555561,sentence-transformers/all-MiniLM-L6-v2,cosine,synthetic_by_construction
V2N0248,synthetic_negative_same_category,411,461,Pothole,Pothole,True,Large pothole causing difficulty for vehicles.,Pothole is creating a safety problem for commuters.,0,NON_DUPLICATE,0.780351,92.887,0.690377,957.465,39.894375,False,0.0,False,0.0,False,0.0,True,0.335094,True,0.556729,sentence-transformers/all-MiniLM-L6-v2,cosine,synthetic_by_construction
V2N0249,synthetic_negative_same_category,425,486,Pothole,Pothole,True,Large pothole causing difficulty for vehicles.,Deep pothole noticed on the road.,0,NON_DUPLICATE,0.733758,64.411,0.785297,1400.54,58.355833,False,0.0,False,0.0,False,0.0,True,0.027403,True,0.351602,sentence-transformers/all-MiniLM-L6-v2,cosine,synthetic_by_construction
V2N0250,synthetic_negative_same_category,444,450,Garbage Accumulation,Garbage Accumulation,True,Waste has been dumped near the road.,Garbage has not been collected from the area.,0,NON_DUPLICATE,0.541781,77.505,0.74165,1047.48,43.645,False,0.0,False,0.0,False,0.0,True,0.272583,True,0.515056,sentence-transformers/all-MiniLM-L6-v2,cosine,synthetic_by_construction
V2N0251,synthetic_negative_different_category,1,2,Waterlogging,Pothole,False,Standing water is causing difficulty for commuters.,Pothole is creating a safety problem for commuters.,0,NON_DUPLICATE,0.498848,116.164,0.612787,1418.533,59.105542,False,0.0,False,0.0,False,0.0,True,0.014908,True,0.343272,sentence-transformers/all-MiniLM-L6-v2,cosine,synthetic_by_construction
V2N0252,synthetic_negative_different_category,6,36,Waterlogging,Road Damage,False,Standing water is causing difficulty for commuters.,Damaged portion of road requires maintenance.,0,NON_DUPLICATE,0.153883,125.73,0.5809,1431.446,59.643583,False,0.0,False,0.0,False,0.0,True,0.00594,True,0.337294,sentence-transformers/all-MiniLM-L6-v2,cosine,synthetic_by_construction
V2N0253,synthetic_negative_different_category,11,59,Road Damage,Waterlogging,False,Damaged portion of road requires maintenance.,Standing water is causing difficulty for commuters.,0,NON_DUPLICATE,0.153883,127.13,0.576233,1017.544,42.397667,False,0.0,False,0.0,False,0.0,True,0.293372,True,0.528915,sentence-transformers/all-MiniLM-L6-v2,cosine,synthetic_by_construction
V2N0254,synthetic_negative_different_category,16,96,Water Leakage,Pothole,False,A water pipeline appears to be leaking.,Pothole is creating a safety problem for commuters.,0,NON_DUPLICATE,0.231928,118.089,0.60637,1264.642,52.693417,False,0.0,False,0.0,False,0.0,True,0.121776,True,0.414518,sentence-transformers/all-MiniLM-L6-v2,cosine,synthetic_by_construction
V2N0255,synthetic_negative_different_category,21,173,Other,Road Damage,False,A municipal service-related issue has been reported.,Damaged portion of road requires maintenance.,0,NON_DUPLICATE,0.217445,138.0,0.54,866.57,36.107083,False,0.0,False,0.0,False,0.0,True,0.398215,True,0.59881,sentence-transformers/all-MiniLM-L6-v2,cosine,synthetic_by_construction
V2N0256,synthetic_negative_different_category,26,265,Pothole,Garbage Accumulation,False,Deep pothole noticed on the road.,Garbage has not been collected from the area.,0,NON_DUPLICATE,0.136509,196.384,0.345387,1035.449,43.143708,False,0.0,False,0.0,False,0.0,True,0.280938,True,0.520625,sentence-transformers/all-MiniLM-L6-v2,cosine,synthetic_by_construction
V2N0257,synthetic_negative_different_category,31,419,Road Damage,Garbage Accumulation,False,Damaged portion of road requires maintenance.,Garbage has not been collected from the area.,0,NON_DUPLICATE,0.181418,156.071,0.479763,1420.666,59.194417,False,0.0,False,0.0,False,0.0,True,0.013426,True,0.342284,sentence-transformers/all-MiniLM-L6-v2,cosine,synthetic_by_construction
V2N0258,synthetic_negative_different_category,37,106,Blocked Drain,Waterlogging,False,Drain requires cleaning and maintenance.,Standing water is causing difficulty for commuters.,0,NON_DUPLICATE,0.262982,161.965,0.460117,834.041,34.751708,False,0.0,False,0.0,False,0.0,True,0.420805,True,0.61387,sentence-transformers/all-MiniLM-L6-v2,cosine,synthetic_by_construction
V2N0259,synthetic_negative_different_category,42,309,Pothole,Waterlogging,False,Large pothole causing difficulty for vehicles.,Standing water is causing difficulty for commuters.,0,NON_DUPLICATE,0.355767,177.613,0.407957,787.12,32.796667,False,0.0,False,0.0,False,0.0,True,0.453389,True,0.635593,sentence-transformers/all-MiniLM-L6-v2,cosine,synthetic_by_construction
V2N0260,synthetic_negative_different_category,48,97,Streetlight,Waterlogging,False,Streetlight is not working at night.,Standing water is causing difficulty for commuters.,0,NON_DUPLICATE,0.162536,195.646,0.347847,1052.248,43.843667,False,0.0,False,0.0,False,0.0,True,0.269272,True,0.512848,sentence-transformers/all-MiniLM-L6-v2,cosine,synthetic_by_construction
V2N0261,synthetic_negative_different_category,53,364,Road Damage,Water Leakage,False,Road surface is damaged and needs repair.,Water is leaking from a pipeline.,0,NON_DUPLICATE,0.193896,241.607,0.194643,1078.835,44.951458,False,0.0,False,0.0,False,0.0,True,0.250809,True,0.500539,sentence-transformers/all-MiniLM-L6-v2,cosine,synthetic_by_construction
V2N0262,synthetic_negative_different_category,59,184,Waterlogging,Garbage Accumulation,False,Standing water is causing difficulty for commuters.,Garbage has accumulated near the roadside.,0,NON_DUPLICATE,0.219334,225.444,0.24852,916.873,38.203042,False,0.0,False,0.0,False,0.0,True,0.363283,True,0.575522,sentence-transformers/all-MiniLM-L6-v2,cosine,synthetic_by_construction
V2N0263,synthetic_negative_different_category,64,473,Garbage Accumulation,Water Leakage,False,Garbage has accumulated near the roadside.,Water is leaking from a pipeline.,0,NON_DUPLICATE,0.137488,249.012,0.16996,895.494,37.31225,False,0.0,False,0.0,False,0.0,True,0.378129,True,0.585419,sentence-transformers/all-MiniLM-L6-v2,cosine,synthetic_by_construction
V2N0264,synthetic_negative_different_category,70,373,Pothole,Garbage Accumulation,False,Pothole is creating a safety problem for commuters.,Garbage has accumulated near the roadside.,0,NON_DUPLICATE,0.329342,219.179,0.269403,1383.746,57.656083,False,0.0,False,0.0,False,0.0,True,0.039065,True,0.359377,sentence-transformers/all-MiniLM-L6-v2,cosine,synthetic_by_construction
V2N0265,synthetic_negative_different_category,76,311,Pothole,Blocked Drain,False,Pothole is creating a safety problem for commuters.,Drain requires cleaning and maintenance.,0,NON_DUPLICATE,0.250544,243.966,0.18678,1342.101,55.920875,False,0.0,False,0.0,False,0.0,True,0.067985,True,0.378657,sentence-transformers/all-MiniLM-L6-v2,cosine,synthetic_by_construction
V2N0266,synthetic_negative_different_category,82,287,Waterlogging,Garbage Accumulation,False,Standing water is causing difficulty for commuters.,Garbage has accumulated near the roadside.,0,NON_DUPLICATE,0.219334,288.71,0.037633,1018.764,42.4485,False,0.0,False,0.0,False,0.0,True,0.292525,True,0.52835,sentence-transformers/all-MiniLM-L6-v2,cosine,synthetic_by_construction
V2N0267,synthetic_negative_different_category,88,302,Blocked Drain,Water Leakage,False,Drain requires cleaning and maintenance.,A water pipeline appears to be leaking.,0,NON_DUPLICATE,0.359767,274.879,0.083737,1310.797,54.616542,False,0.0,False,0.0,False,0.0,True,0.089724,True,0.39315,sentence-transformers/all-MiniLM-L6-v2,cosine,synthetic_by_construction
V2N0268,synthetic_negative_different_category,94,351,Garbage Accumulation,Streetlight,False,Waste has been dumped near the road.,Streetlight is not functioning.,0,NON_DUPLICATE,0.117013,264.629,0.117903,1142.599,47.608292,False,0.0,False,0.0,False,0.0,True,0.206528,True,0.471019,sentence-transformers/all-MiniLM-L6-v2,cosine,synthetic_by_construction
V2N0269,synthetic_negative_different_category,100,466,Streetlight,Road Damage,False,Streetlight requires repair.,Damaged portion of road requires maintenance.,0,NON_DUPLICATE,0.503444,273.992,0.086693,826.997,34.458208,False,0.0,False,0.0,False,0.0,True,0.425697,True,0.617131,sentence-transformers/all-MiniLM-L6-v2,cosine,synthetic_by_construction
V2N0270,synthetic_negative_different_category,107,159,Road Damage,Garbage Accumulation,False,Road has cracks and damaged portions.,Garbage has accumulated near the roadside.,0,NON_DUPLICATE,0.328631,266.911,0.110297,1117.385,46.557708,False,0.0,False,0.0,False,0.0,True,0.224038,True,0.482692,sentence-transformers/all-MiniLM-L6-v2,cosine,synthetic_by_construction
V2N0271,synthetic_negative_different_category,113,305,Blocked Drain,Pothole,False,Waste has blocked the drainage system.,Large pothole causing difficulty for vehicles.,0,NON_DUPLICATE,0.367195,23.312,0.922293,1671.686,69.653583,False,0.0,False,0.0,False,0.0,False,0.0,True,0.226071,sentence-transformers/all-MiniLM-L6-v2,cosine,synthetic_by_construction
V2N0272,synthetic_negative_different_category,120,123,Blocked Drain,Garbage Accumulation,False,Drain is blocked and water is not flowing.,Garbage has not been collected from the area.,0,NON_DUPLICATE,0.345547,35.177,0.882743,1851.699,77.154125,False,0.0,False,0.0,False,0.0,False,0.0,True,0.142732,sentence-transformers/all-MiniLM-L6-v2,cosine,synthetic_by_construction
V2N0273,synthetic_negative_different_category,126,355,Garbage Accumulation,Road Damage,False,Garbage has not been collected from the area.,Damaged portion of road requires maintenance.,0,NON_DUPLICATE,0.181418,39.002,0.869993,1471.436,61.309833,False,0.0,False,0.0,False,0.0,False,0.0,True,0.31878,sentence-transformers/all-MiniLM-L6-v2,cosine,synthetic_by_construction
V2N0274,synthetic_negative_different_category,133,274,Waterlogging,Other,False,Water is accumulated in the area.,A municipal issue has been reported.,0,NON_DUPLICATE,0.193932,35.556,0.88148,2024.216,84.342333,False,0.0,False,0.0,False,0.0,False,0.0,True,0.062863,sentence-transformers/all-MiniLM-L6-v2,cosine,synthetic_by_construction
V2N0275,synthetic_negative_different_category,140,232,Streetlight,Other,False,Streetlight is not functioning.,An issue with public infrastructure has been noticed.,0,NON_DUPLICATE,0.141726,33.521,0.888263,2030.94,84.6225,False,0.0,False,0.0,False,0.0,False,0.0,True,0.05975,sentence-transformers/all-MiniLM-L6-v2,cosine,synthetic_by_construction
V2N0276,synthetic_negative_different_category,147,234,Blocked Drain,Water Leakage,False,Drain requires cleaning and maintenance.,Water leakage is observed near the road.,0,NON_DUPLICATE,0.381169,74.766,0.75078,1466.664,61.111,False,0.0,False,0.0,False,0.0,False,0.0,True,0.320989,sentence-transformers/all-MiniLM-L6-v2,cosine,synthetic_by_construction
V2N0277,synthetic_negative_different_category,154,297,Road Damage,Streetlight,False,Road surface is damaged and needs repair.,Streetlight requires repair.,0,NON_DUPLICATE,0.543591,79.509,0.73497,2066.186,86.091083,False,0.0,False,0.0,False,0.0,False,0.0,True,0.043432,sentence-transformers/all-MiniLM-L6-v2,cosine,synthetic_by_construction
V2N0278,synthetic_negative_different_category,161,407,Road Damage,Blocked Drain,False,Road surface is damaged and needs repair.,Drain is blocked and water is not flowing.,0,NON_DUPLICATE,0.229217,72.015,0.75995,1818.69,75.77875,False,0.0,False,0.0,False,0.0,False,0.0,True,0.158014,sentence-transformers/all-MiniLM-L6-v2,cosine,synthetic_by_construction
V2N0279,synthetic_negative_different_category,169,219,Pothole,Other,False,Large pothole causing difficulty for vehicles.,A municipal service-related issue has been reported.,0,NON_DUPLICATE,0.175988,86.122,0.712927,1735.191,72.299625,False,0.0,False,0.0,False,0.0,False,0.0,True,0.196671,sentence-transformers/all-MiniLM-L6-v2,cosine,synthetic_by_construction
V2N0280,synthetic_negative_different_category,176,415,Other,Garbage Accumulation,False,A municipal service-related issue has been reported.,Waste has been dumped near the road.,0,NON_DUPLICATE,0.205791,57.718,0.807607,1778.039,74.084958,False,0.0,False,0.0,False,0.0,False,0.0,True,0.176834,sentence-transformers/all-MiniLM-L6-v2,cosine,synthetic_by_construction
V2N0281,synthetic_negative_different_category,184,369,Garbage Accumulation,Streetlight,False,Garbage has accumulated near the roadside.,Streetlight requires repair.,0,NON_DUPLICATE,0.202981,116.928,0.61024,1938.75,80.78125,False,0.0,False,0.0,False,0.0,False,0.0,True,0.102431,sentence-transformers/all-MiniLM-L6-v2,cosine,synthetic_by_construction
V2N0282,synthetic_negative_different_category,192,361,Water Leakage,Waterlogging,False,Water leakage is observed near the road.,Standing water is causing difficulty for commuters.,0,NON_DUPLICATE,0.466105,142.588,0.524707,2053.687,85.570292,False,0.0,False,0.0,False,0.0,False,0.0,True,0.049219,sentence-transformers/all-MiniLM-L6-v2,cosine,synthetic_by_construction
V2N0283,synthetic_negative_different_category,200,437,Road Damage,Waterlogging,False,Damaged portion of road requires maintenance.,Water is accumulated in the area.,0,NON_DUPLICATE,0.188229,119.0,0.603333,1668.003,69.500125,False,0.0,False,0.0,False,0.0,False,0.0,True,0.227776,sentence-transformers/all-MiniLM-L6-v2,cosine,synthetic_by_construction
V2N0284,synthetic_negative_different_category,209,285,Water Leakage,Pothole,False,Water leakage is observed near the road.,Pothole is creating a safety problem for commuters.,0,NON_DUPLICATE,0.386928,137.97,0.5401,2068.117,86.171542,False,0.0,False,0.0,False,0.0,False,0.0,True,0.042538,sentence-transformers/all-MiniLM-L6-v2,cosine,synthetic_by_construction
V2N0285,synthetic_negative_different_category,217,499,Pothole,Water Leakage,False,Large pothole causing difficulty for vehicles.,Water leakage is observed near the road.,0,NON_DUPLICATE,0.399353,103.421,0.655263,1894.44,78.935,False,0.0,False,0.0,False,0.0,False,0.0,True,0.122944,sentence-transformers/all-MiniLM-L6-v2,cosine,synthetic_by_construction
V2N0286,synthetic_negative_different_category,226,492,Waterlogging,Water Leakage,False,Rainwater has accumulated on the road.,A water pipeline appears to be leaking.,0,NON_DUPLICATE,0.306567,199.871,0.333763,1977.674,82.403083,False,0.0,False,0.0,False,0.0,False,0.0,True,0.08441,sentence-transformers/all-MiniLM-L6-v2,cosine,synthetic_by_construction
V2N0287,synthetic_negative_different_category,236,292,Garbage Accumulation,Other,False,Garbage has not been collected from the area.,A municipal service-related issue has been reported.,0,NON_DUPLICATE,0.289072,154.922,0.483593,1896.302,79.012583,False,0.0,False,0.0,False,0.0,False,0.0,True,0.122082,sentence-transformers/all-MiniLM-L6-v2,cosine,synthetic_by_construction
V2N0288,synthetic_negative_different_category,245,451,Other,Streetlight,False,A municipal issue has been reported.,Streetlight requires repair.,0,NON_DUPLICATE,0.227481,172.184,0.426053,1939.684,80.820167,False,0.0,False,0.0,False,0.0,False,0.0,True,0.101998,sentence-transformers/all-MiniLM-L6-v2,cosine,synthetic_by_construction
V2N0289,synthetic_negative_different_category,255,461,Garbage Accumulation,Pothole,False,Garbage has not been collected from the area.,Pothole is creating a safety problem for commuters.,0,NON_DUPLICATE,0.153976,152.3,0.492333,2013.225,83.884375,False,0.0,False,0.0,False,0.0,False,0.0,True,0.067951,sentence-transformers/all-MiniLM-L6-v2,cosine,synthetic_by_construction
V2N0290,synthetic_negative_different_category,266,323,Blocked Drain,Other,False,Drain is blocked and water is not flowing.,A municipal issue has been reported.,0,NON_DUPLICATE,0.14261,168.742,0.437527,1544.819,64.367458,False,0.0,False,0.0,False,0.0,False,0.0,True,0.284806,sentence-transformers/all-MiniLM-L6-v2,cosine,synthetic_by_construction
V2N0291,synthetic_negative_different_category,277,293,Road Damage,Garbage Accumulation,False,Road has cracks and damaged portions.,Waste has been dumped near the road.,0,NON_DUPLICATE,0.413219,228.296,0.239013,2010.616,83.775667,False,0.0,False,0.0,False,0.0,False,0.0,True,0.069159,sentence-transformers/all-MiniLM-L6-v2,cosine,synthetic_by_construction
V2N0292,synthetic_negative_different_category,288,401,Water Leakage,Waterlogging,False,Water is leaking from a pipeline.,Standing water is causing difficulty for commuters.,0,NON_DUPLICATE,0.287088,203.948,0.320173,2067.006,86.12525,False,0.0,False,0.0,False,0.0,False,0.0,True,0.043053,sentence-transformers/all-MiniLM-L6-v2,cosine,synthetic_by_construction
V2N0293,synthetic_negative_different_category,300,425,Water Leakage,Pothole,False,A water pipeline appears to be leaking.,Large pothole causing difficulty for vehicles.,0,NON_DUPLICATE,0.274196,212.041,0.293197,2097.238,87.384917,False,0.0,False,0.0,False,0.0,False,0.0,True,0.029056,sentence-transformers/all-MiniLM-L6-v2,cosine,synthetic_by_construction
V2N0294,synthetic_negative_different_category,313,424,Road Damage,Pothole,False,Damaged portion of road requires maintenance.,Pothole is creating a safety problem for commuters.,0,NON_DUPLICATE,0.323663,223.057,0.256477,1622.871,67.619625,False,0.0,False,0.0,False,0.0,False,0.0,True,0.248671,sentence-transformers/all-MiniLM-L6-v2,cosine,synthetic_by_construction
V2N0295,synthetic_negative_different_category,327,410,Streetlight,Road Damage,False,Streetlight requires repair.,Road surface is damaged and needs repair.,0,NON_DUPLICATE,0.543591,200.47,0.331767,2019.338,84.139083,False,0.0,False,0.0,False,0.0,False,0.0,True,0.065121,sentence-transformers/all-MiniLM-L6-v2,cosine,synthetic_by_construction
V2N0296,synthetic_negative_different_category,342,421,Road Damage,Water Leakage,False,Damaged portion of road requires maintenance.,Water leakage is observed near the road.,0,NON_DUPLICATE,0.406162,283.203,0.05599,1553.751,64.739625,False,0.0,False,0.0,False,0.0,False,0.0,True,0.280671,sentence-transformers/all-MiniLM-L6-v2,cosine,synthetic_by_construction
V2N0297,synthetic_negative_different_category,358,489,Waterlogging,Garbage Accumulation,False,Water is accumulated in the area.,Garbage has not been collected from the area.,0,NON_DUPLICATE,0.347313,266.933,0.110223,1863.056,77.627333,False,0.0,False,0.0,False,0.0,False,0.0,True,0.137474,sentence-transformers/all-MiniLM-L6-v2,cosine,synthetic_by_construction
V2N0298,synthetic_negative_different_category,377,474,Pothole,Other,False,Deep pothole noticed on the road.,A municipal service-related issue has been reported.,0,NON_DUPLICATE,0.145054,270.791,0.097363,1620.078,67.50325,False,0.0,False,0.0,False,0.0,False,0.0,True,0.249964,sentence-transformers/all-MiniLM-L6-v2,cosine,synthetic_by_construction
V2N0299,synthetic_negative_different_category,400,419,Streetlight,Garbage Accumulation,False,Streetlight is not working at night.,Garbage has not been collected from the area.,0,NON_DUPLICATE,0.19058,259.762,0.134127,1716.985,71.541042,False,0.0,False,0.0,False,0.0,False,0.0,True,0.2051,sentence-transformers/all-MiniLM-L6-v2,cosine,synthetic_by_construction
V2N0300,synthetic_negative_different_category,429,450,Other,Garbage Accumulation,False,An issue with public infrastructure has been noticed.,Garbage has not been collected from the area.,0,NON_DUPLICATE,0.22775,261.623,0.127923,1851.789,77.157875,False,0.0,False,0.0,False,0.0,False,0.0,True,0.14269,sentence-transformers/all-MiniLM-L6-v2,cosine,synthetic_by_construction
