benchmark_order,pair_id,pair_type,complaint_id_1,complaint_id_2,category_1,category_2,category_match,description_1,description_2,latitude_1,longitude_1,latitude_2,longitude_2,submitted_time_1,submitted_time_2,distance_meters,distance_bucket,time_difference_hours,time_bucket,actual_duplicate,label_source,label_notes
1,V2P0001,synthetic_positive,12,SYN_DUP_0012,Blocked Drain,Blocked Drain,True,Drain requires cleaning and maintenance.,Residents report a blocked drain problem: Drain needs cleaning and maintenance.,18.711538,73.70901,18.71149246097926,73.70931320537044,2026-08-06T13:56:10+00:00,2026-08-06T15:58:50.278074014+00:00,32.332,0-50m,2.045,0-3d,1,synthetic_by_construction,Complaint 2 is a controlled semantic variant of Complaint 1 and represents the same benchmark issue.
2,V2P0002,synthetic_positive,17,SYN_DUP_0017,Garbage Accumulation,Garbage Accumulation,True,Waste has been dumped near the road.,The reported garbage accumulation issue is that Waste has been dumped near the road.,18.721036,73.663815,18.720988286041894,73.66371345877178,2026-09-16T09:02:10+00:00,2026-09-18T14:07:40.514618564+00:00,11.937,0-50m,53.092,0-3d,1,synthetic_by_construction,Complaint 2 is a controlled semantic variant of Complaint 1 and represents the same benchmark issue.
3,V2P0003,synthetic_positive,7,SYN_DUP_0007,Other,Other,True,An issue with public infrastructure has been noticed.,A civic complaint has been raised because An issue with public infrastructure has been noticed.,18.735365,73.686964,18.735010281522367,73.68716406799687,2026-04-22T17:52:10+00:00,2026-04-23T00:21:26.300468178+00:00,44.717,0-50m,6.488,0-3d,1,synthetic_by_construction,Complaint 2 is a controlled semantic variant of Complaint 1 and represents the same benchmark issue.
4,V2P0004,synthetic_positive,2,SYN_DUP_0002,Pothole,Pothole,True,Pothole is creating a safety problem for commuters.,People in the area have reported that Pothole is creating a safety problem for commuters.,18.711556,73.685263,18.71153388863837,73.68526221417581,2026-06-28T16:02:10+00:00,2026-06-29T07:58:24.188891770+00:00,2.46,0-50m,15.937,0-3d,1,synthetic_by_construction,Complaint 2 is a controlled semantic variant of Complaint 1 and represents the same benchmark issue.
5,V2P0005,synthetic_positive,10,SYN_DUP_0010,Road Damage,Road Damage,True,Damaged portion of road requires maintenance.,Residents report a road damage problem: Damaged portion of road requires maintenance.,18.735886,73.692573,18.735873828480116,73.69255533691518,2026-07-23T06:45:10+00:00,2026-07-23T21:16:09.765172361+00:00,2.3,0-50m,14.517,0-3d,1,synthetic_by_construction,Complaint 2 is a controlled semantic variant of Complaint 1 and represents the same benchmark issue.
6,V2P0006,synthetic_positive,5,SYN_DUP_0005,Streetlight,Streetlight,True,Streetlight is not functioning.,The reported streetlight issue is that Streetlight is not functioning.,18.718989,73.681604,18.718400734503305,73.68121383327666,2026-06-16T16:36:10+00:00,2026-06-17T08:40:09.812673111+00:00,77.247,50-100m,16.067,0-3d,1,synthetic_by_construction,Complaint 2 is a controlled semantic variant of Complaint 1 and represents the same benchmark issue.
7,V2P0007,synthetic_positive,8,SYN_DUP_0008,Water Leakage,Water Leakage,True,Water is leaking from a pipeline.,A civic complaint has been raised because Water is leaking from a pipeline.,18.748939,73.700491,18.749218544216898,73.69968408181177,2026-08-15T10:01:10+00:00,2026-08-15T10:44:08.629624843+00:00,90.472,50-100m,0.716,0-3d,1,synthetic_by_construction,Complaint 2 is a controlled semantic variant of Complaint 1 and represents the same benchmark issue.
8,V2P0008,synthetic_positive,1,SYN_DUP_0001,Waterlogging,Waterlogging,True,Standing water is causing difficulty for commuters.,People in the area have reported that Standing water is causing difficulty for commuters.,18.718913,73.695537,18.719340294741713,73.69620518184792,2026-07-03T11:23:10+00:00,2026-07-04T12:02:56.708416597+00:00,84.907,50-100m,24.663,0-3d,1,synthetic_by_construction,Complaint 2 is a controlled semantic variant of Complaint 1 and represents the same benchmark issue.
9,V2P0009,synthetic_positive,13,SYN_DUP_0013,Blocked Drain,Blocked Drain,True,Waste has blocked the drainage system.,Residents report a blocked drain problem: Waste has caused a blockage in the drainage system.,18.71345,73.681737,18.71418483177217,73.68224835346415,2026-05-25T18:02:10+00:00,2026-05-26T18:26:12.371002591+00:00,97.861,50-100m,24.401,0-3d,1,synthetic_by_construction,Complaint 2 is a controlled semantic variant of Complaint 1 and represents the same benchmark issue.
10,V2P0010,synthetic_positive,22,SYN_DUP_0022,Garbage Accumulation,Garbage Accumulation,True,Garbage has accumulated near the roadside.,The reported garbage accumulation issue is that Garbage has accumulated near the roadside.,18.725686,73.692422,18.72529392784796,73.69210615460037,2026-07-08T09:35:10+00:00,2026-07-10T22:38:37.794827548+00:00,54.836,50-100m,61.058,0-3d,1,synthetic_by_construction,Complaint 2 is a controlled semantic variant of Complaint 1 and represents the same benchmark issue.
11,V2P0011,synthetic_positive,21,SYN_DUP_0021,Other,Other,True,A municipal service-related issue has been reported.,A civic complaint has been raised because A municipal service-related issue has been reported.,18.715538,73.705398,18.714308305009595,73.70509724757135,2026-08-03T09:05:10+00:00,2026-08-05T13:41:39.720503013+00:00,140.356,100-150m,52.608,0-3d,1,synthetic_by_construction,Complaint 2 is a controlled semantic variant of Complaint 1 and represents the same benchmark issue.
12,V2P0012,synthetic_positive,3,SYN_DUP_0003,Pothole,Pothole,True,Large pothole causing difficulty for vehicles.,People in the area have reported that Large pothole causing difficulty for vehicles.,18.72155,73.681183,18.72028393989644,73.68072962084128,2026-04-03T08:07:10+00:00,2026-04-04T11:31:45.429632917+00:00,148.656,100-150m,27.41,0-3d,1,synthetic_by_construction,Complaint 2 is a controlled semantic variant of Complaint 1 and represents the same benchmark issue.
13,V2P0013,synthetic_positive,11,SYN_DUP_0011,Road Damage,Road Damage,True,Damaged portion of road requires maintenance.,Residents report a road damage problem: Damaged portion of road requires maintenance.,18.744647,73.672273,18.74546844361357,73.67124703396222,2026-06-20T01:20:10+00:00,2026-06-21T21:57:53.652035684+00:00,141.47,100-150m,44.629,0-3d,1,synthetic_by_construction,Complaint 2 is a controlled semantic variant of Complaint 1 and represents the same benchmark issue.
14,V2P0014,synthetic_positive,45,SYN_DUP_0045,Streetlight,Streetlight,True,Streetlight is not working at night.,The reported streetlight issue is that Streetlight is not working at night.,18.71092,73.676163,18.712031227523525,73.67651045596088,2026-05-08T03:56:10+00:00,2026-05-10T06:44:20.905294314+00:00,128.868,100-150m,50.803,0-3d,1,synthetic_by_construction,Complaint 2 is a controlled semantic variant of Complaint 1 and represents the same benchmark issue.
15,V2P0015,synthetic_positive,15,SYN_DUP_0015,Water Leakage,Water Leakage,True,A water pipeline appears to be leaking.,A civic complaint has been raised because A water pipeline appears to be leaking.,18.707491,73.689099,18.70836951279913,73.6896073280855,2026-07-09T09:38:10+00:00,2026-07-10T06:38:58.910998424+00:00,111.395,100-150m,21.014,0-3d,1,synthetic_by_construction,Complaint 2 is a controlled semantic variant of Complaint 1 and represents the same benchmark issue.
16,V2P0016,synthetic_positive,4,SYN_DUP_0004,Waterlogging,Waterlogging,True,Water is accumulated in the area.,People in the area have reported that Water is accumulated in the area.,18.72176,73.674409,18.7215058134755,73.67592022456495,2026-08-02T05:13:10+00:00,2026-08-02T12:42:58.669216533+00:00,161.64,150-200m,7.497,0-3d,1,synthetic_by_construction,Complaint 2 is a controlled semantic variant of Complaint 1 and represents the same benchmark issue.
17,V2P0017,synthetic_positive,19,SYN_DUP_0019,Blocked Drain,Blocked Drain,True,Waste has blocked the drainage system.,Residents report a blocked drain problem: Waste has caused a blockage in the drainage system.,18.714201,73.702246,18.71308053108411,73.70350291482353,2026-06-08T13:23:10+00:00,2026-06-09T15:48:46.151827972+00:00,181.784,150-200m,26.427,0-3d,1,synthetic_by_construction,Complaint 2 is a controlled semantic variant of Complaint 1 and represents the same benchmark issue.
18,V2P0018,synthetic_positive,30,SYN_DUP_0030,Garbage Accumulation,Garbage Accumulation,True,Garbage has accumulated near the roadside.,The reported garbage accumulation issue is that Garbage has accumulated near the roadside.,18.716238,73.682679,18.71756838078034,73.68208840982419,2026-07-24T23:29:10+00:00,2026-07-25T18:53:30.371435285+00:00,160.475,150-200m,19.406,0-3d,1,synthetic_by_construction,Complaint 2 is a controlled semantic variant of Complaint 1 and represents the same benchmark issue.
19,V2P0019,synthetic_positive,23,SYN_DUP_0023,Other,Other,True,A municipal service-related issue has been reported.,A civic complaint has been raised because A municipal service-related issue has been reported.,18.724337,73.696787,18.725116954063484,73.69831073687946,2026-04-11T04:35:10+00:00,2026-04-13T00:32:28.538763783+00:00,182.402,150-200m,43.955,0-3d,1,synthetic_by_construction,Complaint 2 is a controlled semantic variant of Complaint 1 and represents the same benchmark issue.
20,V2P0020,synthetic_positive,26,SYN_DUP_0026,Pothole,Pothole,True,Deep pothole noticed on the road.,People in the area have reported that Deep pothole noticed on the road.,18.745232,73.679339,18.74401356935872,73.68055558455654,2026-05-11T09:20:10+00:00,2026-05-11T21:18:36.864138706+00:00,186.456,150-200m,11.974,0-3d,1,synthetic_by_construction,Complaint 2 is a controlled semantic variant of Complaint 1 and represents the same benchmark issue.
21,V2P0021,synthetic_positive,14,SYN_DUP_0014,Road Damage,Road Damage,True,Damaged portion of road requires maintenance.,Residents report a road damage problem: Damaged portion of road requires maintenance.,18.709432,73.68996,18.707330514924625,73.68913036729315,2026-09-13T00:24:10+00:00,2026-09-14T22:34:21.937970312+00:00,249.476,200-250m,46.17,0-3d,1,synthetic_by_construction,Complaint 2 is a controlled semantic variant of Complaint 1 and represents the same benchmark issue.
22,V2P0022,synthetic_positive,48,SYN_DUP_0048,Streetlight,Streetlight,True,Streetlight is not working at night.,The reported streetlight issue is that Streetlight is not working at night.,18.74258,73.683168,18.742922591985035,73.68097317031553,2026-05-13T10:43:10+00:00,2026-05-15T23:26:38.650985027+00:00,234.231,200-250m,60.725,0-3d,1,synthetic_by_construction,Complaint 2 is a controlled semantic variant of Complaint 1 and represents the same benchmark issue.
23,V2P0023,synthetic_positive,16,SYN_DUP_0016,Water Leakage,Water Leakage,True,A water pipeline appears to be leaking.,A civic complaint has been raised because A water pipeline appears to be leaking.,18.706592,73.685354,18.705831803919665,73.68719429600463,2026-06-04T02:48:10+00:00,2026-06-04T05:21:21.493000412+00:00,211.452,200-250m,2.553,0-3d,1,synthetic_by_construction,Complaint 2 is a controlled semantic variant of Complaint 1 and represents the same benchmark issue.
24,V2P0024,synthetic_positive,6,SYN_DUP_0006,Waterlogging,Waterlogging,True,Standing water is causing difficulty for commuters.,People in the area have reported that Standing water is causing difficulty for commuters.,18.707803,73.703354,18.709599890858343,73.70264271293246,2026-06-14T22:48:10+00:00,2026-06-15T14:11:26.868498348+00:00,213.387,200-250m,15.388,0-3d,1,synthetic_by_construction,Complaint 2 is a controlled semantic variant of Complaint 1 and represents the same benchmark issue.
25,V2P0025,synthetic_positive,37,SYN_DUP_0037,Blocked Drain,Blocked Drain,True,Drain requires cleaning and maintenance.,Residents report a blocked drain problem: Drain needs cleaning and maintenance.,18.704755,73.688437,18.703527516586135,73.68651874574896,2026-06-30T14:26:10+00:00,2026-07-01T13:15:51.296610246+00:00,243.818,200-250m,22.828,0-3d,1,synthetic_by_construction,Complaint 2 is a controlled semantic variant of Complaint 1 and represents the same benchmark issue.
26,V2P0026,synthetic_positive,33,SYN_DUP_0033,Garbage Accumulation,Garbage Accumulation,True,Garbage has not been collected from the area.,The reported garbage accumulation issue is that Garbage has not been collected from the area.,18.715826,73.694564,18.713483873095175,73.69521798115329,2026-03-27T01:49:10+00:00,2026-03-29T19:41:17.642429982+00:00,269.386,250-300m,65.869,0-3d,1,synthetic_by_construction,Complaint 2 is a controlled semantic variant of Complaint 1 and represents the same benchmark issue.
27,V2P0027,synthetic_positive,24,SYN_DUP_0024,Other,Other,True,A municipal service-related issue has been reported.,A civic complaint has been raised because A municipal service-related issue has been reported.,18.727831,73.659978,18.725639617721356,73.65903877710943,2026-07-25T12:51:10+00:00,2026-07-26T06:47:53.885237355+00:00,262.979,250-300m,17.946,0-3d,1,synthetic_by_construction,Complaint 2 is a controlled semantic variant of Complaint 1 and represents the same benchmark issue.
28,V2P0028,synthetic_positive,27,SYN_DUP_0027,Pothole,Pothole,True,Large pothole causing difficulty for vehicles.,People in the area have reported that Large pothole causing difficulty for vehicles.,18.732264,73.671243,18.73415739887457,73.66974821397535,2026-08-12T16:50:10+00:00,2026-08-14T11:01:48.561274740+00:00,262.874,250-300m,42.194,0-3d,1,synthetic_by_construction,Complaint 2 is a controlled semantic variant of Complaint 1 and represents the same benchmark issue.
29,V2P0029,synthetic_positive,18,SYN_DUP_0018,Road Damage,Road Damage,True,Damaged portion of road requires maintenance.,Residents report a road damage problem: Damaged portion of road requires maintenance.,18.724494,73.67242,18.72691801672093,73.67238039736559,2026-07-31T19:11:10+00:00,2026-08-01T11:10:20.552090326+00:00,269.571,250-300m,15.986,0-3d,1,synthetic_by_construction,Complaint 2 is a controlled semantic variant of Complaint 1 and represents the same benchmark issue.
30,V2P0030,synthetic_positive,49,SYN_DUP_0049,Streetlight,Streetlight,True,Streetlight requires repair.,The reported streetlight issue is that Streetlight requires repair.,18.724511,73.699869,18.726876264879376,73.700630730408,2026-05-10T13:53:10+00:00,2026-05-10T20:39:31.901164490+00:00,274.967,250-300m,6.773,0-3d,1,synthetic_by_construction,Complaint 2 is a controlled semantic variant of Complaint 1 and represents the same benchmark issue.
31,V2P0031,synthetic_positive,28,SYN_DUP_0028,Water Leakage,Water Leakage,True,A water pipeline appears to be leaking.,A civic complaint has been raised because A water pipeline appears to be leaking.,18.721486,73.663696,18.721500976945254,73.66363758894653,2026-04-17T08:00:10+00:00,2026-04-22T20:14:28.763955086+00:00,6.373,0-50m,132.239,3-7d,1,synthetic_by_construction,Complaint 2 is a controlled semantic variant of Complaint 1 and represents the same benchmark issue.
32,V2P0032,synthetic_positive,9,SYN_DUP_0009,Waterlogging,Waterlogging,True,Rainwater has accumulated on the road.,People in the area have reported that Rainwater has accumulated on the road.,18.738355,73.677477,18.738211481654055,73.67761644180972,2026-08-24T15:44:10+00:00,2026-08-27T21:50:38.888248694+00:00,21.686,0-50m,78.108,3-7d,1,synthetic_by_construction,Complaint 2 is a controlled semantic variant of Complaint 1 and represents the same benchmark issue.
33,V2P0033,synthetic_positive,39,SYN_DUP_0039,Blocked Drain,Blocked Drain,True,Drain is blocked and water is not flowing.,Residents report a blocked drain problem: Drain has become blocked and water is not flowing.,18.74141,73.68025,18.741850575794032,73.68016451286893,2026-04-21T15:28:10+00:00,2026-04-26T18:16:08.869549838+00:00,49.81,0-50m,122.8,3-7d,1,synthetic_by_construction,Complaint 2 is a controlled semantic variant of Complaint 1 and represents the same benchmark issue.
34,V2P0034,synthetic_positive,38,SYN_DUP_0038,Garbage Accumulation,Garbage Accumulation,True,Waste has been dumped near the road.,The reported garbage accumulation issue is that Waste has been dumped near the road.,18.743202,73.701678,18.743130968451794,73.70127486193486,2026-09-21T14:57:10+00:00,2026-09-24T16:03:53.427866648+00:00,43.178,0-50m,73.112,3-7d,1,synthetic_by_construction,Complaint 2 is a controlled semantic variant of Complaint 1 and represents the same benchmark issue.
35,V2P0035,synthetic_positive,35,SYN_DUP_0035,Other,Other,True,A municipal service-related issue has been reported.,A civic complaint has been raised because A municipal service-related issue has been reported.,18.740285,73.668394,18.740252352332924,73.66871889818461,2026-04-08T07:25:10+00:00,2026-04-13T10:58:23.615257384+00:00,34.404,0-50m,123.554,3-7d,1,synthetic_by_construction,Complaint 2 is a controlled semantic variant of Complaint 1 and represents the same benchmark issue.
36,V2P0036,synthetic_positive,32,SYN_DUP_0032,Pothole,Pothole,True,Pothole is creating a safety problem for commuters.,People in the area have reported that Pothole is creating a safety problem for commuters.,18.723272,73.689378,18.722595243675826,73.68968847482918,2026-03-28T14:43:10+00:00,2026-04-01T01:26:14.415316485+00:00,82.048,50-100m,82.718,3-7d,1,synthetic_by_construction,Complaint 2 is a controlled semantic variant of Complaint 1 and represents the same benchmark issue.
37,V2P0037,synthetic_positive,25,SYN_DUP_0025,Road Damage,Road Damage,True,Road surface is damaged and needs repair.,Residents report a road damage problem: Road surface is damaged and requires repair.,18.714425,73.700506,18.714889693867182,73.70002059689726,2026-06-23T23:29:10+00:00,2026-06-30T19:03:10.447177894+00:00,72.686,50-100m,163.567,3-7d,1,synthetic_by_construction,Complaint 2 is a controlled semantic variant of Complaint 1 and represents the same benchmark issue.
38,V2P0038,synthetic_positive,57,SYN_DUP_0057,Streetlight,Streetlight,True,Streetlight requires repair.,The reported streetlight issue is that Streetlight requires repair.,18.725632,73.671015,18.72587822908634,73.67155557628297,2026-09-18T02:13:10+00:00,2026-09-23T02:16:50.539570113+00:00,63.169,50-100m,120.061,3-7d,1,synthetic_by_construction,Complaint 2 is a controlled semantic variant of Complaint 1 and represents the same benchmark issue.
39,V2P0039,synthetic_positive,29,SYN_DUP_0029,Water Leakage,Water Leakage,True,A water pipeline appears to be leaking.,A civic complaint has been raised because A water pipeline appears to be leaking.,18.749032,73.701772,18.748774240151885,73.70263847775284,2026-05-21T01:19:10+00:00,2026-05-27T12:53:25.879067072+00:00,95.631,50-100m,155.571,3-7d,1,synthetic_by_construction,Complaint 2 is a controlled semantic variant of Complaint 1 and represents the same benchmark issue.
40,V2P0040,synthetic_positive,20,SYN_DUP_0020,Waterlogging,Waterlogging,True,Standing water is causing difficulty for commuters.,People in the area have reported that Standing water is causing difficulty for commuters.,18.742849,73.675648,18.743271476125692,73.67628567036257,2026-05-15T20:10:10+00:00,2026-05-21T06:38:04.182145420+00:00,81.947,50-100m,130.465,3-7d,1,synthetic_by_construction,Complaint 2 is a controlled semantic variant of Complaint 1 and represents the same benchmark issue.
41,V2P0041,synthetic_positive,54,SYN_DUP_0054,Blocked Drain,Blocked Drain,True,Drain is blocked and water is not flowing.,Residents report a blocked drain problem: Drain has become blocked and water is not flowing.,18.746327,73.681773,18.746549224837107,73.68048238007744,2026-05-05T14:37:10+00:00,2026-05-10T18:24:15.975164258+00:00,138.126,100-150m,123.785,3-7d,1,synthetic_by_construction,Complaint 2 is a controlled semantic variant of Complaint 1 and represents the same benchmark issue.
42,V2P0042,synthetic_positive,41,SYN_DUP_0041,Garbage Accumulation,Garbage Accumulation,True,Waste has been dumped near the road.,The reported garbage accumulation issue is that Waste has been dumped near the road.,18.704513,73.690248,18.70400183221728,73.69132119350787,2026-04-25T18:25:10+00:00,2026-04-28T18:29:03.626713556+00:00,126.518,100-150m,72.065,3-7d,1,synthetic_by_construction,Complaint 2 is a controlled semantic variant of Complaint 1 and represents the same benchmark issue.
43,V2P0043,synthetic_positive,51,SYN_DUP_0051,Other,Other,True,A municipal service-related issue has been reported.,A civic complaint has been raised because A municipal service-related issue has been reported.,18.69997,73.710779,18.700626948143192,73.71011714167949,2026-09-16T23:11:10+00:00,2026-09-23T16:22:49.034230866+00:00,100.974,100-150m,161.194,3-7d,1,synthetic_by_construction,Complaint 2 is a controlled semantic variant of Complaint 1 and represents the same benchmark issue.
44,V2P0044,synthetic_positive,40,SYN_DUP_0040,Pothole,Pothole,True,Pothole is creating a safety problem for commuters.,People in the area have reported that Pothole is creating a safety problem for commuters.,18.745703,73.710214,18.746892884009917,73.7106926460445,2026-04-20T21:50:10+00:00,2026-04-25T03:21:51.811230645+00:00,141.583,100-150m,101.528,3-7d,1,synthetic_by_construction,Complaint 2 is a controlled semantic variant of Complaint 1 and represents the same benchmark issue.
45,V2P0045,synthetic_positive,31,SYN_DUP_0031,Road Damage,Road Damage,True,Damaged portion of road requires maintenance.,Residents report a road damage problem: Damaged portion of road requires maintenance.,18.736814,73.691387,18.737925196338683,73.69208745388599,2026-05-04T06:10:10+00:00,2026-05-11T01:04:37.638114956+00:00,143.9,100-150m,162.908,3-7d,1,synthetic_by_construction,Complaint 2 is a controlled semantic variant of Complaint 1 and represents the same benchmark issue.
46,V2P0046,synthetic_positive,79,SYN_DUP_0079,Streetlight,Streetlight,True,Streetlight is not functioning.,The reported streetlight issue is that Streetlight is not functioning.,18.732956,73.693157,18.733060343262522,73.69150547508333,2026-06-29T04:54:10+00:00,2026-07-02T11:33:23.354732008+00:00,174.3,150-200m,78.654,3-7d,1,synthetic_by_construction,Complaint 2 is a controlled semantic variant of Complaint 1 and represents the same benchmark issue.
47,V2P0047,synthetic_positive,47,SYN_DUP_0047,Water Leakage,Water Leakage,True,Water leakage is observed near the road.,A civic complaint has been raised because Water leakage is observed near the road.,18.711668,73.677248,18.709995032433824,73.67752454709316,2026-08-02T22:40:10+00:00,2026-08-06T11:00:13.468038396+00:00,188.292,150-200m,84.334,3-7d,1,synthetic_by_construction,Complaint 2 is a controlled semantic variant of Complaint 1 and represents the same benchmark issue.
48,V2P0048,synthetic_positive,43,SYN_DUP_0043,Waterlogging,Waterlogging,True,Standing water is causing difficulty for commuters.,People in the area have reported that Standing water is causing difficulty for commuters.,18.721757,73.689021,18.72286733889386,73.68781018824356,2026-08-20T17:17:10+00:00,2026-08-24T18:44:20.028923042+00:00,177.49,150-200m,97.453,3-7d,1,synthetic_by_construction,Complaint 2 is a controlled semantic variant of Complaint 1 and represents the same benchmark issue.
49,V2P0049,synthetic_positive,60,SYN_DUP_0060,Blocked Drain,Blocked Drain,True,Drain requires cleaning and maintenance.,Residents report a blocked drain problem: Drain needs cleaning and maintenance.,18.747178,73.699928,18.74568542899915,73.69953072442877,2026-08-26T00:24:10+00:00,2026-08-29T20:44:35.835065387+00:00,171.157,150-200m,92.341,3-7d,1,synthetic_by_construction,Complaint 2 is a controlled semantic variant of Complaint 1 and represents the same benchmark issue.
50,V2P0050,synthetic_positive,44,SYN_DUP_0044,Garbage Accumulation,Garbage Accumulation,True,Garbage has accumulated near the roadside.,The reported garbage accumulation issue is that Garbage has accumulated near the roadside.,18.729336,73.678047,18.728701799840344,73.67968649375177,2026-05-22T20:38:10+00:00,2026-05-26T15:57:16.566069196+00:00,186.497,150-200m,91.318,3-7d,1,synthetic_by_construction,Complaint 2 is a controlled semantic variant of Complaint 1 and represents the same benchmark issue.
51,V2P0051,synthetic_positive,58,SYN_DUP_0058,Other,Other,True,A municipal service-related issue has been reported.,A civic complaint has been raised because A municipal service-related issue has been reported.,18.724645,73.682854,18.722566626914876,73.68375332280782,2026-08-12T04:51:10+00:00,2026-08-17T19:14:40.461110120+00:00,249.757,200-250m,134.392,3-7d,1,synthetic_by_construction,Complaint 2 is a controlled semantic variant of Complaint 1 and represents the same benchmark issue.
52,V2P0052,synthetic_positive,42,SYN_DUP_0042,Pothole,Pothole,True,Large pothole causing difficulty for vehicles.,People in the area have reported that Large pothole causing difficulty for vehicles.,18.728986,73.669021,18.729307592246368,73.67113890670497,2026-08-10T08:17:10+00:00,2026-08-13T19:54:40.693941021+00:00,225.879,200-250m,83.625,3-7d,1,synthetic_by_construction,Complaint 2 is a controlled semantic variant of Complaint 1 and represents the same benchmark issue.
53,V2P0053,synthetic_positive,34,SYN_DUP_0034,Road Damage,Road Damage,True,Road surface is damaged and needs repair.,Residents report a road damage problem: Road surface is damaged and requires repair.,18.731321,73.660842,18.73156408822347,73.66288570635622,2026-07-01T08:55:10+00:00,2026-07-06T17:24:04.313984955+00:00,216.904,200-250m,128.482,3-7d,1,synthetic_by_construction,Complaint 2 is a controlled semantic variant of Complaint 1 and represents the same benchmark issue.
54,V2P0054,synthetic_positive,81,SYN_DUP_0081,Streetlight,Streetlight,True,Streetlight requires repair.,The reported streetlight issue is that Streetlight requires repair.,18.747218,73.690957,18.745928575775856,73.68948668511919,2026-04-29T02:45:10+00:00,2026-05-02T09:34:38.654773625+00:00,211.011,200-250m,78.825,3-7d,1,synthetic_by_construction,Complaint 2 is a controlled semantic variant of Complaint 1 and represents the same benchmark issue.
55,V2P0055,synthetic_positive,66,SYN_DUP_0066,Water Leakage,Water Leakage,True,Water leakage is observed near the road.,A civic complaint has been raised because Water leakage is observed near the road.,18.717839,73.68523,18.71904775894825,73.6836800511231,2026-06-10T13:48:10+00:00,2026-06-17T04:43:26.561374449+00:00,211.447,200-250m,158.921,3-7d,1,synthetic_by_construction,Complaint 2 is a controlled semantic variant of Complaint 1 and represents the same benchmark issue.
56,V2P0056,synthetic_positive,46,SYN_DUP_0046,Waterlogging,Waterlogging,True,Standing water is causing difficulty for commuters.,People in the area have reported that Standing water is causing difficulty for commuters.,18.71374,73.698561,18.712629021499747,73.69645942521204,2026-06-15T08:37:10+00:00,2026-06-19T07:28:31.833471087+00:00,253.472,250-300m,94.856,3-7d,1,synthetic_by_construction,Complaint 2 is a controlled semantic variant of Complaint 1 and represents the same benchmark issue.
57,V2P0057,synthetic_positive,73,SYN_DUP_0073,Blocked Drain,Blocked Drain,True,Drain requires cleaning and maintenance.,Residents report a blocked drain problem: Drain needs cleaning and maintenance.,18.740532,73.681583,18.742685029036963,73.68060784960821,2026-03-27T11:02:10+00:00,2026-03-30T23:44:48.211692814+00:00,260.498,250-300m,84.711,3-7d,1,synthetic_by_construction,Complaint 2 is a controlled semantic variant of Complaint 1 and represents the same benchmark issue.
58,V2P0058,synthetic_positive,64,SYN_DUP_0064,Garbage Accumulation,Garbage Accumulation,True,Garbage has accumulated near the roadside.,The reported garbage accumulation issue is that Garbage has accumulated near the roadside.,18.71135,73.704399,18.71188951040904,73.70182174940797,2026-06-27T11:15:10+00:00,2026-07-02T08:38:04.090536408+00:00,277.981,250-300m,117.382,3-7d,1,synthetic_by_construction,Complaint 2 is a controlled semantic variant of Complaint 1 and represents the same benchmark issue.
59,V2P0059,synthetic_positive,68,SYN_DUP_0068,Other,Other,True,A municipal issue has been reported.,A civic complaint has been raised because A municipal issue has been reported.,18.742112,73.671598,18.744247919349398,73.67317118517896,2026-04-25T17:35:10+00:00,2026-04-29T11:52:24.811646547+00:00,289.567,250-300m,90.287,3-7d,1,synthetic_by_construction,Complaint 2 is a controlled semantic variant of Complaint 1 and represents the same benchmark issue.
60,V2P0060,synthetic_positive,50,SYN_DUP_0050,Pothole,Pothole,True,Pothole is creating a safety problem for commuters.,People in the area have reported that Pothole is creating a safety problem for commuters.,18.729984,73.701845,18.72759789313315,73.70237462315474,2026-07-17T13:51:10+00:00,2026-07-22T06:31:19.523285255+00:00,271.122,250-300m,112.669,3-7d,1,synthetic_by_construction,Complaint 2 is a controlled semantic variant of Complaint 1 and represents the same benchmark issue.
61,V2P0061,synthetic_positive,36,SYN_DUP_0036,Road Damage,Road Damage,True,Damaged portion of road requires maintenance.,Residents report a road damage problem: Damaged portion of road requires maintenance.,18.73499,73.696539,18.735318639998066,73.69650435884677,2026-05-27T03:52:10+00:00,2026-06-18T15:34:11.787257546+00:00,36.725,0-50m,539.7,7-30d,1,synthetic_by_construction,Complaint 2 is a controlled semantic variant of Complaint 1 and represents the same benchmark issue.
62,V2P0062,synthetic_positive,85,SYN_DUP_0085,Streetlight,Streetlight,True,Streetlight is not functioning.,The reported streetlight issue is that Streetlight is not functioning.,18.733553,73.681752,18.733525136615132,73.68179881397131,2026-05-30T08:50:10+00:00,2026-06-15T15:05:20.517427472+00:00,5.822,0-50m,390.253,7-30d,1,synthetic_by_construction,Complaint 2 is a controlled semantic variant of Complaint 1 and represents the same benchmark issue.
63,V2P0063,synthetic_positive,67,SYN_DUP_0067,Water Leakage,Water Leakage,True,Water is leaking from a pipeline.,A civic complaint has been raised because Water is leaking from a pipeline.,18.704701,73.700546,18.704843617112275,73.7009277586766,2026-07-27T17:50:10+00:00,2026-08-09T11:06:06.915138370+00:00,43.222,0-50m,305.266,7-30d,1,synthetic_by_construction,Complaint 2 is a controlled semantic variant of Complaint 1 and represents the same benchmark issue.
64,V2P0064,synthetic_positive,52,SYN_DUP_0052,Waterlogging,Waterlogging,True,Rainwater has accumulated on the road.,People in the area have reported that Rainwater has accumulated on the road.,18.739938,73.682166,18.739901128969937,73.68238075202467,2026-07-30T13:52:10+00:00,2026-08-16T06:45:14.006939894+00:00,22.982,0-50m,400.884,7-30d,1,synthetic_by_construction,Complaint 2 is a controlled semantic variant of Complaint 1 and represents the same benchmark issue.
65,V2P0065,synthetic_positive,86,SYN_DUP_0086,Blocked Drain,Blocked Drain,True,Drain is blocked and water is not flowing.,Residents report a blocked drain problem: Drain has become blocked and water is not flowing.,18.723963,73.698702,18.723851446238786,73.69874597554146,2026-08-10T14:35:10+00:00,2026-09-07T20:13:46.161319718+00:00,13.241,0-50m,677.643,7-30d,1,synthetic_by_construction,Complaint 2 is a controlled semantic variant of Complaint 1 and represents the same benchmark issue.
66,V2P0066,synthetic_positive,71,SYN_DUP_0071,Garbage Accumulation,Garbage Accumulation,True,Garbage has accumulated near the roadside.,The reported garbage accumulation issue is that Garbage has accumulated near the roadside.,18.72379,73.69997,18.72458504970511,73.70024619766212,2026-09-01T23:34:10+00:00,2026-09-21T15:21:12.649189090+00:00,93.067,50-100m,471.784,7-30d,1,synthetic_by_construction,Complaint 2 is a controlled semantic variant of Complaint 1 and represents the same benchmark issue.
67,V2P0067,synthetic_positive,77,SYN_DUP_0077,Other,Other,True,An issue with public infrastructure has been noticed.,A civic complaint has been raised because An issue with public infrastructure has been noticed.,18.72682,73.695278,18.72770199526286,73.69509425082457,2026-06-05T05:28:10+00:00,2026-07-01T10:57:29.920077817+00:00,99.964,50-100m,629.489,7-30d,1,synthetic_by_construction,Complaint 2 is a controlled semantic variant of Complaint 1 and represents the same benchmark issue.
68,V2P0068,synthetic_positive,55,SYN_DUP_0055,Pothole,Pothole,True,Deep pothole noticed on the road.,People in the area have reported that Deep pothole noticed on the road.,18.74256,73.689952,18.742994780658957,73.69074314485732,2026-05-08T09:14:10+00:00,2026-06-03T21:43:03.610381669+00:00,96.318,50-100m,636.482,7-30d,1,synthetic_by_construction,Complaint 2 is a controlled semantic variant of Complaint 1 and represents the same benchmark issue.
69,V2P0069,synthetic_positive,53,SYN_DUP_0053,Road Damage,Road Damage,True,Road surface is damaged and needs repair.,Residents report a road damage problem: Road surface is damaged and requires repair.,18.738965,73.698919,18.73842199366491,73.69932990096254,2026-08-18T07:50:10+00:00,2026-08-30T05:49:56.938065842+00:00,74.282,50-100m,285.996,7-30d,1,synthetic_by_construction,Complaint 2 is a controlled semantic variant of Complaint 1 and represents the same benchmark issue.
70,V2P0070,synthetic_positive,89,SYN_DUP_0089,Streetlight,Streetlight,True,Streetlight is not working at night.,The reported streetlight issue is that Streetlight is not working at night.,18.750156,73.712589,18.75063000025936,73.71254266247466,2026-03-28T21:18:10+00:00,2026-04-13T14:30:07.738998644+00:00,52.932,50-100m,377.199,7-30d,1,synthetic_by_construction,Complaint 2 is a controlled semantic variant of Complaint 1 and represents the same benchmark issue.
71,V2P0071,synthetic_positive,69,SYN_DUP_0069,Water Leakage,Water Leakage,True,A water pipeline appears to be leaking.,A civic complaint has been raised because A water pipeline appears to be leaking.,18.728124,73.666805,18.727145855816108,73.66710500586491,2026-04-17T04:38:10+00:00,2026-05-12T05:26:42.873650527+00:00,113.26,100-150m,600.809,7-30d,1,synthetic_by_construction,Complaint 2 is a controlled semantic variant of Complaint 1 and represents the same benchmark issue.
72,V2P0072,synthetic_positive,59,SYN_DUP_0059,Waterlogging,Waterlogging,True,Standing water is causing difficulty for commuters.,People in the area have reported that Standing water is causing difficulty for commuters.,18.746221,73.675831,18.74731008092373,73.67579791413446,2026-06-12T11:55:10+00:00,2026-07-11T12:21:33.152481271+00:00,121.15,100-150m,696.44,7-30d,1,synthetic_by_construction,Complaint 2 is a controlled semantic variant of Complaint 1 and represents the same benchmark issue.
73,V2P0073,synthetic_positive,88,SYN_DUP_0088,Blocked Drain,Blocked Drain,True,Drain requires cleaning and maintenance.,Residents report a blocked drain problem: Drain needs cleaning and maintenance.,18.744799,73.695336,18.74544617529936,73.69633887250153,2026-08-13T12:07:10+00:00,2026-09-06T00:41:01.061970948+00:00,127.788,100-150m,564.564,7-30d,1,synthetic_by_construction,Complaint 2 is a controlled semantic variant of Complaint 1 and represents the same benchmark issue.
74,V2P0074,synthetic_positive,75,SYN_DUP_0075,Garbage Accumulation,Garbage Accumulation,True,Garbage has not been collected from the area.,The reported garbage accumulation issue is that Garbage has not been collected from the area.,18.703196,73.688815,18.70228845305454,73.68829466391311,2026-09-20T07:40:10+00:00,2026-10-19T14:23:50.376529573+00:00,114.835,100-150m,702.728,7-30d,1,synthetic_by_construction,Complaint 2 is a controlled semantic variant of Complaint 1 and represents the same benchmark issue.
75,V2P0075,synthetic_positive,78,SYN_DUP_0078,Other,Other,True,A municipal issue has been reported.,A civic complaint has been raised because A municipal issue has been reported.,18.733245,73.663524,18.734315177405726,73.66394829360519,2026-07-19T23:31:10+00:00,2026-08-13T04:24:16.106465102+00:00,127.11,100-150m,580.885,7-30d,1,synthetic_by_construction,Complaint 2 is a controlled semantic variant of Complaint 1 and represents the same benchmark issue.
76,V2P0076,synthetic_positive,65,SYN_DUP_0065,Pothole,Pothole,True,Deep pothole noticed on the road.,People in the area have reported that Deep pothole noticed on the road.,18.702321,73.692826,18.70329045550999,73.69146674260156,2026-06-01T21:31:10+00:00,2026-06-20T11:05:52.178323872+00:00,179.209,150-200m,445.578,7-30d,1,synthetic_by_construction,Complaint 2 is a controlled semantic variant of Complaint 1 and represents the same benchmark issue.
77,V2P0077,synthetic_positive,56,SYN_DUP_0056,Road Damage,Road Damage,True,Damaged portion of road requires maintenance.,Residents report a road damage problem: Damaged portion of road requires maintenance.,18.730533,73.674342,18.73177667787282,73.67506515099093,2026-08-11T14:16:10+00:00,2026-09-09T16:37:11.248546470+00:00,157.872,150-200m,698.35,7-30d,1,synthetic_by_construction,Complaint 2 is a controlled semantic variant of Complaint 1 and represents the same benchmark issue.
78,V2P0078,synthetic_positive,95,SYN_DUP_0095,Streetlight,Streetlight,True,Streetlight requires repair.,The reported streetlight issue is that Streetlight requires repair.,18.7425,73.673887,18.741851345405742,73.67253820596075,2026-07-01T13:59:10+00:00,2026-07-22T06:26:58.342273662+00:00,159.291,150-200m,496.463,7-30d,1,synthetic_by_construction,Complaint 2 is a controlled semantic variant of Complaint 1 and represents the same benchmark issue.
79,V2P0079,synthetic_positive,74,SYN_DUP_0074,Water Leakage,Water Leakage,True,Water leakage is observed near the road.,A civic complaint has been raised because Water leakage is observed near the road.,18.724026,73.679415,18.725148571969644,73.67843803067662,2026-06-06T15:34:10+00:00,2026-06-16T09:45:20.363317623+00:00,161.76,150-200m,234.186,7-30d,1,synthetic_by_construction,Complaint 2 is a controlled semantic variant of Complaint 1 and represents the same benchmark issue.
80,V2P0080,synthetic_positive,62,SYN_DUP_0062,Waterlogging,Waterlogging,True,Water is accumulated in the area.,People in the area have reported that Water is accumulated in the area.,18.733725,73.677143,18.732657052505722,73.67609224451782,2026-09-19T00:20:10+00:00,2026-10-09T16:30:53.059212127+00:00,162.311,150-200m,496.179,7-30d,1,synthetic_by_construction,Complaint 2 is a controlled semantic variant of Complaint 1 and represents the same benchmark issue.
81,V2P0081,synthetic_positive,102,SYN_DUP_0102,Blocked Drain,Blocked Drain,True,Drain is blocked and water is not flowing.,Residents report a blocked drain problem: Drain has become blocked and water is not flowing.,18.724277,73.701108,18.722310172755773,73.70080867141507,2026-05-19T02:29:10+00:00,2026-06-08T12:40:38.561077107+00:00,220.961,200-250m,490.191,7-30d,1,synthetic_by_construction,Complaint 2 is a controlled semantic variant of Complaint 1 and represents the same benchmark issue.
82,V2P0082,synthetic_positive,90,SYN_DUP_0090,Garbage Accumulation,Garbage Accumulation,True,Waste has been dumped near the road.,The reported garbage accumulation issue is that Waste has been dumped near the road.,18.715866,73.708556,18.715398181747457,73.70626583061485,2026-07-16T23:38:10+00:00,2026-07-28T16:23:42.527763272+00:00,246.735,200-250m,280.759,7-30d,1,synthetic_by_construction,Complaint 2 is a controlled semantic variant of Complaint 1 and represents the same benchmark issue.
83,V2P0083,synthetic_positive,83,SYN_DUP_0083,Other,Other,True,An issue with public infrastructure has been noticed.,A civic complaint has been raised because An issue with public infrastructure has been noticed.,18.722392,73.671198,18.72149158060528,73.66942427090989,2026-06-22T16:12:10+00:00,2026-07-08T18:40:57.386453096+00:00,211.934,200-250m,386.48,7-30d,1,synthetic_by_construction,Complaint 2 is a controlled semantic variant of Complaint 1 and represents the same benchmark issue.
84,V2P0084,synthetic_positive,70,SYN_DUP_0070,Pothole,Pothole,True,Pothole is creating a safety problem for commuters.,People in the area have reported that Pothole is creating a safety problem for commuters.,18.744199,73.702924,18.744221650810548,73.70088230656872,2026-07-01T07:14:10+00:00,2026-07-15T13:46:21.942052362+00:00,215.0,200-250m,342.537,7-30d,1,synthetic_by_construction,Complaint 2 is a controlled semantic variant of Complaint 1 and represents the same benchmark issue.
85,V2P0085,synthetic_positive,61,SYN_DUP_0061,Road Damage,Road Damage,True,Damaged portion of road requires maintenance.,Residents report a road damage problem: Damaged portion of road requires maintenance.,18.739684,73.681993,18.74151517665974,73.68197422132597,2026-09-13T08:43:10+00:00,2026-09-30T21:41:54.492268839+00:00,203.627,200-250m,420.979,7-30d,1,synthetic_by_construction,Complaint 2 is a controlled semantic variant of Complaint 1 and represents the same benchmark issue.
86,V2P0086,synthetic_positive,100,SYN_DUP_0100,Streetlight,Streetlight,True,Streetlight requires repair.,The reported streetlight issue is that Streetlight requires repair.,18.721975,73.698412,18.72259157863249,73.70117368794229,2026-09-08T05:48:10+00:00,2026-09-16T22:15:07.067583231+00:00,298.809,250-300m,208.449,7-30d,1,synthetic_by_construction,Complaint 2 is a controlled semantic variant of Complaint 1 and represents the same benchmark issue.
87,V2P0087,synthetic_positive,93,SYN_DUP_0093,Water Leakage,Water Leakage,True,A water pipeline appears to be leaking.,A civic complaint has been raised because A water pipeline appears to be leaking.,18.746709,73.693052,18.74844189988253,73.69135213549515,2026-05-03T17:02:10+00:00,2026-06-01T04:11:45.438611490+00:00,262.995,250-300m,683.16,7-30d,1,synthetic_by_construction,Complaint 2 is a controlled semantic variant of Complaint 1 and represents the same benchmark issue.
88,V2P0088,synthetic_positive,63,SYN_DUP_0063,Waterlogging,Waterlogging,True,Standing water is causing difficulty for commuters.,People in the area have reported that Standing water is causing difficulty for commuters.,18.731818,73.6685,18.733261679473173,73.67082857742732,2026-06-11T09:59:10+00:00,2026-06-26T21:58:16.927766715+00:00,293.084,250-300m,371.985,7-30d,1,synthetic_by_construction,Complaint 2 is a controlled semantic variant of Complaint 1 and represents the same benchmark issue.
89,V2P0089,synthetic_positive,112,SYN_DUP_0112,Blocked Drain,Blocked Drain,True,Drain requires cleaning and maintenance.,Residents report a blocked drain problem: Drain needs cleaning and maintenance.,18.727578,73.664462,18.725580250062706,73.66267913955362,2026-09-11T07:10:10+00:00,2026-10-04T11:31:35.211696320+00:00,290.854,250-300m,556.357,7-30d,1,synthetic_by_construction,Complaint 2 is a controlled semantic variant of Complaint 1 and represents the same benchmark issue.
90,V2P0090,synthetic_positive,94,SYN_DUP_0094,Garbage Accumulation,Garbage Accumulation,True,Waste has been dumped near the road.,The reported garbage accumulation issue is that Waste has been dumped near the road.,18.705952,73.713198,18.708632104638305,73.71333719695515,2026-04-17T07:46:10+00:00,2026-05-09T08:46:04.195407330+00:00,298.374,250-300m,528.998,7-30d,1,synthetic_by_construction,Complaint 2 is a controlled semantic variant of Complaint 1 and represents the same benchmark issue.
91,V2P0091,synthetic_positive,101,SYN_DUP_0101,Other,Other,True,A municipal issue has been reported.,A civic complaint has been raised because A municipal issue has been reported.,18.72554,73.680751,18.72534892446992,73.68041760117819,2026-08-08T07:13:10+00:00,2026-09-16T06:46:44.948067263+00:00,41.038,0-50m,935.56,30-60d,1,synthetic_by_construction,Complaint 2 is a controlled semantic variant of Complaint 1 and represents the same benchmark issue.
92,V2P0092,synthetic_positive,76,SYN_DUP_0076,Pothole,Pothole,True,Pothole is creating a safety problem for commuters.,People in the area have reported that Pothole is creating a safety problem for commuters.,18.735849,73.666246,18.736165354735896,73.66654211337489,2026-09-12T23:28:10+00:00,2026-10-17T00:10:03.734027491+00:00,47.008,0-50m,816.698,30-60d,1,synthetic_by_construction,Complaint 2 is a controlled semantic variant of Complaint 1 and represents the same benchmark issue.
93,V2P0093,synthetic_positive,80,SYN_DUP_0080,Road Damage,Road Damage,True,Road surface is damaged and needs repair.,Residents report a road damage problem: Road surface is damaged and requires repair.,18.733849,73.677797,18.73384113994616,73.67785571861836,2026-08-21T11:35:10+00:00,2026-10-07T01:54:41.761122370+00:00,6.245,0-50m,1118.325,30-60d,1,synthetic_by_construction,Complaint 2 is a controlled semantic variant of Complaint 1 and represents the same benchmark issue.
94,V2P0094,synthetic_positive,119,SYN_DUP_0119,Streetlight,Streetlight,True,Streetlight is not functioning.,The reported streetlight issue is that Streetlight is not functioning.,18.709212,73.685721,18.709291197058633,73.68599961688929,2026-06-23T15:34:10+00:00,2026-08-14T04:15:10.955025027+00:00,30.637,0-50m,1236.684,30-60d,1,synthetic_by_construction,Complaint 2 is a controlled semantic variant of Complaint 1 and represents the same benchmark issue.
95,V2P0095,synthetic_positive,103,SYN_DUP_0103,Water Leakage,Water Leakage,True,Water is leaking from a pipeline.,A civic complaint has been raised because Water is leaking from a pipeline.,18.711014,73.694151,18.710726267266654,73.69417292788977,2026-08-23T06:33:10+00:00,2026-09-30T04:37:42.769605562+00:00,32.078,0-50m,910.076,30-60d,1,synthetic_by_construction,Complaint 2 is a controlled semantic variant of Complaint 1 and represents the same benchmark issue.
96,V2P0096,synthetic_positive,72,SYN_DUP_0072,Waterlogging,Waterlogging,True,Standing water is causing difficulty for commuters.,People in the area have reported that Standing water is causing difficulty for commuters.,18.731674,73.699532,18.732390677298927,73.70002772828592,2026-08-15T14:37:10+00:00,2026-10-09T23:48:56.365126587+00:00,95.267,50-100m,1329.196,30-60d,1,synthetic_by_construction,Complaint 2 is a controlled semantic variant of Complaint 1 and represents the same benchmark issue.
97,V2P0097,synthetic_positive,113,SYN_DUP_0113,Blocked Drain,Blocked Drain,True,Waste has blocked the drainage system.,Residents report a blocked drain problem: Waste has caused a blockage in the drainage system.,18.741849,73.687401,18.74248896737808,73.6874160581393,2026-08-19T05:33:10+00:00,2026-09-26T12:46:11.180048013+00:00,71.179,50-100m,919.217,30-60d,1,synthetic_by_construction,Complaint 2 is a controlled semantic variant of Complaint 1 and represents the same benchmark issue.
98,V2P0098,synthetic_positive,98,SYN_DUP_0098,Garbage Accumulation,Garbage Accumulation,True,Garbage has accumulated near the roadside.,The reported garbage accumulation issue is that Garbage has accumulated near the roadside.,18.747353,73.705085,18.747293232744987,73.70592365175006,2026-09-19T02:50:10+00:00,2026-11-07T05:33:40.937883592+00:00,88.556,50-100m,1178.725,30-60d,1,synthetic_by_construction,Complaint 2 is a controlled semantic variant of Complaint 1 and represents the same benchmark issue.
99,V2P0099,synthetic_positive,129,SYN_DUP_0129,Other,Other,True,A municipal service-related issue has been reported.,A civic complaint has been raised because A municipal service-related issue has been reported.,18.730024,73.673977,18.7293204733158,73.67433984573512,2026-09-08T08:06:10+00:00,2026-10-24T21:19:01.791064446+00:00,87.062,50-100m,1117.214,30-60d,1,synthetic_by_construction,Complaint 2 is a controlled semantic variant of Complaint 1 and represents the same benchmark issue.
100,V2P0100,synthetic_positive,84,SYN_DUP_0084,Pothole,Pothole,True,Pothole is creating a safety problem for commuters.,People in the area have reported that Pothole is creating a safety problem for commuters.,18.733102,73.692631,18.733438960835034,73.69230970746624,2026-08-23T12:36:10+00:00,2026-09-24T18:47:15.376532241+00:00,50.483,50-100m,774.185,30-60d,1,synthetic_by_construction,Complaint 2 is a controlled semantic variant of Complaint 1 and represents the same benchmark issue.
101,V2P0101,synthetic_positive,92,SYN_DUP_0092,Road Damage,Road Damage,True,Road has cracks and damaged portions.,Residents report a road damage problem: Road has cracks and damaged portions.,18.707791,73.68375,18.70845283545941,73.6825615820179,2026-07-19T22:45:10+00:00,2026-09-04T07:34:56.388370302+00:00,145.196,100-150m,1112.83,30-60d,1,synthetic_by_construction,Complaint 2 is a controlled semantic variant of Complaint 1 and represents the same benchmark issue.
102,V2P0102,synthetic_positive,125,SYN_DUP_0125,Streetlight,Streetlight,True,Streetlight requires repair.,The reported streetlight issue is that Streetlight requires repair.,18.726841,73.664112,18.72764941646526,73.66499225034134,2026-07-22T07:56:10+00:00,2026-08-25T18:34:19.760814634+00:00,129.125,100-150m,826.636,30-60d,1,synthetic_by_construction,Complaint 2 is a controlled semantic variant of Complaint 1 and represents the same benchmark issue.
103,V2P0103,synthetic_positive,109,SYN_DUP_0109,Water Leakage,Water Leakage,True,Water leakage is observed near the road.,A civic complaint has been raised because Water leakage is observed near the road.,18.726379,73.661032,18.726675595428144,73.65998174831452,2026-07-18T10:49:10+00:00,2026-09-13T10:05:13.655487198+00:00,115.413,100-150m,1367.268,30-60d,1,synthetic_by_construction,Complaint 2 is a controlled semantic variant of Complaint 1 and represents the same benchmark issue.
104,V2P0104,synthetic_positive,82,SYN_DUP_0082,Waterlogging,Waterlogging,True,Standing water is causing difficulty for commuters.,People in the area have reported that Standing water is causing difficulty for commuters.,18.747555,73.711733,18.747874301985046,73.7130489033711,2026-08-25T12:09:10+00:00,2026-10-21T11:22:46.296589707+00:00,143.035,100-150m,1367.227,30-60d,1,synthetic_by_construction,Complaint 2 is a controlled semantic variant of Complaint 1 and represents the same benchmark issue.
105,V2P0105,synthetic_positive,114,SYN_DUP_0114,Blocked Drain,Blocked Drain,True,Waste has blocked the drainage system.,Residents report a blocked drain problem: Waste has caused a blockage in the drainage system.,18.716845,73.692027,18.71703526660001,73.69097805797088,2026-05-16T17:21:10+00:00,2026-06-18T19:22:23.366802888+00:00,112.476,100-150m,794.02,30-60d,1,synthetic_by_construction,Complaint 2 is a controlled semantic variant of Complaint 1 and represents the same benchmark issue.
106,V2P0106,synthetic_positive,118,SYN_DUP_0118,Garbage Accumulation,Garbage Accumulation,True,Waste has been dumped near the road.,The reported garbage accumulation issue is that Waste has been dumped near the road.,18.729343,73.688705,18.728074805179556,73.68743698073884,2026-08-28T23:49:10+00:00,2026-10-10T04:25:01.564858813+00:00,194.207,150-200m,1012.598,30-60d,1,synthetic_by_construction,Complaint 2 is a controlled semantic variant of Complaint 1 and represents the same benchmark issue.
107,V2P0107,synthetic_positive,139,SYN_DUP_0139,Other,Other,True,A municipal service-related issue has been reported.,A civic complaint has been raised because A municipal service-related issue has been reported.,18.719177,73.692476,18.72011241802444,73.69135010594294,2026-06-01T14:28:10+00:00,2026-07-29T11:59:04.116961439+00:00,157.728,150-200m,1389.515,30-60d,1,synthetic_by_construction,Complaint 2 is a controlled semantic variant of Complaint 1 and represents the same benchmark issue.
108,V2P0108,synthetic_positive,87,SYN_DUP_0087,Pothole,Pothole,True,Large pothole causing difficulty for vehicles.,People in the area have reported that Large pothole causing difficulty for vehicles.,18.701828,73.702407,18.703142194223158,73.70112713733955,2026-08-13T23:33:10+00:00,2026-10-07T07:18:37.110303590+00:00,198.81,150-200m,1303.758,30-60d,1,synthetic_by_construction,Complaint 2 is a controlled semantic variant of Complaint 1 and represents the same benchmark issue.
109,V2P0109,synthetic_positive,104,SYN_DUP_0104,Road Damage,Road Damage,True,Road has cracks and damaged portions.,Residents report a road damage problem: Road has cracks and damaged portions.,18.733586,73.6618,18.732914449029906,73.66304894582912,2026-03-27T21:51:10+00:00,2026-05-19T00:10:54.594468189+00:00,151.239,150-200m,1250.329,30-60d,1,synthetic_by_construction,Complaint 2 is a controlled semantic variant of Complaint 1 and represents the same benchmark issue.
110,V2P0110,synthetic_positive,128,SYN_DUP_0128,Streetlight,Streetlight,True,Streetlight is not working at night.,The reported streetlight issue is that Streetlight is not working at night.,18.742852,73.699448,18.74401307377516,73.69804067186863,2026-03-31T03:28:10+00:00,2026-05-24T05:04:50.599660062+00:00,196.541,150-200m,1297.611,30-60d,1,synthetic_by_construction,Complaint 2 is a controlled semantic variant of Complaint 1 and represents the same benchmark issue.
111,V2P0111,synthetic_positive,111,SYN_DUP_0111,Water Leakage,Water Leakage,True,A water pipeline appears to be leaking.,A civic complaint has been raised because A water pipeline appears to be leaking.,18.704281,73.691613,18.70478433159295,73.68939186003904,2026-05-23T11:49:10+00:00,2026-06-30T11:55:36.794263326+00:00,240.537,200-250m,912.107,30-60d,1,synthetic_by_construction,Complaint 2 is a controlled semantic variant of Complaint 1 and represents the same benchmark issue.
112,V2P0112,synthetic_positive,91,SYN_DUP_0091,Waterlogging,Waterlogging,True,Water is accumulated in the area.,People in the area have reported that Water is accumulated in the area.,18.72561,73.668609,18.726774854744015,73.66709518702744,2026-08-10T19:34:10+00:00,2026-10-05T23:31:50.903288400+00:00,205.405,200-250m,1347.961,30-60d,1,synthetic_by_construction,Complaint 2 is a controlled semantic variant of Complaint 1 and represents the same benchmark issue.
113,V2P0113,synthetic_positive,120,SYN_DUP_0120,Blocked Drain,Blocked Drain,True,Drain is blocked and water is not flowing.,Residents report a blocked drain problem: Drain has become blocked and water is not flowing.,18.707197,73.705235,18.705357090758422,73.70572981464103,2026-03-28T03:02:10+00:00,2026-05-21T14:58:49.084589439+00:00,211.122,200-250m,1307.944,30-60d,1,synthetic_by_construction,Complaint 2 is a controlled semantic variant of Complaint 1 and represents the same benchmark issue.
114,V2P0114,synthetic_positive,123,SYN_DUP_0123,Garbage Accumulation,Garbage Accumulation,True,Garbage has not been collected from the area.,The reported garbage accumulation issue is that Garbage has not been collected from the area.,18.729791,73.685719,18.730062617334756,73.68774290496182,2026-05-23T00:21:10+00:00,2026-07-15T21:00:12.901366249+00:00,215.26,200-250m,1292.651,30-60d,1,synthetic_by_construction,Complaint 2 is a controlled semantic variant of Complaint 1 and represents the same benchmark issue.
115,V2P0115,synthetic_positive,141,SYN_DUP_0141,Other,Other,True,A municipal issue has been reported.,A civic complaint has been raised because A municipal issue has been reported.,18.727946,73.693161,18.72709173662003,73.69484507720978,2026-05-29T14:18:10+00:00,2026-07-04T09:21:51.458673041+00:00,201.183,200-250m,859.062,30-60d,1,synthetic_by_construction,Complaint 2 is a controlled semantic variant of Complaint 1 and represents the same benchmark issue.
116,V2P0116,synthetic_positive,96,SYN_DUP_0096,Pothole,Pothole,True,Pothole is creating a safety problem for commuters.,People in the area have reported that Pothole is creating a safety problem for commuters.,18.700618,73.710745,18.700139543953973,73.71347438868364,2026-04-08T21:22:10+00:00,2026-06-06T21:31:47.749685606+00:00,292.353,250-300m,1416.16,30-60d,1,synthetic_by_construction,Complaint 2 is a controlled semantic variant of Complaint 1 and represents the same benchmark issue.
117,V2P0117,synthetic_positive,105,SYN_DUP_0105,Road Damage,Road Damage,True,Road surface is damaged and needs repair.,Residents report a road damage problem: Road surface is damaged and requires repair.,18.720734,73.67043,18.72324725259906,73.67011422420615,2026-03-29T16:45:10+00:00,2026-05-10T16:31:37.983839440+00:00,281.433,250-300m,1007.774,30-60d,1,synthetic_by_construction,Complaint 2 is a controlled semantic variant of Complaint 1 and represents the same benchmark issue.
118,V2P0118,synthetic_positive,137,SYN_DUP_0137,Streetlight,Streetlight,True,Streetlight is not functioning.,The reported streetlight issue is that Streetlight is not functioning.,18.699874,73.696841,18.70173419115165,73.69857988564421,2026-09-19T16:18:10+00:00,2026-11-16T20:33:14.855184611+00:00,276.275,250-300m,1396.251,30-60d,1,synthetic_by_construction,Complaint 2 is a controlled semantic variant of Complaint 1 and represents the same benchmark issue.
119,V2P0119,synthetic_positive,122,SYN_DUP_0122,Water Leakage,Water Leakage,True,A water pipeline appears to be leaking.,A civic complaint has been raised because A water pipeline appears to be leaking.,18.742823,73.693833,18.745425126632536,73.69317392767373,2026-05-03T03:32:10+00:00,2026-06-07T12:06:47.351077643+00:00,297.55,250-300m,848.577,30-60d,1,synthetic_by_construction,Complaint 2 is a controlled semantic variant of Complaint 1 and represents the same benchmark issue.
120,V2P0120,synthetic_positive,97,SYN_DUP_0097,Waterlogging,Waterlogging,True,Standing water is causing difficulty for commuters.,People in the area have reported that Standing water is causing difficulty for commuters.,18.715758,73.681486,18.713589830379092,73.68248409203109,2026-05-28T21:57:10+00:00,2026-07-01T04:00:41.499888831+00:00,263.008,250-300m,798.059,30-60d,1,synthetic_by_construction,Complaint 2 is a controlled semantic variant of Complaint 1 and represents the same benchmark issue.
121,V2P0121,synthetic_positive,121,SYN_DUP_0121,Blocked Drain,Blocked Drain,True,Drain requires cleaning and maintenance.,Residents report a blocked drain problem: Drain needs cleaning and maintenance.,18.72955,73.671712,18.729290761647505,73.67149632024798,2026-08-11T08:10:10+00:00,2026-10-19T18:01:26.306010107+00:00,36.699,0-50m,1665.855,60-90d,1,synthetic_by_construction,Complaint 2 is a controlled semantic variant of Complaint 1 and represents the same benchmark issue.
122,V2P0122,synthetic_positive,126,SYN_DUP_0126,Garbage Accumulation,Garbage Accumulation,True,Garbage has not been collected from the area.,The reported garbage accumulation issue is that Garbage has not been collected from the area.,18.741783,73.701445,18.741575255023648,73.70133045033636,2026-03-31T20:58:10+00:00,2026-06-11T10:18:58.696193933+00:00,26.06,0-50m,1717.347,60-90d,1,synthetic_by_construction,Complaint 2 is a controlled semantic variant of Complaint 1 and represents the same benchmark issue.
123,V2P0123,synthetic_positive,144,SYN_DUP_0144,Other,Other,True,An issue with public infrastructure has been noticed.,A civic complaint has been raised because An issue with public infrastructure has been noticed.,18.726595,73.666426,18.72671623432266,73.66642736037532,2026-08-27T04:37:10+00:00,2026-11-16T10:56:51.939427952+00:00,13.481,0-50m,1950.328,60-90d,1,synthetic_by_construction,Complaint 2 is a controlled semantic variant of Complaint 1 and represents the same benchmark issue.
124,V2P0124,synthetic_positive,99,SYN_DUP_0099,Pothole,Pothole,True,Deep pothole noticed on the road.,People in the area have reported that Deep pothole noticed on the road.,18.741034,73.663238,18.740954421422398,73.66280589180404,2026-03-27T08:23:10+00:00,2026-06-11T12:04:34.192192622+00:00,46.353,0-50m,1827.69,60-90d,1,synthetic_by_construction,Complaint 2 is a controlled semantic variant of Complaint 1 and represents the same benchmark issue.
125,V2P0125,synthetic_positive,107,SYN_DUP_0107,Road Damage,Road Damage,True,Road has cracks and damaged portions.,Residents report a road damage problem: Road has cracks and damaged portions.,18.703185,73.692243,18.702964069881595,73.69251019065466,2026-09-01T13:30:10+00:00,2026-11-20T16:21:30.940864175+00:00,37.356,0-50m,1922.856,60-90d,1,synthetic_by_construction,Complaint 2 is a controlled semantic variant of Complaint 1 and represents the same benchmark issue.
126,V2P0126,synthetic_positive,140,SYN_DUP_0140,Streetlight,Streetlight,True,Streetlight is not functioning.,The reported streetlight issue is that Streetlight is not functioning.,18.746309,73.670392,18.746076686400023,73.67083692452029,2026-09-04T16:00:10+00:00,2026-11-23T14:15:26.166733361+00:00,53.499,50-100m,1918.254,60-90d,1,synthetic_by_construction,Complaint 2 is a controlled semantic variant of Complaint 1 and represents the same benchmark issue.
127,V2P0127,synthetic_positive,134,SYN_DUP_0134,Water Leakage,Water Leakage,True,Water is leaking from a pipeline.,A civic complaint has been raised because Water is leaking from a pipeline.,18.731247,73.680002,18.73113539611643,73.67938937260989,2026-04-26T07:56:10+00:00,2026-07-20T18:30:31.075930359+00:00,65.696,50-100m,2050.573,60-90d,1,synthetic_by_construction,Complaint 2 is a controlled semantic variant of Complaint 1 and represents the same benchmark issue.
128,V2P0128,synthetic_positive,106,SYN_DUP_0106,Waterlogging,Waterlogging,True,Standing water is causing difficulty for commuters.,People in the area have reported that Standing water is causing difficulty for commuters.,18.746247,73.68768,18.745756506832155,73.68801609865375,2026-06-04T02:33:10+00:00,2026-08-12T09:14:40.710196990+00:00,65.016,50-100m,1662.692,60-90d,1,synthetic_by_construction,Complaint 2 is a controlled semantic variant of Complaint 1 and represents the same benchmark issue.
129,V2P0129,synthetic_positive,135,SYN_DUP_0135,Blocked Drain,Blocked Drain,True,Waste has blocked the drainage system.,Residents report a blocked drain problem: Waste has caused a blockage in the drainage system.,18.704764,73.685684,18.70520344912865,73.68616148730166,2026-06-11T23:19:10+00:00,2026-08-19T20:11:53.641359964+00:00,70.12,50-100m,1652.879,60-90d,1,synthetic_by_construction,Complaint 2 is a controlled semantic variant of Complaint 1 and represents the same benchmark issue.
130,V2P0130,synthetic_positive,127,SYN_DUP_0127,Garbage Accumulation,Garbage Accumulation,True,Garbage has accumulated near the roadside.,The reported garbage accumulation issue is that Garbage has accumulated near the roadside.,18.703099,73.712564,18.702817346543082,73.71195877430068,2026-07-30T22:37:10+00:00,2026-10-27T03:40:54.781440488+00:00,71.022,50-100m,2117.062,60-90d,1,synthetic_by_construction,Complaint 2 is a controlled semantic variant of Complaint 1 and represents the same benchmark issue.
131,V2P0131,synthetic_positive,158,SYN_DUP_0158,Other,Other,True,An issue with public infrastructure has been noticed.,A civic complaint has been raised because An issue with public infrastructure has been noticed.,18.741628,73.682274,18.741217245253733,73.68358233537636,2026-04-12T13:00:10+00:00,2026-06-30T00:10:38.503609003+00:00,145.14,100-150m,1883.175,60-90d,1,synthetic_by_construction,Complaint 2 is a controlled semantic variant of Complaint 1 and represents the same benchmark issue.
132,V2P0132,synthetic_positive,110,SYN_DUP_0110,Pothole,Pothole,True,Large pothole causing difficulty for vehicles.,People in the area have reported that Large pothole causing difficulty for vehicles.,18.708814,73.684291,18.708550645562795,73.68546823307508,2026-07-15T03:12:10+00:00,2026-09-13T03:30:18.181081541+00:00,127.397,100-150m,1440.302,60-90d,1,synthetic_by_construction,Complaint 2 is a controlled semantic variant of Complaint 1 and represents the same benchmark issue.
133,V2P0133,synthetic_positive,116,SYN_DUP_0116,Road Damage,Road Damage,True,Road has cracks and damaged portions.,Residents report a road damage problem: Road has cracks and damaged portions.,18.741645,73.667358,18.74102918296156,73.66640491263482,2026-04-14T06:13:10+00:00,2026-06-30T15:48:45.673407084+00:00,121.494,100-150m,1857.593,60-90d,1,synthetic_by_construction,Complaint 2 is a controlled semantic variant of Complaint 1 and represents the same benchmark issue.
134,V2P0134,synthetic_positive,145,SYN_DUP_0145,Streetlight,Streetlight,True,Streetlight is not functioning.,The reported streetlight issue is that Streetlight is not functioning.,18.705366,73.702745,18.705616609765986,73.70388491572183,2026-07-14T18:38:10+00:00,2026-09-26T00:59:48.282045285+00:00,123.249,100-150m,1758.361,60-90d,1,synthetic_by_construction,Complaint 2 is a controlled semantic variant of Complaint 1 and represents the same benchmark issue.
135,V2P0135,synthetic_positive,156,SYN_DUP_0156,Water Leakage,Water Leakage,True,Water is leaking from a pipeline.,A civic complaint has been raised because Water is leaking from a pipeline.,18.733527,73.70074,18.733844134295573,73.69961445351322,2026-05-01T15:53:10+00:00,2026-07-27T16:44:14.258037105+00:00,123.659,100-150m,2088.851,60-90d,1,synthetic_by_construction,Complaint 2 is a controlled semantic variant of Complaint 1 and represents the same benchmark issue.
136,V2P0136,synthetic_positive,108,SYN_DUP_0108,Waterlogging,Waterlogging,True,Water is accumulated in the area.,People in the area have reported that Water is accumulated in the area.,18.739159,73.679611,18.737740426154495,73.67946510562633,2026-07-21T09:22:10+00:00,2026-09-21T22:25:52.978552193+00:00,158.485,150-200m,1501.062,60-90d,1,synthetic_by_construction,Complaint 2 is a controlled semantic variant of Complaint 1 and represents the same benchmark issue.
137,V2P0137,synthetic_positive,147,SYN_DUP_0147,Blocked Drain,Blocked Drain,True,Drain requires cleaning and maintenance.,Residents report a blocked drain problem: Drain needs cleaning and maintenance.,18.722607,73.688217,18.72328787364235,73.68664909774576,2026-04-17T13:56:10+00:00,2026-06-26T15:16:41.891245008+00:00,181.647,150-200m,1681.342,60-90d,1,synthetic_by_construction,Complaint 2 is a controlled semantic variant of Complaint 1 and represents the same benchmark issue.
138,V2P0138,synthetic_positive,143,SYN_DUP_0143,Garbage Accumulation,Garbage Accumulation,True,Waste has been dumped near the road.,The reported garbage accumulation issue is that Waste has been dumped near the road.,18.732905,73.700567,18.733172624931754,73.70232552959118,2026-08-14T19:23:10+00:00,2026-11-02T23:48:08.157440037+00:00,187.557,150-200m,1924.416,60-90d,1,synthetic_by_construction,Complaint 2 is a controlled semantic variant of Complaint 1 and represents the same benchmark issue.
139,V2P0139,synthetic_positive,162,SYN_DUP_0162,Other,Other,True,An issue with public infrastructure has been noticed.,A civic complaint has been raised because An issue with public infrastructure has been noticed.,18.709213,73.684581,18.709259607552003,73.68609898012893,2026-07-14T00:47:10+00:00,2026-09-12T18:22:55.725673976+00:00,159.956,150-200m,1457.596,60-90d,1,synthetic_by_construction,Complaint 2 is a controlled semantic variant of Complaint 1 and represents the same benchmark issue.
140,V2P0140,synthetic_positive,117,SYN_DUP_0117,Pothole,Pothole,True,Large pothole causing difficulty for vehicles.,People in the area have reported that Large pothole causing difficulty for vehicles.,18.723623,73.696094,18.72502486640883,73.69682293241303,2026-07-25T17:15:10+00:00,2026-10-19T05:03:55.513910297+00:00,173.757,150-200m,2051.813,60-90d,1,synthetic_by_construction,Complaint 2 is a controlled semantic variant of Complaint 1 and represents the same benchmark issue.
141,V2P0141,synthetic_positive,124,SYN_DUP_0124,Road Damage,Road Damage,True,Road surface is damaged and needs repair.,Residents report a road damage problem: Road surface is damaged and requires repair.,18.74758,73.713316,18.748259018270044,73.71528575974936,2026-06-05T04:07:10+00:00,2026-08-23T01:33:15.195318447+00:00,220.722,200-250m,1893.435,60-90d,1,synthetic_by_construction,Complaint 2 is a controlled semantic variant of Complaint 1 and represents the same benchmark issue.
142,V2P0142,synthetic_positive,150,SYN_DUP_0150,Streetlight,Streetlight,True,Streetlight is not functioning.,The reported streetlight issue is that Streetlight is not functioning.,18.732903,73.691252,18.732982799180487,73.69348030012434,2026-07-28T19:09:10+00:00,2026-10-11T15:06:33.824496969+00:00,234.818,200-250m,1795.957,60-90d,1,synthetic_by_construction,Complaint 2 is a controlled semantic variant of Complaint 1 and represents the same benchmark issue.
143,V2P0143,synthetic_positive,160,SYN_DUP_0160,Water Leakage,Water Leakage,True,A water pipeline appears to be leaking.,A civic complaint has been raised because A water pipeline appears to be leaking.,18.742126,73.661901,18.742138687391115,73.65969016032679,2026-04-14T04:30:10+00:00,2026-06-13T08:30:17.969000326+00:00,232.803,200-250m,1444.002,60-90d,1,synthetic_by_construction,Complaint 2 is a controlled semantic variant of Complaint 1 and represents the same benchmark issue.
144,V2P0144,synthetic_positive,115,SYN_DUP_0115,Waterlogging,Waterlogging,True,Standing water is causing difficulty for commuters.,People in the area have reported that Standing water is causing difficulty for commuters.,18.743469,73.701299,18.741556983952886,73.7023254453128,2026-07-30T05:57:10+00:00,2026-10-01T10:42:16.435550017+00:00,238.502,200-250m,1516.752,60-90d,1,synthetic_by_construction,Complaint 2 is a controlled semantic variant of Complaint 1 and represents the same benchmark issue.
145,V2P0145,synthetic_positive,151,SYN_DUP_0151,Blocked Drain,Blocked Drain,True,Drain requires cleaning and maintenance.,Residents report a blocked drain problem: Drain needs cleaning and maintenance.,18.722971,73.676385,18.72110520750252,73.67616176812074,2026-08-09T07:04:10+00:00,2026-11-06T00:48:19.494811045+00:00,208.794,200-250m,2129.736,60-90d,1,synthetic_by_construction,Complaint 2 is a controlled semantic variant of Complaint 1 and represents the same benchmark issue.
146,V2P0146,synthetic_positive,149,SYN_DUP_0149,Garbage Accumulation,Garbage Accumulation,True,Garbage has not been collected from the area.,The reported garbage accumulation issue is that Garbage has not been collected from the area.,18.719472,73.701042,18.720787254502085,73.69908796538368,2026-09-06T00:28:10+00:00,2026-11-12T11:53:58.969740579+00:00,252.461,250-300m,1619.43,60-90d,1,synthetic_by_construction,Complaint 2 is a controlled semantic variant of Complaint 1 and represents the same benchmark issue.
147,V2P0147,synthetic_positive,176,SYN_DUP_0176,Other,Other,True,A municipal service-related issue has been reported.,A civic complaint has been raised because A municipal service-related issue has been reported.,18.745217,73.678675,18.744004437117315,73.6764275233738,2026-08-26T18:57:10+00:00,2026-11-18T19:58:28.980666447+00:00,272.367,250-300m,2017.022,60-90d,1,synthetic_by_construction,Complaint 2 is a controlled semantic variant of Complaint 1 and represents the same benchmark issue.
148,V2P0148,synthetic_positive,130,SYN_DUP_0130,Pothole,Pothole,True,Pothole is creating a safety problem for commuters.,People in the area have reported that Pothole is creating a safety problem for commuters.,18.74545,73.709165,18.7480024959975,73.70828992841383,2026-07-14T23:34:10+00:00,2026-09-30T20:17:56.973189271+00:00,298.407,250-300m,1868.73,60-90d,1,synthetic_by_construction,Complaint 2 is a controlled semantic variant of Complaint 1 and represents the same benchmark issue.
149,V2P0149,synthetic_positive,131,SYN_DUP_0131,Road Damage,Road Damage,True,Road surface is damaged and needs repair.,Residents report a road damage problem: Road surface is damaged and requires repair.,18.738144,73.699735,18.737637272454407,73.69699786216749,2026-09-10T18:34:10+00:00,2026-11-28T03:40:58.765114870+00:00,293.68,250-300m,1881.114,60-90d,1,synthetic_by_construction,Complaint 2 is a controlled semantic variant of Complaint 1 and represents the same benchmark issue.
150,V2P0150,synthetic_positive,153,SYN_DUP_0153,Streetlight,Streetlight,True,Streetlight is not functioning.,The reported streetlight issue is that Streetlight is not functioning.,18.742628,73.68404,18.740268185024757,73.68326699345336,2026-04-29T20:39:10+00:00,2026-07-23T18:39:51.387427798+00:00,274.734,250-300m,2038.011,60-90d,1,synthetic_by_construction,Complaint 2 is a controlled semantic variant of Complaint 1 and represents the same benchmark issue.
151,V2N0151,synthetic_negative_same_category,1,4,Waterlogging,Waterlogging,True,Standing water is causing difficulty for commuters.,Water is accumulated in the area.,18.718913,73.695537,18.71851374487404,73.69560465174567,2026-07-03T11:23:10+00:00,2026-07-05T16:59:36.200709820+00:00,44.963,0-50m,53.607,0-3d,0,synthetic_by_construction,Complaints 1 and 2 come from distinct source complaint instances and represent different benchmark issues. The pair is intentionally kept within the candidate search space to create a hard negative.
152,V2N0152,synthetic_negative_same_category,3,321,Pothole,Pothole,True,Large pothole causing difficulty for vehicles.,Pothole is creating a safety problem for commuters.,18.72155,73.681183,18.721470076236006,73.68108399021476,2026-04-03T08:07:10+00:00,2026-04-04T02:06:32.024198745+00:00,13.7,0-50m,17.989,0-3d,0,synthetic_by_construction,Complaints 1 and 2 come from distinct source complaint instances and represent different benchmark issues. The pair is intentionally kept within the candidate search space to create a hard negative.
153,V2N0153,synthetic_negative_same_category,5,497,Streetlight,Streetlight,True,Streetlight is not functioning.,Streetlight requires repair.,18.718989,73.681604,18.718746720112417,73.68134250548755,2026-06-16T16:36:10+00:00,2026-06-18T06:15:21.741653467+00:00,38.525,0-50m,37.653,0-3d,0,synthetic_by_construction,Complaints 1 and 2 come from distinct source complaint instances and represent different benchmark issues. The pair is intentionally kept within the candidate search space to create a hard negative.
154,V2N0154,synthetic_negative_same_category,8,484,Water Leakage,Water Leakage,True,Water is leaking from a pipeline.,A water pipeline appears to be leaking.,18.748939,73.700491,18.74891006136865,73.70062483958601,2026-08-15T10:01:10+00:00,2026-08-15T15:49:43.950303261+00:00,14.455,0-50m,5.809,0-3d,0,synthetic_by_construction,Complaints 1 and 2 come from distinct source complaint instances and represent different benchmark issues. The pair is intentionally kept within the candidate search space to create a hard negative.
155,V2N0155,synthetic_negative_same_category,11,273,Road Damage,Road Damage,True,Damaged portion of road requires maintenance.,Road has cracks and damaged portions.,18.744647,73.672273,18.74452234568594,73.6722390673119,2026-06-20T01:20:10+00:00,2026-06-21T00:31:30.981522566+00:00,14.314,0-50m,23.189,0-3d,0,synthetic_by_construction,Complaints 1 and 2 come from distinct source complaint instances and represent different benchmark issues. The pair is intentionally kept within the candidate search space to create a hard negative.
156,V2N0156,synthetic_negative_same_category,14,167,Road Damage,Road Damage,True,Damaged portion of road requires maintenance.,Road has cracks and damaged portions.,18.709432,73.68996,18.709255431906037,73.68945272903447,2026-09-13T00:24:10+00:00,2026-09-13T17:14:44.840213790+00:00,56.919,50-100m,16.843,0-3d,0,synthetic_by_construction,Complaints 1 and 2 come from distinct source complaint instances and represent different benchmark issues. The pair is intentionally kept within the candidate search space to create a hard negative.
157,V2N0157,synthetic_negative_same_category,17,64,Garbage Accumulation,Garbage Accumulation,True,Waste has been dumped near the road.,Garbage has accumulated near the roadside.,18.721036,73.663815,18.72039441392085,73.66425938118913,2026-09-16T09:02:10+00:00,2026-09-16T13:53:40.312139394+00:00,85.321,50-100m,4.858,0-3d,0,synthetic_by_construction,Complaints 1 and 2 come from distinct source complaint instances and represent different benchmark issues. The pair is intentionally kept within the candidate search space to create a hard negative.
158,V2N0158,synthetic_negative_same_category,19,423,Blocked Drain,Blocked Drain,True,Waste has blocked the drainage system.,Drain is blocked and water is not flowing.,18.714201,73.702246,18.71438683253882,73.70295160014832,2026-06-08T13:23:10+00:00,2026-06-09T19:28:04.484668845+00:00,77.131,50-100m,30.082,0-3d,0,synthetic_by_construction,Complaints 1 and 2 come from distinct source complaint instances and represent different benchmark issues. The pair is intentionally kept within the candidate search space to create a hard negative.
159,V2N0159,synthetic_negative_same_category,22,442,Garbage Accumulation,Garbage Accumulation,True,Garbage has accumulated near the roadside.,Waste has been dumped near the road.,18.725686,73.692422,18.725134473842218,73.69208212903412,2026-07-08T09:35:10+00:00,2026-07-11T02:45:29.778955267+00:00,71.007,50-100m,65.172,0-3d,0,synthetic_by_construction,Complaints 1 and 2 come from distinct source complaint instances and represent different benchmark issues. The pair is intentionally kept within the candidate search space to create a hard negative.
160,V2N0160,synthetic_negative_same_category,25,320,Road Damage,Road Damage,True,Road surface is damaged and needs repair.,Road has cracks and damaged portions.,18.714425,73.700506,18.71449958422919,73.69970489174398,2026-06-23T23:29:10+00:00,2026-06-26T13:12:23.883944106+00:00,84.776,50-100m,61.721,0-3d,0,synthetic_by_construction,Complaints 1 and 2 come from distinct source complaint instances and represent different benchmark issues. The pair is intentionally kept within the candidate search space to create a hard negative.
161,V2N0161,synthetic_negative_same_category,27,463,Pothole,Pothole,True,Large pothole causing difficulty for vehicles.,Deep pothole noticed on the road.,18.732264,73.671243,18.731625324978854,73.67214998050264,2026-08-12T16:50:10+00:00,2026-08-12T17:30:32.958389745+00:00,119.019,100-150m,0.673,0-3d,0,synthetic_by_construction,Complaints 1 and 2 come from distinct source complaint instances and represent different benchmark issues. The pair is intentionally kept within the candidate search space to create a hard negative.
162,V2N0162,synthetic_negative_same_category,30,294,Garbage Accumulation,Garbage Accumulation,True,Garbage has accumulated near the roadside.,Waste has been dumped near the road.,18.716238,73.682679,18.717423503727424,73.68230192357149,2026-07-24T23:29:10+00:00,2026-07-27T12:58:15.605631999+00:00,137.674,100-150m,61.485,0-3d,0,synthetic_by_construction,Complaints 1 and 2 come from distinct source complaint instances and represent different benchmark issues. The pair is intentionally kept within the candidate search space to create a hard negative.
163,V2N0163,synthetic_negative_same_category,33,44,Garbage Accumulation,Garbage Accumulation,True,Garbage has not been collected from the area.,Garbage has accumulated near the roadside.,18.715826,73.694564,18.71478363651117,73.69423574942803,2026-03-27T01:49:10+00:00,2026-03-29T07:42:13.297297030+00:00,120.951,100-150m,53.884,0-3d,0,synthetic_by_construction,Complaints 1 and 2 come from distinct source complaint instances and represent different benchmark issues. The pair is intentionally kept within the candidate search space to create a hard negative.
164,V2N0164,synthetic_negative_same_category,35,429,Other,Other,True,A municipal service-related issue has been reported.,An issue with public infrastructure has been noticed.,18.740285,73.668394,18.740508521998787,73.6696073689821,2026-04-08T07:25:10+00:00,2026-04-08T23:29:35.144743842+00:00,130.163,100-150m,16.074,0-3d,0,synthetic_by_construction,Complaints 1 and 2 come from distinct source complaint instances and represent different benchmark issues. The pair is intentionally kept within the candidate search space to create a hard negative.
165,V2N0165,synthetic_negative_same_category,38,325,Garbage Accumulation,Garbage Accumulation,True,Waste has been dumped near the road.,Garbage has accumulated near the roadside.,18.743202,73.701678,18.742637770086624,73.70266936371256,2026-09-21T14:57:10+00:00,2026-09-21T17:17:07.110992236+00:00,121.792,100-150m,2.333,0-3d,0,synthetic_by_construction,Complaints 1 and 2 come from distinct source complaint instances and represent different benchmark issues. The pair is intentionally kept within the candidate search space to create a hard negative.
166,V2N0166,synthetic_negative_same_category,41,190,Garbage Accumulation,Garbage Accumulation,True,Waste has been dumped near the road.,Garbage has accumulated near the roadside.,18.704513,73.690248,18.705354740507172,73.69175163324219,2026-04-25T18:25:10+00:00,2026-04-26T23:40:44.995638251+00:00,183.957,150-200m,29.26,0-3d,0,synthetic_by_construction,Complaints 1 and 2 come from distinct source complaint instances and represent different benchmark issues. The pair is intentionally kept within the candidate search space to create a hard negative.
167,V2N0167,synthetic_negative_same_category,44,207,Garbage Accumulation,Garbage Accumulation,True,Garbage has accumulated near the roadside.,Garbage has not been collected from the area.,18.729336,73.678047,18.72821467818386,73.6769031052061,2026-05-22T20:38:10+00:00,2026-05-23T06:02:36.260037723+00:00,173.37,150-200m,9.407,0-3d,0,synthetic_by_construction,Complaints 1 and 2 come from distinct source complaint instances and represent different benchmark issues. The pair is intentionally kept within the candidate search space to create a hard negative.
168,V2N0168,synthetic_negative_same_category,46,371,Waterlogging,Waterlogging,True,Standing water is causing difficulty for commuters.,Water is accumulated in the area.,18.71374,73.698561,18.712488780708675,73.69799530865615,2026-06-15T08:37:10+00:00,2026-06-16T13:08:25.432212545+00:00,151.348,150-200m,28.521,0-3d,0,synthetic_by_construction,Complaints 1 and 2 come from distinct source complaint instances and represent different benchmark issues. The pair is intentionally kept within the candidate search space to create a hard negative.
169,V2N0169,synthetic_negative_same_category,49,163,Streetlight,Streetlight,True,Streetlight requires repair.,Streetlight is not working at night.,18.724511,73.699869,18.725406661195297,73.70095125482659,2026-05-10T13:53:10+00:00,2026-05-12T12:15:12.234080811+00:00,151.355,150-200m,46.367,0-3d,0,synthetic_by_construction,Complaints 1 and 2 come from distinct source complaint instances and represent different benchmark issues. The pair is intentionally kept within the candidate search space to create a hard negative.
170,V2N0170,synthetic_negative_same_category,51,467,Other,Other,True,A municipal service-related issue has been reported.,An issue with public infrastructure has been noticed.,18.69997,73.710779,18.69884131232969,73.71191067183415,2026-09-16T23:11:10+00:00,2026-09-17T03:02:38.520830112+00:00,173.085,150-200m,3.858,0-3d,0,synthetic_by_construction,Complaints 1 and 2 come from distinct source complaint instances and represent different benchmark issues. The pair is intentionally kept within the candidate search space to create a hard negative.
171,V2N0171,synthetic_negative_same_category,54,348,Blocked Drain,Blocked Drain,True,Drain is blocked and water is not flowing.,Drain requires cleaning and maintenance.,18.746327,73.681773,18.746460513837548,73.67977806376342,2026-05-05T14:37:10+00:00,2026-05-06T14:19:14.271400842+00:00,210.583,200-250m,23.701,0-3d,0,synthetic_by_construction,Complaints 1 and 2 come from distinct source complaint instances and represent different benchmark issues. The pair is intentionally kept within the candidate search space to create a hard negative.
172,V2N0172,synthetic_negative_same_category,57,150,Streetlight,Streetlight,True,Streetlight requires repair.,Streetlight is not functioning.,18.725632,73.671015,18.726601424685114,73.66920524494714,2026-09-18T02:13:10+00:00,2026-09-20T08:25:34.137424200+00:00,218.956,200-250m,54.207,0-3d,0,synthetic_by_construction,Complaints 1 and 2 come from distinct source complaint instances and represent different benchmark issues. The pair is intentionally kept within the candidate search space to create a hard negative.
173,V2N0173,synthetic_negative_same_category,60,172,Blocked Drain,Blocked Drain,True,Drain requires cleaning and maintenance.,Waste has blocked the drainage system.,18.747178,73.699928,18.749075916880678,73.70017330927932,2026-08-26T00:24:10+00:00,2026-08-26T06:31:46.379922332+00:00,212.614,200-250m,6.127,0-3d,0,synthetic_by_construction,Complaints 1 and 2 come from distinct source complaint instances and represent different benchmark issues. The pair is intentionally kept within the candidate search space to create a hard negative.
174,V2N0174,synthetic_negative_same_category,63,211,Waterlogging,Waterlogging,True,Standing water is causing difficulty for commuters.,Rainwater has accumulated on the road.,18.731818,73.6685,18.73061862494413,73.67024404167573,2026-06-11T09:59:10+00:00,2026-06-14T09:58:46.192103928+00:00,226.971,200-250m,71.993,0-3d,0,synthetic_by_construction,Complaints 1 and 2 come from distinct source complaint instances and represent different benchmark issues. The pair is intentionally kept within the candidate search space to create a hard negative.
175,V2N0175,synthetic_negative_same_category,65,424,Pothole,Pothole,True,Deep pothole noticed on the road.,Pothole is creating a safety problem for commuters.,18.702321,73.692826,18.70111067276639,73.69102585607938,2026-06-01T21:31:10+00:00,2026-06-04T05:49:22.496714494+00:00,232.507,200-250m,56.303,0-3d,0,synthetic_by_construction,Complaints 1 and 2 come from distinct source complaint instances and represent different benchmark issues. The pair is intentionally kept within the candidate search space to create a hard negative.
176,V2N0176,synthetic_negative_same_category,68,398,Other,Other,True,A municipal issue has been reported.,A municipal service-related issue has been reported.,18.742112,73.671598,18.742919323526902,73.67418639101386,2026-04-25T17:35:10+00:00,2026-04-28T13:58:14.710560539+00:00,286.957,250-300m,68.385,0-3d,0,synthetic_by_construction,Complaints 1 and 2 come from distinct source complaint instances and represent different benchmark issues. The pair is intentionally kept within the candidate search space to create a hard negative.
177,V2N0177,synthetic_negative_same_category,71,264,Garbage Accumulation,Garbage Accumulation,True,Garbage has accumulated near the roadside.,Waste has been dumped near the road.,18.72379,73.69997,18.72537384958322,73.70166821373763,2026-09-01T23:34:10+00:00,2026-09-02T10:45:10.359916211+00:00,250.999,250-300m,11.183,0-3d,0,synthetic_by_construction,Complaints 1 and 2 come from distinct source complaint instances and represent different benchmark issues. The pair is intentionally kept within the candidate search space to create a hard negative.
178,V2N0178,synthetic_negative_same_category,74,300,Water Leakage,Water Leakage,True,Water leakage is observed near the road.,A water pipeline appears to be leaking.,18.724026,73.679415,18.724534480167918,73.68204622004416,2026-06-06T15:34:10+00:00,2026-06-08T08:17:03.343012523+00:00,282.803,250-300m,40.715,0-3d,0,synthetic_by_construction,Complaints 1 and 2 come from distinct source complaint instances and represent different benchmark issues. The pair is intentionally kept within the candidate search space to create a hard negative.
179,V2N0179,synthetic_negative_same_category,77,219,Other,Other,True,An issue with public infrastructure has been noticed.,A municipal service-related issue has been reported.,18.72682,73.695278,18.7280826211996,73.69762524795671,2026-06-05T05:28:10+00:00,2026-06-07T12:44:39.778805416+00:00,284.274,250-300m,55.275,0-3d,0,synthetic_by_construction,Complaints 1 and 2 come from distinct source complaint instances and represent different benchmark issues. The pair is intentionally kept within the candidate search space to create a hard negative.
180,V2N0180,synthetic_negative_same_category,80,253,Road Damage,Road Damage,True,Road surface is damaged and needs repair.,Damaged portion of road requires maintenance.,18.733849,73.677797,18.7357410783574,73.67954801472584,2026-08-21T11:35:10+00:00,2026-08-23T17:29:59.195900050+00:00,279.755,250-300m,53.914,0-3d,0,synthetic_by_construction,Complaints 1 and 2 come from distinct source complaint instances and represent different benchmark issues. The pair is intentionally kept within the candidate search space to create a hard negative.
181,V2N0181,synthetic_negative_same_category,83,323,Other,Other,True,An issue with public infrastructure has been noticed.,A municipal issue has been reported.,18.722392,73.671198,18.7226799123296,73.67144343206584,2026-06-22T16:12:10+00:00,2026-06-29T12:48:58.769212751+00:00,41.146,0-50m,164.614,3-7d,0,synthetic_by_construction,Complaints 1 and 2 come from distinct source complaint instances and represent different benchmark issues. The pair is intentionally kept within the candidate search space to create a hard negative.
182,V2N0182,synthetic_negative_same_category,86,242,Blocked Drain,Blocked Drain,True,Drain is blocked and water is not flowing.,Drain requires cleaning and maintenance.,18.723963,73.698702,18.723954047838788,73.69868275197962,2026-08-10T14:35:10+00:00,2026-08-14T20:32:27.193202008+00:00,2.258,0-50m,101.955,3-7d,0,synthetic_by_construction,Complaints 1 and 2 come from distinct source complaint instances and represent different benchmark issues. The pair is intentionally kept within the candidate search space to create a hard negative.
183,V2N0183,synthetic_negative_same_category,89,244,Streetlight,Streetlight,True,Streetlight is not working at night.,Streetlight requires repair.,18.750156,73.712589,18.750061969207803,73.712144561065,2026-03-28T21:18:10+00:00,2026-04-02T11:23:15.495428251+00:00,47.95,0-50m,110.085,3-7d,0,synthetic_by_construction,Complaints 1 and 2 come from distinct source complaint instances and represent different benchmark issues. The pair is intentionally kept within the candidate search space to create a hard negative.
184,V2N0184,synthetic_negative_same_category,92,336,Road Damage,Road Damage,True,Road has cracks and damaged portions.,Road surface is damaged and needs repair.,18.707791,73.68375,18.707761386613484,73.68371784110091,2026-07-19T22:45:10+00:00,2026-07-25T17:03:17.480027464+00:00,4.724,0-50m,138.302,3-7d,0,synthetic_by_construction,Complaints 1 and 2 come from distinct source complaint instances and represent different benchmark issues. The pair is intentionally kept within the candidate search space to create a hard negative.
185,V2N0185,synthetic_negative_same_category,95,268,Streetlight,Streetlight,True,Streetlight requires repair.,Streetlight is not functioning.,18.7425,73.673887,18.74253176062875,73.6738410157494,2026-07-01T13:59:10+00:00,2026-07-07T16:08:47.584527284+00:00,5.993,0-50m,146.16,3-7d,0,synthetic_by_construction,Complaints 1 and 2 come from distinct source complaint instances and represent different benchmark issues. The pair is intentionally kept within the candidate search space to create a hard negative.
186,V2N0186,synthetic_negative_same_category,98,329,Garbage Accumulation,Garbage Accumulation,True,Garbage has accumulated near the roadside.,Waste has been dumped near the road.,18.747353,73.705085,18.748068937933965,73.70500798946242,2026-09-19T02:50:10+00:00,2026-09-22T14:27:58.272504921+00:00,80.021,50-100m,83.63,3-7d,0,synthetic_by_construction,Complaints 1 and 2 come from distinct source complaint instances and represent different benchmark issues. The pair is intentionally kept within the candidate search space to create a hard negative.
187,V2N0187,synthetic_negative_same_category,101,144,Other,Other,True,A municipal issue has been reported.,An issue with public infrastructure has been noticed.,18.72554,73.680751,18.72481822345028,73.681119158086,2026-08-08T07:13:10+00:00,2026-08-12T16:33:27.121955048+00:00,89.132,50-100m,105.338,3-7d,0,synthetic_by_construction,Complaints 1 and 2 come from distinct source complaint instances and represent different benchmark issues. The pair is intentionally kept within the candidate search space to create a hard negative.
188,V2N0188,synthetic_negative_same_category,104,154,Road Damage,Road Damage,True,Road has cracks and damaged portions.,Road surface is damaged and needs repair.,18.733586,73.6618,18.73325175886202,73.66234674799436,2026-03-27T21:51:10+00:00,2026-04-01T22:25:47.834323969+00:00,68.529,50-100m,120.577,3-7d,0,synthetic_by_construction,Complaints 1 and 2 come from distinct source complaint instances and represent different benchmark issues. The pair is intentionally kept within the candidate search space to create a hard negative.
189,V2N0189,synthetic_negative_same_category,107,410,Road Damage,Road Damage,True,Road has cracks and damaged portions.,Road surface is damaged and needs repair.,18.703185,73.692243,18.703840427768107,73.69278350858212,2026-09-01T13:30:10+00:00,2026-09-07T20:26:53.961378872+00:00,92.479,50-100m,150.946,3-7d,0,synthetic_by_construction,Complaints 1 and 2 come from distinct source complaint instances and represent different benchmark issues. The pair is intentionally kept within the candidate search space to create a hard negative.
190,V2N0190,synthetic_negative_same_category,111,188,Water Leakage,Water Leakage,True,A water pipeline appears to be leaking.,Water is leaking from a pipeline.,18.704281,73.691613,18.704699467663076,73.69079367368765,2026-05-23T11:49:10+00:00,2026-05-29T00:50:21.331604840+00:00,98.039,50-100m,133.02,3-7d,0,synthetic_by_construction,Complaints 1 and 2 come from distinct source complaint instances and represent different benchmark issues. The pair is intentionally kept within the candidate search space to create a hard negative.
191,V2N0191,synthetic_negative_same_category,114,348,Blocked Drain,Blocked Drain,True,Waste has blocked the drainage system.,Drain requires cleaning and maintenance.,18.716845,73.692027,18.716721264895433,73.69074831187086,2026-05-16T17:21:10+00:00,2026-05-21T11:09:54.679777432+00:00,135.365,100-150m,113.812,3-7d,0,synthetic_by_construction,Complaints 1 and 2 come from distinct source complaint instances and represent different benchmark issues. The pair is intentionally kept within the candidate search space to create a hard negative.
192,V2N0192,synthetic_negative_same_category,118,236,Garbage Accumulation,Garbage Accumulation,True,Waste has been dumped near the road.,Garbage has not been collected from the area.,18.729343,73.688705,18.729819819161865,73.68739007767132,2026-08-28T23:49:10+00:00,2026-09-02T01:45:16.753225215+00:00,148.274,100-150m,97.935,3-7d,0,synthetic_by_construction,Complaints 1 and 2 come from distinct source complaint instances and represent different benchmark issues. The pair is intentionally kept within the candidate search space to create a hard negative.
193,V2N0193,synthetic_negative_same_category,121,378,Blocked Drain,Blocked Drain,True,Drain requires cleaning and maintenance.,Waste has blocked the drainage system.,18.72955,73.671712,18.728500921843256,73.67218662139423,2026-08-11T08:10:10+00:00,2026-08-16T06:35:25.331431892+00:00,126.909,100-150m,118.421,3-7d,0,synthetic_by_construction,Complaints 1 and 2 come from distinct source complaint instances and represent different benchmark issues. The pair is intentionally kept within the candidate search space to create a hard negative.
194,V2N0194,synthetic_negative_same_category,124,452,Road Damage,Road Damage,True,Road surface is damaged and needs repair.,Road has cracks and damaged portions.,18.74758,73.713316,18.74831247324963,73.71227509928589,2026-06-05T04:07:10+00:00,2026-06-09T05:53:33.835710442+00:00,136.551,100-150m,97.773,3-7d,0,synthetic_by_construction,Complaints 1 and 2 come from distinct source complaint instances and represent different benchmark issues. The pair is intentionally kept within the candidate search space to create a hard negative.
195,V2N0195,synthetic_negative_same_category,127,428,Garbage Accumulation,Garbage Accumulation,True,Garbage has accumulated near the roadside.,Waste has been dumped near the road.,18.703099,73.712564,18.70403576289716,73.71165417146668,2026-07-30T22:37:10+00:00,2026-08-03T06:56:53.577703711+00:00,141.537,100-150m,80.329,3-7d,0,synthetic_by_construction,Complaints 1 and 2 come from distinct source complaint instances and represent different benchmark issues. The pair is intentionally kept within the candidate search space to create a hard negative.
196,V2N0196,synthetic_negative_same_category,130,370,Pothole,Pothole,True,Pothole is creating a safety problem for commuters.,Large pothole causing difficulty for vehicles.,18.74545,73.709165,18.744328040150915,73.7081806757937,2026-07-14T23:34:10+00:00,2026-07-19T20:11:12.516553279+00:00,162.193,150-200m,116.617,3-7d,0,synthetic_by_construction,Complaints 1 and 2 come from distinct source complaint instances and represent different benchmark issues. The pair is intentionally kept within the candidate search space to create a hard negative.
197,V2N0197,synthetic_negative_same_category,133,385,Waterlogging,Waterlogging,True,Water is accumulated in the area.,Standing water is causing difficulty for commuters.,18.738449,73.685778,18.739349423451372,73.68448564784723,2026-05-16T11:18:10+00:00,2026-05-19T14:04:03.686029423+00:00,168.949,150-200m,74.765,3-7d,0,synthetic_by_construction,Complaints 1 and 2 come from distinct source complaint instances and represent different benchmark issues. The pair is intentionally kept within the candidate search space to create a hard negative.
198,V2N0198,synthetic_negative_same_category,137,223,Streetlight,Streetlight,True,Streetlight is not functioning.,Streetlight requires repair.,18.699874,73.696841,18.70029755257747,73.69539821893272,2026-09-19T16:18:10+00:00,2026-09-23T12:40:26.983907511+00:00,159.092,150-200m,92.371,3-7d,0,synthetic_by_construction,Complaints 1 and 2 come from distinct source complaint instances and represent different benchmark issues. The pair is intentionally kept within the candidate search space to create a hard negative.
199,V2N0199,synthetic_negative_same_category,140,380,Streetlight,Streetlight,True,Streetlight is not functioning.,Streetlight is not working at night.,18.746309,73.670392,18.74585548803238,73.66887986441573,2026-09-04T16:00:10+00:00,2026-09-11T04:30:52.893485171+00:00,167.017,150-200m,156.512,3-7d,0,synthetic_by_construction,Complaints 1 and 2 come from distinct source complaint instances and represent different benchmark issues. The pair is intentionally kept within the candidate search space to create a hard negative.
200,V2N0200,synthetic_negative_same_category,144,245,Other,Other,True,An issue with public infrastructure has been noticed.,A municipal issue has been reported.,18.726595,73.666426,18.727990460073823,73.665927332676,2026-08-27T04:37:10+00:00,2026-08-30T05:36:13.859709887+00:00,163.813,150-200m,72.984,3-7d,0,synthetic_by_construction,Complaints 1 and 2 come from distinct source complaint instances and represent different benchmark issues. The pair is intentionally kept within the candidate search space to create a hard negative.
201,V2N0201,synthetic_negative_same_category,148,198,Waterlogging,Waterlogging,True,Water is accumulated in the area.,Standing water is causing difficulty for commuters.,18.700939,73.699985,18.699106589128075,73.70012407633394,2026-08-13T23:35:10+00:00,2026-08-19T20:42:57.881226501+00:00,204.281,200-250m,141.13,3-7d,0,synthetic_by_construction,Complaints 1 and 2 come from distinct source complaint instances and represent different benchmark issues. The pair is intentionally kept within the candidate search space to create a hard negative.
202,V2N0202,synthetic_negative_same_category,151,266,Blocked Drain,Blocked Drain,True,Drain requires cleaning and maintenance.,Drain is blocked and water is not flowing.,18.722971,73.676385,18.721669260380015,73.67459212785134,2026-08-09T07:04:10+00:00,2026-08-15T01:22:15.725776498+00:00,237.908,200-250m,138.302,3-7d,0,synthetic_by_construction,Complaints 1 and 2 come from distinct source complaint instances and represent different benchmark issues. The pair is intentionally kept within the candidate search space to create a hard negative.
203,V2N0203,synthetic_negative_same_category,154,345,Road Damage,Road Damage,True,Road surface is damaged and needs repair.,Damaged portion of road requires maintenance.,18.712096,73.706491,18.713779919713645,73.70766772737923,2026-07-09T23:27:10+00:00,2026-07-16T03:34:35.053643276+00:00,224.541,200-250m,148.124,3-7d,0,synthetic_by_construction,Complaints 1 and 2 come from distinct source complaint instances and represent different benchmark issues. The pair is intentionally kept within the candidate search space to create a hard negative.
204,V2N0204,synthetic_negative_same_category,157,451,Streetlight,Streetlight,True,Streetlight is not functioning.,Streetlight requires repair.,18.736026,73.663866,18.73536946273957,73.66574680395587,2026-06-03T15:58:10+00:00,2026-06-09T10:23:02.736532431+00:00,211.08,200-250m,138.415,3-7d,0,synthetic_by_construction,Complaints 1 and 2 come from distinct source complaint instances and represent different benchmark issues. The pair is intentionally kept within the candidate search space to create a hard negative.
205,V2N0205,synthetic_negative_same_category,161,313,Road Damage,Road Damage,True,Road surface is damaged and needs repair.,Damaged portion of road requires maintenance.,18.720562,73.673792,18.71854061498357,73.67337203304278,2026-07-11T15:59:10+00:00,2026-07-16T13:25:27.787537696+00:00,229.078,200-250m,117.438,3-7d,0,synthetic_by_construction,Complaints 1 and 2 come from distinct source complaint instances and represent different benchmark issues. The pair is intentionally kept within the candidate search space to create a hard negative.
206,V2N0206,synthetic_negative_same_category,165,218,Waterlogging,Waterlogging,True,Rainwater has accumulated on the road.,Standing water is causing difficulty for commuters.,18.714263,73.709298,18.713078941718088,73.71154547894304,2026-07-24T01:58:10+00:00,2026-07-30T01:34:54.433252501+00:00,270.85,250-300m,143.612,3-7d,0,synthetic_by_construction,Complaints 1 and 2 come from distinct source complaint instances and represent different benchmark issues. The pair is intentionally kept within the candidate search space to create a hard negative.
207,V2N0207,synthetic_negative_same_category,168,446,Blocked Drain,Blocked Drain,True,Drain requires cleaning and maintenance.,Drain is blocked and water is not flowing.,18.741575,73.686887,18.74155243960458,73.68958815206511,2026-05-17T08:58:10+00:00,2026-05-21T10:59:04.964171602+00:00,284.44,250-300m,98.015,3-7d,0,synthetic_by_construction,Complaints 1 and 2 come from distinct source complaint instances and represent different benchmark issues. The pair is intentionally kept within the candidate search space to create a hard negative.
208,V2N0208,synthetic_negative_same_category,172,471,Blocked Drain,Blocked Drain,True,Waste has blocked the drainage system.,Drain requires cleaning and maintenance.,18.719217,73.664032,18.720899102747612,73.66569049704661,2026-04-22T10:10:10+00:00,2026-04-26T04:39:56.198782280+00:00,255.912,250-300m,90.496,3-7d,0,synthetic_by_construction,Complaints 1 and 2 come from distinct source complaint instances and represent different benchmark issues. The pair is intentionally kept within the candidate search space to create a hard negative.
209,V2N0209,synthetic_negative_same_category,176,465,Other,Other,True,A municipal service-related issue has been reported.,An issue with public infrastructure has been noticed.,18.745217,73.678675,18.746201543727242,73.68108380640362,2026-08-26T18:57:10+00:00,2026-09-01T20:07:31.290211764+00:00,276.257,250-300m,145.173,3-7d,0,synthetic_by_construction,Complaints 1 and 2 come from distinct source complaint instances and represent different benchmark issues. The pair is intentionally kept within the candidate search space to create a hard negative.
210,V2N0210,synthetic_negative_same_category,180,262,Blocked Drain,Blocked Drain,True,Waste has blocked the drainage system.,Drain requires cleaning and maintenance.,18.736975,73.667488,18.736602336528165,73.6650446718331,2026-08-08T17:59:10+00:00,2026-08-13T16:28:27.600591572+00:00,260.603,250-300m,118.488,3-7d,0,synthetic_by_construction,Complaints 1 and 2 come from distinct source complaint instances and represent different benchmark issues. The pair is intentionally kept within the candidate search space to create a hard negative.
211,V2N0211,synthetic_negative_same_category,184,265,Garbage Accumulation,Garbage Accumulation,True,Garbage has accumulated near the roadside.,Garbage has not been collected from the area.,18.744246,73.666605,18.744155557297237,73.66705902275959,2026-07-10T19:02:10+00:00,2026-07-29T20:38:25.499365337+00:00,48.854,0-50m,457.604,7-30d,0,synthetic_by_construction,Complaints 1 and 2 come from distinct source complaint instances and represent different benchmark issues. The pair is intentionally kept within the candidate search space to create a hard negative.
212,V2N0212,synthetic_negative_same_category,188,229,Water Leakage,Water Leakage,True,Water is leaking from a pipeline.,Water leakage is observed near the road.,18.700434,73.710671,18.700441514463474,73.71072669987788,2026-08-12T10:12:10+00:00,2026-08-23T21:21:49.462949769+00:00,5.926,0-50m,275.161,7-30d,0,synthetic_by_construction,Complaints 1 and 2 come from distinct source complaint instances and represent different benchmark issues. The pair is intentionally kept within the candidate search space to create a hard negative.
213,V2N0213,synthetic_negative_same_category,192,250,Water Leakage,Water Leakage,True,Water leakage is observed near the road.,Water is leaking from a pipeline.,18.726635,73.677574,18.72654895052529,73.67755420831462,2026-08-02T08:28:10+00:00,2026-08-09T16:17:21.126070028+00:00,9.793,0-50m,175.82,7-30d,0,synthetic_by_construction,Complaints 1 and 2 come from distinct source complaint instances and represent different benchmark issues. The pair is intentionally kept within the candidate search space to create a hard negative.
214,V2N0214,synthetic_negative_same_category,196,256,Water Leakage,Water Leakage,True,Water is leaking from a pipeline.,Water leakage is observed near the road.,18.725565,73.662726,18.725442357579954,73.66268088096099,2026-04-01T11:47:10+00:00,2026-04-30T21:35:49.812469841+00:00,14.441,0-50m,705.811,7-30d,0,synthetic_by_construction,Complaints 1 and 2 come from distinct source complaint instances and represent different benchmark issues. The pair is intentionally kept within the candidate search space to create a hard negative.
215,V2N0215,synthetic_negative_same_category,200,347,Road Damage,Road Damage,True,Damaged portion of road requires maintenance.,Road surface is damaged and needs repair.,18.709571,73.699529,18.709785298065,73.69928334693549,2026-05-04T11:12:10+00:00,2026-05-14T08:55:04.062345203+00:00,35.173,0-50m,237.715,7-30d,0,synthetic_by_construction,Complaints 1 and 2 come from distinct source complaint instances and represent different benchmark issues. The pair is intentionally kept within the candidate search space to create a hard negative.
216,V2N0216,synthetic_negative_same_category,204,459,Streetlight,Streetlight,True,Streetlight requires repair.,Streetlight is not working at night.,18.72359,73.671489,18.72299089924467,73.6711713564722,2026-07-02T23:53:10+00:00,2026-07-30T01:37:43.239478628+00:00,74.544,50-100m,649.743,7-30d,0,synthetic_by_construction,Complaints 1 and 2 come from distinct source complaint instances and represent different benchmark issues. The pair is intentionally kept within the candidate search space to create a hard negative.
217,V2N0217,synthetic_negative_same_category,208,414,Waterlogging,Waterlogging,True,Water is accumulated in the area.,Rainwater has accumulated on the road.,18.731385,73.689326,18.73164982995272,73.68996518917682,2026-08-16T22:45:10+00:00,2026-09-03T01:53:49.738779146+00:00,73.47,50-100m,411.144,7-30d,0,synthetic_by_construction,Complaints 1 and 2 come from distinct source complaint instances and represent different benchmark issues. The pair is intentionally kept within the candidate search space to create a hard negative.
218,V2N0218,synthetic_negative_same_category,213,279,Garbage Accumulation,Garbage Accumulation,True,Garbage has not been collected from the area.,Waste has been dumped near the road.,18.729991,73.657848,18.72952285810668,73.65791762604009,2026-09-09T16:23:10+00:00,2026-10-08T07:51:13.701208091+00:00,52.569,50-100m,687.468,7-30d,0,synthetic_by_construction,Complaints 1 and 2 come from distinct source complaint instances and represent different benchmark issues. The pair is intentionally kept within the candidate search space to create a hard negative.
219,V2N0219,synthetic_negative_same_category,217,349,Pothole,Pothole,True,Large pothole causing difficulty for vehicles.,Deep pothole noticed on the road.,18.713637,73.702108,18.71436916488495,73.70249628052696,2026-07-18T01:46:10+00:00,2026-08-03T06:57:57.403775133+00:00,91.106,50-100m,389.197,7-30d,0,synthetic_by_construction,Complaints 1 and 2 come from distinct source complaint instances and represent different benchmark issues. The pair is intentionally kept within the candidate search space to create a hard negative.
220,V2N0220,synthetic_negative_same_category,222,263,Streetlight,Streetlight,True,Streetlight requires repair.,Streetlight is not functioning.,18.749218,73.707989,18.749651652071684,73.7086126821816,2026-06-18T22:14:10+00:00,2026-06-27T03:50:16.022507447+00:00,81.472,50-100m,197.602,7-30d,0,synthetic_by_construction,Complaints 1 and 2 come from distinct source complaint instances and represent different benchmark issues. The pair is intentionally kept within the candidate search space to create a hard negative.
221,V2N0221,synthetic_negative_same_category,226,358,Waterlogging,Waterlogging,True,Rainwater has accumulated on the road.,Water is accumulated in the area.,18.71339,73.696749,18.714541567196036,73.69670251570584,2026-05-26T15:02:10+00:00,2026-06-09T14:45:36.991054448+00:00,128.142,100-150m,335.724,7-30d,0,synthetic_by_construction,Complaints 1 and 2 come from distinct source complaint instances and represent different benchmark issues. The pair is intentionally kept within the candidate search space to create a hard negative.
222,V2N0222,synthetic_negative_same_category,230,372,Streetlight,Streetlight,True,Streetlight is not working at night.,Streetlight requires repair.,18.707702,73.711775,18.706954169906897,73.71115202938921,2026-05-30T04:51:10+00:00,2026-06-23T18:49:40.494588181+00:00,105.923,100-150m,589.975,7-30d,0,synthetic_by_construction,Complaints 1 and 2 come from distinct source complaint instances and represent different benchmark issues. The pair is intentionally kept within the candidate search space to create a hard negative.
223,V2N0223,synthetic_negative_same_category,235,426,Other,Other,True,A municipal issue has been reported.,A municipal service-related issue has been reported.,18.73403,73.672912,18.732787713130264,73.67272469525241,2026-05-31T20:44:10+00:00,2026-06-13T01:19:23.354038702+00:00,139.537,100-150m,292.587,7-30d,0,synthetic_by_construction,Complaints 1 and 2 come from distinct source complaint instances and represent different benchmark issues. The pair is intentionally kept within the candidate search space to create a hard negative.
224,V2N0224,synthetic_negative_same_category,239,404,Blocked Drain,Blocked Drain,True,Drain is blocked and water is not flowing.,Waste has blocked the drainage system.,18.746747,73.698051,18.74745026639786,73.69715518265156,2026-04-11T23:59:10+00:00,2026-04-29T04:22:25.241231064+00:00,122.526,100-150m,412.388,7-30d,0,synthetic_by_construction,Complaints 1 and 2 come from distinct source complaint instances and represent different benchmark issues. The pair is intentionally kept within the candidate search space to create a hard negative.
225,V2N0225,synthetic_negative_same_category,244,291,Streetlight,Streetlight,True,Streetlight requires repair.,Streetlight is not functioning.,18.702955,73.700962,18.701980863032517,73.6999836566957,2026-08-22T07:58:10+00:00,2026-09-05T08:32:46.627822637+00:00,149.502,100-150m,336.577,7-30d,0,synthetic_by_construction,Complaints 1 and 2 come from distinct source complaint instances and represent different benchmark issues. The pair is intentionally kept within the candidate search space to create a hard negative.
226,V2N0226,synthetic_negative_same_category,249,271,Streetlight,Streetlight,True,Streetlight is not working at night.,Streetlight requires repair.,18.749103,73.672912,18.750638897887953,73.67235770326205,2026-09-06T13:58:10+00:00,2026-09-30T14:30:04.824643890+00:00,180.482,150-200m,576.532,7-30d,0,synthetic_by_construction,Complaints 1 and 2 come from distinct source complaint instances and represent different benchmark issues. The pair is intentionally kept within the candidate search space to create a hard negative.
227,V2N0227,synthetic_negative_same_category,253,308,Road Damage,Road Damage,True,Damaged portion of road requires maintenance.,Road surface is damaged and needs repair.,18.700858,73.707906,18.700088393546714,73.7066180564098,2026-09-08T08:34:10+00:00,2026-09-20T05:03:47.671203845+00:00,160.389,150-200m,284.494,7-30d,0,synthetic_by_construction,Complaints 1 and 2 come from distinct source complaint instances and represent different benchmark issues. The pair is intentionally kept within the candidate search space to create a hard negative.
228,V2N0228,synthetic_negative_same_category,258,348,Blocked Drain,Blocked Drain,True,Drain is blocked and water is not flowing.,Drain requires cleaning and maintenance.,18.700968,73.703583,18.702232614375905,73.70426395363634,2026-06-19T03:03:10+00:00,2026-06-30T03:00:22.025946550+00:00,157.853,150-200m,263.953,7-30d,0,synthetic_by_construction,Complaints 1 and 2 come from distinct source complaint instances and represent different benchmark issues. The pair is intentionally kept within the candidate search space to create a hard negative.
229,V2N0229,synthetic_negative_same_category,263,352,Streetlight,Streetlight,True,Streetlight is not functioning.,Streetlight is not working at night.,18.714641,73.698857,18.71351865022766,73.69806454717263,2026-03-29T12:00:10+00:00,2026-04-15T20:41:10.743682932+00:00,150.134,150-200m,416.684,7-30d,0,synthetic_by_construction,Complaints 1 and 2 come from distinct source complaint instances and represent different benchmark issues. The pair is intentionally kept within the candidate search space to create a hard negative.
230,V2N0230,synthetic_negative_same_category,268,372,Streetlight,Streetlight,True,Streetlight is not functioning.,Streetlight requires repair.,18.721952,73.695101,18.72155660250802,73.6935951690629,2026-05-28T00:02:10+00:00,2026-06-09T07:49:07.240165290+00:00,164.563,150-200m,295.783,7-30d,0,synthetic_by_construction,Complaints 1 and 2 come from distinct source complaint instances and represent different benchmark issues. The pair is intentionally kept within the candidate search space to create a hard negative.
231,V2N0231,synthetic_negative_same_category,274,356,Other,Other,True,A municipal issue has been reported.,An issue with public infrastructure has been noticed.,18.730377,73.671703,18.729566308031814,73.66964058715934,2026-09-14T14:45:10+00:00,2026-10-02T01:23:00.706708325+00:00,235.149,200-250m,418.631,7-30d,0,synthetic_by_construction,Complaints 1 and 2 come from distinct source complaint instances and represent different benchmark issues. The pair is intentionally kept within the candidate search space to create a hard negative.
232,V2N0232,synthetic_negative_same_category,280,389,Waterlogging,Waterlogging,True,Standing water is causing difficulty for commuters.,Rainwater has accumulated on the road.,18.711497,73.70985,18.709931972809603,73.70819643387428,2026-06-07T06:53:10+00:00,2026-07-02T09:46:09.492743425+00:00,246.196,200-250m,602.883,7-30d,0,synthetic_by_construction,Complaints 1 and 2 come from distinct source complaint instances and represent different benchmark issues. The pair is intentionally kept within the candidate search space to create a hard negative.
233,V2N0233,synthetic_negative_same_category,286,423,Blocked Drain,Blocked Drain,True,Waste has blocked the drainage system.,Drain is blocked and water is not flowing.,18.739809,73.676386,18.73794066358191,73.67738908739044,2026-06-22T15:17:10+00:00,2026-07-21T02:40:18.348558420+00:00,233.059,200-250m,683.386,7-30d,0,synthetic_by_construction,Complaints 1 and 2 come from distinct source complaint instances and represent different benchmark issues. The pair is intentionally kept within the candidate search space to create a hard negative.
234,V2N0234,synthetic_negative_same_category,292,332,Other,Other,True,A municipal service-related issue has been reported.,A municipal issue has been reported.,18.746171,73.694458,18.747885379040312,73.69328356311242,2026-04-17T04:49:10+00:00,2026-05-09T02:19:02.407495367+00:00,227.228,200-250m,525.498,7-30d,0,synthetic_by_construction,Complaints 1 and 2 come from distinct source complaint instances and represent different benchmark issues. The pair is intentionally kept within the candidate search space to create a hard negative.
235,V2N0235,synthetic_negative_same_category,299,332,Other,Other,True,An issue with public infrastructure has been noticed.,A municipal issue has been reported.,18.739224,73.699838,18.740317946521586,73.70181741039647,2026-08-15T23:26:10+00:00,2026-08-24T14:51:49.057045747+00:00,241.332,200-250m,207.428,7-30d,0,synthetic_by_construction,Complaints 1 and 2 come from distinct source complaint instances and represent different benchmark issues. The pair is intentionally kept within the candidate search space to create a hard negative.
236,V2N0236,synthetic_negative_same_category,305,396,Pothole,Pothole,True,Large pothole causing difficulty for vehicles.,Pothole is creating a safety problem for commuters.,18.706265,73.700427,18.70410299009071,73.6993667543146,2026-06-19T22:59:10+00:00,2026-07-14T04:24:47.822818761+00:00,265.073,250-300m,581.427,7-30d,0,synthetic_by_construction,Complaints 1 and 2 come from distinct source complaint instances and represent different benchmark issues. The pair is intentionally kept within the candidate search space to create a hard negative.
237,V2N0237,synthetic_negative_same_category,312,314,Pothole,Pothole,True,Large pothole causing difficulty for vehicles.,Pothole is creating a safety problem for commuters.,18.708443,73.688413,18.707550209740408,73.68608886941641,2026-03-29T15:41:10+00:00,2026-04-08T12:20:17.112793085+00:00,264.142,250-300m,236.652,7-30d,0,synthetic_by_construction,Complaints 1 and 2 come from distinct source complaint instances and represent different benchmark issues. The pair is intentionally kept within the candidate search space to create a hard negative.
238,V2N0238,synthetic_negative_same_category,318,341,Water Leakage,Water Leakage,True,Water is leaking from a pipeline.,A water pipeline appears to be leaking.,18.746725,73.676946,18.744168357282295,73.67693799005085,2026-08-24T02:16:10+00:00,2026-09-21T18:37:38.289261891+00:00,284.287,250-300m,688.358,7-30d,0,synthetic_by_construction,Complaints 1 and 2 come from distinct source complaint instances and represent different benchmark issues. The pair is intentionally kept within the candidate search space to create a hard negative.
239,V2N0239,synthetic_negative_same_category,324,406,Waterlogging,Waterlogging,True,Water is accumulated in the area.,Standing water is causing difficulty for commuters.,18.739631,73.705332,18.742019968170986,73.70597736789587,2026-09-17T03:19:10+00:00,2026-09-25T23:43:57.152187622+00:00,274.196,250-300m,212.413,7-30d,0,synthetic_by_construction,Complaints 1 and 2 come from distinct source complaint instances and represent different benchmark issues. The pair is intentionally kept within the candidate search space to create a hard negative.
240,V2N0240,synthetic_negative_same_category,331,436,Waterlogging,Waterlogging,True,Standing water is causing difficulty for commuters.,Water is accumulated in the area.,18.723705,73.68095,18.723699362743037,73.68352495125903,2026-05-23T17:25:10+00:00,2026-06-07T03:20:51.846872612+00:00,271.169,250-300m,345.928,7-30d,0,synthetic_by_construction,Complaints 1 and 2 come from distinct source complaint instances and represent different benchmark issues. The pair is intentionally kept within the candidate search space to create a hard negative.
241,V2N0241,synthetic_negative_same_category,340,369,Streetlight,Streetlight,True,Streetlight is not working at night.,Streetlight requires repair.,18.717097,73.693737,18.717122319001028,73.6936924124738,2026-04-22T12:14:10+00:00,2026-06-20T08:48:44.948084154+00:00,5.475,0-50m,1412.576,30-60d,0,synthetic_by_construction,Complaints 1 and 2 come from distinct source complaint instances and represent different benchmark issues. The pair is intentionally kept within the candidate search space to create a hard negative.
242,V2N0242,synthetic_negative_same_category,349,408,Pothole,Pothole,True,Deep pothole noticed on the road.,Pothole is creating a safety problem for commuters.,18.717804,73.707089,18.718066463872308,73.7070882554904,2026-07-10T11:31:10+00:00,2026-09-07T00:05:09.803768064+00:00,29.185,0-50m,1404.567,30-60d,0,synthetic_by_construction,Complaints 1 and 2 come from distinct source complaint instances and represent different benchmark issues. The pair is intentionally kept within the candidate search space to create a hard negative.
243,V2N0243,synthetic_negative_same_category,357,458,Road Damage,Road Damage,True,Road has cracks and damaged portions.,Damaged portion of road requires maintenance.,18.707873,73.691184,18.708168545244142,73.69126460028112,2026-08-07T21:58:10+00:00,2026-09-15T00:01:28.876909668+00:00,33.942,0-50m,914.055,30-60d,0,synthetic_by_construction,Complaints 1 and 2 come from distinct source complaint instances and represent different benchmark issues. The pair is intentionally kept within the candidate search space to create a hard negative.
244,V2N0244,synthetic_negative_same_category,366,406,Waterlogging,Waterlogging,True,Water is accumulated in the area.,Standing water is causing difficulty for commuters.,18.736106,73.67241,18.735907461905686,73.67211561311386,2026-09-18T03:34:10+00:00,2026-11-01T06:20:07.195838597+00:00,38.057,0-50m,1058.766,30-60d,0,synthetic_by_construction,Complaints 1 and 2 come from distinct source complaint instances and represent different benchmark issues. The pair is intentionally kept within the candidate search space to create a hard negative.
245,V2N0245,synthetic_negative_same_category,376,441,Pothole,Pothole,True,Large pothole causing difficulty for vehicles.,Deep pothole noticed on the road.,18.71899,73.700709,18.718635227569795,73.70048642168656,2026-09-07T16:14:10+00:00,2026-10-13T02:54:59.335993042+00:00,45.888,0-50m,850.68,30-60d,0,synthetic_by_construction,Complaints 1 and 2 come from distinct source complaint instances and represent different benchmark issues. The pair is intentionally kept within the candidate search space to create a hard negative.
246,V2N0246,synthetic_negative_same_category,386,476,Other,Other,True,A municipal issue has been reported.,An issue with public infrastructure has been noticed.,18.737664,73.666363,18.738281570628043,73.66678403362455,2026-08-02T03:59:10+00:00,2026-09-15T22:02:01.577150228+00:00,81.739,50-100m,1074.048,30-60d,0,synthetic_by_construction,Complaints 1 and 2 come from distinct source complaint instances and represent different benchmark issues. The pair is intentionally kept within the candidate search space to create a hard negative.
247,V2N0247,synthetic_negative_same_category,397,493,Garbage Accumulation,Garbage Accumulation,True,Garbage has accumulated near the roadside.,Waste has been dumped near the road.,18.718944,73.692785,18.71865244260061,73.69222392513691,2026-08-22T03:53:10+00:00,2026-10-01T03:52:29.357277746+00:00,67.398,50-100m,959.989,30-60d,0,synthetic_by_construction,Complaints 1 and 2 come from distinct source complaint instances and represent different benchmark issues. The pair is intentionally kept within the candidate search space to create a hard negative.
248,V2N0248,synthetic_negative_same_category,411,461,Pothole,Pothole,True,Large pothole causing difficulty for vehicles.,Pothole is creating a safety problem for commuters.,18.719417,73.667296,18.71912749538647,73.66646865562737,2026-05-04T16:36:10+00:00,2026-06-13T14:04:05.223064789+00:00,92.887,50-100m,957.465,30-60d,0,synthetic_by_construction,Complaints 1 and 2 come from distinct source complaint instances and represent different benchmark issues. The pair is intentionally kept within the candidate search space to create a hard negative.
249,V2N0249,synthetic_negative_same_category,425,486,Pothole,Pothole,True,Large pothole causing difficulty for vehicles.,Deep pothole noticed on the road.,18.743328,73.67845,18.743553253208386,73.67788644252684,2026-04-04T14:03:10+00:00,2026-06-01T22:35:33.627580418+00:00,64.411,50-100m,1400.54,30-60d,0,synthetic_by_construction,Complaints 1 and 2 come from distinct source complaint instances and represent different benchmark issues. The pair is intentionally kept within the candidate search space to create a hard negative.
250,V2N0250,synthetic_negative_same_category,444,450,Garbage Accumulation,Garbage Accumulation,True,Waste has been dumped near the road.,Garbage has not been collected from the area.,18.711911,73.691136,18.71163612285666,73.69181227344716,2026-07-15T01:39:10+00:00,2026-08-27T17:07:58.381362973+00:00,77.505,50-100m,1047.48,30-60d,0,synthetic_by_construction,Complaints 1 and 2 come from distinct source complaint instances and represent different benchmark issues. The pair is intentionally kept within the candidate search space to create a hard negative.
251,V2N0251,synthetic_negative_different_category,1,2,Waterlogging,Pothole,False,Standing water is causing difficulty for commuters.,Pothole is creating a safety problem for commuters.,18.718913,73.695537,18.718052016410972,73.696161715505,2026-07-03T11:23:10+00:00,2026-08-31T13:55:09.885237667+00:00,116.164,100-150m,1418.533,30-60d,0,synthetic_by_construction,Complaints 1 and 2 come from distinct source complaint instances and represent different benchmark issues. The pair is intentionally kept within the candidate search space to create a hard negative.
252,V2N0252,synthetic_negative_different_category,6,36,Waterlogging,Road Damage,False,Standing water is causing difficulty for commuters.,Damaged portion of road requires maintenance.,18.707803,73.703354,18.707183164149395,73.70235556388884,2026-06-14T22:48:10+00:00,2026-08-13T14:14:55.432422574+00:00,125.73,100-150m,1431.446,30-60d,0,synthetic_by_construction,Complaints 1 and 2 come from distinct source complaint instances and represent different benchmark issues. The pair is intentionally kept within the candidate search space to create a hard negative.
253,V2N0253,synthetic_negative_different_category,11,59,Road Damage,Waterlogging,False,Damaged portion of road requires maintenance.,Standing water is causing difficulty for commuters.,18.744647,73.672273,18.74508397589052,73.67338867794177,2026-06-20T01:20:10+00:00,2026-08-01T10:52:48.826599292+00:00,127.13,100-150m,1017.544,30-60d,0,synthetic_by_construction,Complaints 1 and 2 come from distinct source complaint instances and represent different benchmark issues. The pair is intentionally kept within the candidate search space to create a hard negative.
254,V2N0254,synthetic_negative_different_category,16,96,Water Leakage,Pothole,False,A water pipeline appears to be leaking.,Pothole is creating a safety problem for commuters.,18.706592,73.685354,18.70584298393782,73.68455913684275,2026-06-04T02:48:10+00:00,2026-07-26T19:26:39.423358501+00:00,118.089,100-150m,1264.642,30-60d,0,synthetic_by_construction,Complaints 1 and 2 come from distinct source complaint instances and represent different benchmark issues. The pair is intentionally kept within the candidate search space to create a hard negative.
255,V2N0255,synthetic_negative_different_category,21,173,Other,Road Damage,False,A municipal service-related issue has been reported.,Damaged portion of road requires maintenance.,18.715538,73.705398,18.7143558160127,73.70499919592424,2026-08-03T09:05:10+00:00,2026-09-08T11:39:21.625707329+00:00,138.0,100-150m,866.57,30-60d,0,synthetic_by_construction,Complaints 1 and 2 come from distinct source complaint instances and represent different benchmark issues. The pair is intentionally kept within the candidate search space to create a hard negative.
256,V2N0256,synthetic_negative_different_category,26,265,Pothole,Garbage Accumulation,False,Deep pothole noticed on the road.,Garbage has not been collected from the area.,18.745232,73.679339,18.744667803374732,73.67757167757033,2026-05-11T09:20:10+00:00,2026-06-23T12:47:07.146248182+00:00,196.384,150-200m,1035.449,30-60d,0,synthetic_by_construction,Complaints 1 and 2 come from distinct source complaint instances and represent different benchmark issues. The pair is intentionally kept within the candidate search space to create a hard negative.
257,V2N0257,synthetic_negative_different_category,31,419,Road Damage,Garbage Accumulation,False,Damaged portion of road requires maintenance.,Garbage has not been collected from the area.,18.736814,73.691387,18.73572620513609,73.69045037483158,2026-05-04T06:10:10+00:00,2026-07-02T10:50:07.513324462+00:00,156.071,150-200m,1420.666,30-60d,0,synthetic_by_construction,Complaints 1 and 2 come from distinct source complaint instances and represent different benchmark issues. The pair is intentionally kept within the candidate search space to create a hard negative.
258,V2N0258,synthetic_negative_different_category,37,106,Blocked Drain,Waterlogging,False,Drain requires cleaning and maintenance.,Standing water is causing difficulty for commuters.,18.704755,73.688437,18.703372097302726,73.68795408834589,2026-06-30T14:26:10+00:00,2026-08-04T08:28:36.498969265+00:00,161.965,150-200m,834.041,30-60d,0,synthetic_by_construction,Complaints 1 and 2 come from distinct source complaint instances and represent different benchmark issues. The pair is intentionally kept within the candidate search space to create a hard negative.
259,V2N0259,synthetic_negative_different_category,42,309,Pothole,Waterlogging,False,Large pothole causing difficulty for vehicles.,Standing water is causing difficulty for commuters.,18.728986,73.669021,18.73058141833455,73.66893897868358,2026-08-10T08:17:10+00:00,2026-09-12T03:24:20.894190460+00:00,177.613,150-200m,787.12,30-60d,0,synthetic_by_construction,Complaints 1 and 2 come from distinct source complaint instances and represent different benchmark issues. The pair is intentionally kept within the candidate search space to create a hard negative.
260,V2N0260,synthetic_negative_different_category,48,97,Streetlight,Waterlogging,False,Streetlight is not working at night.,Standing water is causing difficulty for commuters.,18.74258,73.683168,18.74388162622756,73.68441817749691,2026-05-13T10:43:10+00:00,2026-06-26T06:58:02.329587215+00:00,195.646,150-200m,1052.248,30-60d,0,synthetic_by_construction,Complaints 1 and 2 come from distinct source complaint instances and represent different benchmark issues. The pair is intentionally kept within the candidate search space to create a hard negative.
261,V2N0261,synthetic_negative_different_category,53,364,Road Damage,Water Leakage,False,Road surface is damaged and needs repair.,Water is leaking from a pipeline.,18.738965,73.698919,18.738512398390366,73.6966748797458,2026-08-18T07:50:10+00:00,2026-10-02T06:40:17.366682880+00:00,241.607,200-250m,1078.835,30-60d,0,synthetic_by_construction,Complaints 1 and 2 come from distinct source complaint instances and represent different benchmark issues. The pair is intentionally kept within the candidate search space to create a hard negative.
262,V2N0262,synthetic_negative_different_category,59,184,Waterlogging,Garbage Accumulation,False,Standing water is causing difficulty for commuters.,Garbage has accumulated near the roadside.,18.746221,73.675831,18.747250034173305,73.6739862271409,2026-06-12T11:55:10+00:00,2026-07-20T16:47:33.488984525+00:00,225.444,200-250m,916.873,30-60d,0,synthetic_by_construction,Complaints 1 and 2 come from distinct source complaint instances and represent different benchmark issues. The pair is intentionally kept within the candidate search space to create a hard negative.
263,V2N0263,synthetic_negative_different_category,64,473,Garbage Accumulation,Water Leakage,False,Garbage has accumulated near the roadside.,Water is leaking from a pipeline.,18.71135,73.704399,18.709225752140515,73.70365051372785,2026-06-27T11:15:10+00:00,2026-08-03T18:44:47.734234140+00:00,249.012,200-250m,895.494,30-60d,0,synthetic_by_construction,Complaints 1 and 2 come from distinct source complaint instances and represent different benchmark issues. The pair is intentionally kept within the candidate search space to create a hard negative.
264,V2N0264,synthetic_negative_different_category,70,373,Pothole,Garbage Accumulation,False,Pothole is creating a safety problem for commuters.,Garbage has accumulated near the roadside.,18.744199,73.702924,18.742230514967517,73.70281626875092,2026-07-01T07:14:10+00:00,2026-08-27T22:58:55.057369212+00:00,219.179,200-250m,1383.746,30-60d,0,synthetic_by_construction,Complaints 1 and 2 come from distinct source complaint instances and represent different benchmark issues. The pair is intentionally kept within the candidate search space to create a hard negative.
265,V2N0265,synthetic_negative_different_category,76,311,Pothole,Blocked Drain,False,Pothole is creating a safety problem for commuters.,Drain requires cleaning and maintenance.,18.735849,73.666246,18.73548880251964,73.66853137610849,2026-09-12T23:28:10+00:00,2026-11-07T21:34:12.709069261+00:00,243.966,200-250m,1342.101,30-60d,0,synthetic_by_construction,Complaints 1 and 2 come from distinct source complaint instances and represent different benchmark issues. The pair is intentionally kept within the candidate search space to create a hard negative.
266,V2N0266,synthetic_negative_different_category,82,287,Waterlogging,Garbage Accumulation,False,Standing water is causing difficulty for commuters.,Garbage has accumulated near the roadside.,18.747555,73.711733,18.749932993208592,73.71063218504086,2026-08-25T12:09:10+00:00,2026-10-06T22:55:01.823917838+00:00,288.71,250-300m,1018.764,30-60d,0,synthetic_by_construction,Complaints 1 and 2 come from distinct source complaint instances and represent different benchmark issues. The pair is intentionally kept within the candidate search space to create a hard negative.
267,V2N0267,synthetic_negative_different_category,88,302,Blocked Drain,Water Leakage,False,Drain requires cleaning and maintenance.,A water pipeline appears to be leaking.,18.744799,73.695336,18.744292545498965,73.69789113846767,2026-08-13T12:07:10+00:00,2026-10-07T02:55:00.694715985+00:00,274.879,250-300m,1310.797,30-60d,0,synthetic_by_construction,Complaints 1 and 2 come from distinct source complaint instances and represent different benchmark issues. The pair is intentionally kept within the candidate search space to create a hard negative.
268,V2N0268,synthetic_negative_different_category,94,351,Garbage Accumulation,Streetlight,False,Waste has been dumped near the road.,Streetlight is not functioning.,18.705952,73.713198,18.708331811299956,73.71318067119297,2026-04-17T07:46:10+00:00,2026-06-03T22:22:07.446739498+00:00,264.629,250-300m,1142.599,30-60d,0,synthetic_by_construction,Complaints 1 and 2 come from distinct source complaint instances and represent different benchmark issues. The pair is intentionally kept within the candidate search space to create a hard negative.
269,V2N0269,synthetic_negative_different_category,100,466,Streetlight,Road Damage,False,Streetlight requires repair.,Damaged portion of road requires maintenance.,18.721975,73.698412,18.71958297055408,73.69778747415994,2026-09-08T05:48:10+00:00,2026-10-12T16:47:59.975013127+00:00,273.992,250-300m,826.997,30-60d,0,synthetic_by_construction,Complaints 1 and 2 come from distinct source complaint instances and represent different benchmark issues. The pair is intentionally kept within the candidate search space to create a hard negative.
270,V2N0270,synthetic_negative_different_category,107,159,Road Damage,Garbage Accumulation,False,Road has cracks and damaged portions.,Garbage has accumulated near the roadside.,18.703185,73.692243,18.70087342796823,73.69156001610696,2026-09-01T13:30:10+00:00,2026-10-18T02:53:16.076020527+00:00,266.911,250-300m,1117.385,30-60d,0,synthetic_by_construction,Complaints 1 and 2 come from distinct source complaint instances and represent different benchmark issues. The pair is intentionally kept within the candidate search space to create a hard negative.
271,V2N0271,synthetic_negative_different_category,113,305,Blocked Drain,Pothole,False,Waste has blocked the drainage system.,Large pothole causing difficulty for vehicles.,18.741849,73.687401,18.741927824613544,73.68760614365387,2026-08-19T05:33:10+00:00,2026-10-27T21:14:21.307809057+00:00,23.312,0-50m,1671.686,60-90d,0,synthetic_by_construction,Complaints 1 and 2 come from distinct source complaint instances and represent different benchmark issues. The pair is intentionally kept within the candidate search space to create a hard negative.
272,V2N0272,synthetic_negative_different_category,120,123,Blocked Drain,Garbage Accumulation,False,Drain is blocked and water is not flowing.,Garbage has not been collected from the area.,18.707197,73.705235,18.707229615477708,73.70556722378304,2026-03-28T03:02:10+00:00,2026-06-13T06:44:04.903309752+00:00,35.177,0-50m,1851.699,60-90d,0,synthetic_by_construction,Complaints 1 and 2 come from distinct source complaint instances and represent different benchmark issues. The pair is intentionally kept within the candidate search space to create a hard negative.
273,V2N0273,synthetic_negative_different_category,126,355,Garbage Accumulation,Road Damage,False,Garbage has not been collected from the area.,Damaged portion of road requires maintenance.,18.741783,73.701445,18.741771333203577,73.70107481494661,2026-03-31T20:58:10+00:00,2026-06-01T04:24:18.227957439+00:00,39.002,0-50m,1471.436,60-90d,0,synthetic_by_construction,Complaints 1 and 2 come from distinct source complaint instances and represent different benchmark issues. The pair is intentionally kept within the candidate search space to create a hard negative.
274,V2N0274,synthetic_negative_different_category,133,274,Waterlogging,Other,False,Water is accumulated in the area.,A municipal issue has been reported.,18.738449,73.685778,18.73820771348831,73.68599957807254,2026-05-16T11:18:10+00:00,2026-08-08T19:31:08.664727668+00:00,35.556,0-50m,2024.216,60-90d,0,synthetic_by_construction,Complaints 1 and 2 come from distinct source complaint instances and represent different benchmark issues. The pair is intentionally kept within the candidate search space to create a hard negative.
275,V2N0275,synthetic_negative_different_category,140,232,Streetlight,Other,False,Streetlight is not functioning.,An issue with public infrastructure has been noticed.,18.746309,73.670392,18.74660827254488,73.67035372457266,2026-09-04T16:00:10+00:00,2026-11-28T06:56:34.107119305+00:00,33.521,0-50m,2030.94,60-90d,0,synthetic_by_construction,Complaints 1 and 2 come from distinct source complaint instances and represent different benchmark issues. The pair is intentionally kept within the candidate search space to create a hard negative.
276,V2N0276,synthetic_negative_different_category,147,234,Blocked Drain,Water Leakage,False,Drain requires cleaning and maintenance.,Water leakage is observed near the road.,18.722607,73.688217,18.721934678989562,73.68820677998013,2026-04-17T13:56:10+00:00,2026-06-17T16:35:59.499901725+00:00,74.766,50-100m,1466.664,60-90d,0,synthetic_by_construction,Complaints 1 and 2 come from distinct source complaint instances and represent different benchmark issues. The pair is intentionally kept within the candidate search space to create a hard negative.
277,V2N0277,synthetic_negative_different_category,154,297,Road Damage,Streetlight,False,Road surface is damaged and needs repair.,Streetlight requires repair.,18.712096,73.706491,18.712599032323,73.70595446365132,2026-07-09T23:27:10+00:00,2026-10-04T01:38:17.903023581+00:00,79.509,50-100m,2066.186,60-90d,0,synthetic_by_construction,Complaints 1 and 2 come from distinct source complaint instances and represent different benchmark issues. The pair is intentionally kept within the candidate search space to create a hard negative.
278,V2N0278,synthetic_negative_different_category,161,407,Road Damage,Blocked Drain,False,Road surface is damaged and needs repair.,Drain is blocked and water is not flowing.,18.720562,73.673792,18.719937923268,73.67397481259533,2026-07-11T15:59:10+00:00,2026-09-25T10:40:32.282766075+00:00,72.015,50-100m,1818.69,60-90d,0,synthetic_by_construction,Complaints 1 and 2 come from distinct source complaint instances and represent different benchmark issues. The pair is intentionally kept within the candidate search space to create a hard negative.
279,V2N0279,synthetic_negative_different_category,169,219,Pothole,Other,False,Large pothole causing difficulty for vehicles.,A municipal service-related issue has been reported.,18.729937,73.664255,18.729500777992335,73.66357922476656,2026-04-21T13:14:10+00:00,2026-07-02T20:25:35.823152266+00:00,86.122,50-100m,1735.191,60-90d,0,synthetic_by_construction,Complaints 1 and 2 come from distinct source complaint instances and represent different benchmark issues. The pair is intentionally kept within the candidate search space to create a hard negative.
280,V2N0280,synthetic_negative_different_category,176,415,Other,Garbage Accumulation,False,A municipal service-related issue has been reported.,Waste has been dumped near the road.,18.745217,73.678675,18.74572638375278,73.67856959471732,2026-08-26T18:57:10+00:00,2026-11-08T20:59:28.736090790+00:00,57.718,50-100m,1778.039,60-90d,0,synthetic_by_construction,Complaints 1 and 2 come from distinct source complaint instances and represent different benchmark issues. The pair is intentionally kept within the candidate search space to create a hard negative.
281,V2N0281,synthetic_negative_different_category,184,369,Garbage Accumulation,Streetlight,False,Garbage has accumulated near the roadside.,Streetlight requires repair.,18.744246,73.666605,18.74362703612478,73.66570729325223,2026-07-10T19:02:10+00:00,2026-09-29T13:47:11.382171649+00:00,116.928,100-150m,1938.75,60-90d,0,synthetic_by_construction,Complaints 1 and 2 come from distinct source complaint instances and represent different benchmark issues. The pair is intentionally kept within the candidate search space to create a hard negative.
282,V2N0282,synthetic_negative_different_category,192,361,Water Leakage,Waterlogging,False,Water leakage is observed near the road.,Standing water is causing difficulty for commuters.,18.726635,73.677574,18.72744829528052,73.67652716161822,2026-08-02T08:28:10+00:00,2026-10-26T22:09:24.060090678+00:00,142.588,100-150m,2053.687,60-90d,0,synthetic_by_construction,Complaints 1 and 2 come from distinct source complaint instances and represent different benchmark issues. The pair is intentionally kept within the candidate search space to create a hard negative.
283,V2N0283,synthetic_negative_different_category,200,437,Road Damage,Waterlogging,False,Damaged portion of road requires maintenance.,Water is accumulated in the area.,18.709571,73.699529,18.70936200010737,73.69842085111655,2026-05-04T11:12:10+00:00,2026-07-12T23:12:20.311193830+00:00,119.0,100-150m,1668.003,60-90d,0,synthetic_by_construction,Complaints 1 and 2 come from distinct source complaint instances and represent different benchmark issues. The pair is intentionally kept within the candidate search space to create a hard negative.
284,V2N0284,synthetic_negative_different_category,209,285,Water Leakage,Pothole,False,Water leakage is observed near the road.,Pothole is creating a safety problem for commuters.,18.712423,73.676394,18.713632364084226,73.67668699484207,2026-06-18T21:08:10+00:00,2026-09-13T01:15:11.375308380+00:00,137.97,100-150m,2068.117,60-90d,0,synthetic_by_construction,Complaints 1 and 2 come from distinct source complaint instances and represent different benchmark issues. The pair is intentionally kept within the candidate search space to create a hard negative.
285,V2N0285,synthetic_negative_different_category,217,499,Pothole,Water Leakage,False,Large pothole causing difficulty for vehicles.,Water leakage is observed near the road.,18.713637,73.702108,18.714454643908475,73.70163994834995,2026-07-18T01:46:10+00:00,2026-10-05T00:12:32.633890621+00:00,103.421,100-150m,1894.44,60-90d,0,synthetic_by_construction,Complaints 1 and 2 come from distinct source complaint instances and represent different benchmark issues. The pair is intentionally kept within the candidate search space to create a hard negative.
286,V2N0286,synthetic_negative_different_category,226,492,Waterlogging,Water Leakage,False,Rainwater has accumulated on the road.,A water pipeline appears to be leaking.,18.71339,73.696749,18.711744996874714,73.69751395241154,2026-05-26T15:02:10+00:00,2026-08-17T00:42:37.538995503+00:00,199.871,150-200m,1977.674,60-90d,0,synthetic_by_construction,Complaints 1 and 2 come from distinct source complaint instances and represent different benchmark issues. The pair is intentionally kept within the candidate search space to create a hard negative.
287,V2N0287,synthetic_negative_different_category,236,292,Garbage Accumulation,Other,False,Garbage has not been collected from the area.,A municipal service-related issue has been reported.,18.720864,73.687677,18.72183407738319,73.68662108993755,2026-06-19T23:38:10+00:00,2026-09-06T23:56:17.557277975+00:00,154.922,150-200m,1896.302,60-90d,0,synthetic_by_construction,Complaints 1 and 2 come from distinct source complaint instances and represent different benchmark issues. The pair is intentionally kept within the candidate search space to create a hard negative.
288,V2N0288,synthetic_negative_different_category,245,451,Other,Streetlight,False,A municipal issue has been reported.,Streetlight requires repair.,18.716407,73.699685,18.71767904267554,73.69875267975488,2026-06-21T06:09:10+00:00,2026-09-10T01:50:12.029918203+00:00,172.184,150-200m,1939.684,60-90d,0,synthetic_by_construction,Complaints 1 and 2 come from distinct source complaint instances and represent different benchmark issues. The pair is intentionally kept within the candidate search space to create a hard negative.
289,V2N0289,synthetic_negative_different_category,255,461,Garbage Accumulation,Pothole,False,Garbage has not been collected from the area.,Pothole is creating a safety problem for commuters.,18.727956,73.693191,18.72758738505996,73.69458387571767,2026-04-26T02:35:10+00:00,2026-07-18T23:48:41.200535706+00:00,152.3,150-200m,2013.225,60-90d,0,synthetic_by_construction,Complaints 1 and 2 come from distinct source complaint instances and represent different benchmark issues. The pair is intentionally kept within the candidate search space to create a hard negative.
290,V2N0290,synthetic_negative_different_category,266,323,Blocked Drain,Other,False,Drain is blocked and water is not flowing.,A municipal issue has been reported.,18.734912,73.667475,18.733423469774078,73.66716320597605,2026-05-04T23:59:10+00:00,2026-07-08T08:48:17.669940195+00:00,168.742,150-200m,1544.819,60-90d,0,synthetic_by_construction,Complaints 1 and 2 come from distinct source complaint instances and represent different benchmark issues. The pair is intentionally kept within the candidate search space to create a hard negative.
291,V2N0291,synthetic_negative_different_category,277,293,Road Damage,Garbage Accumulation,False,Road has cracks and damaged portions.,Waste has been dumped near the road.,18.730701,73.694247,18.73169028239647,73.69614666981734,2026-06-22T07:27:10+00:00,2026-09-14T02:04:07.945598371+00:00,228.296,200-250m,2010.616,60-90d,0,synthetic_by_construction,Complaints 1 and 2 come from distinct source complaint instances and represent different benchmark issues. The pair is intentionally kept within the candidate search space to create a hard negative.
292,V2N0292,synthetic_negative_different_category,288,401,Water Leakage,Waterlogging,False,Water is leaking from a pipeline.,Standing water is causing difficulty for commuters.,18.715465,73.691655,18.714125677930472,73.69033191165383,2026-06-14T23:50:10+00:00,2026-09-09T02:50:30.889461913+00:00,203.948,200-250m,2067.006,60-90d,0,synthetic_by_construction,Complaints 1 and 2 come from distinct source complaint instances and represent different benchmark issues. The pair is intentionally kept within the candidate search space to create a hard negative.
293,V2N0293,synthetic_negative_different_category,300,425,Water Leakage,Pothole,False,A water pipeline appears to be leaking.,Large pothole causing difficulty for vehicles.,18.7453,73.711439,18.746486511902045,73.71301546776272,2026-07-05T05:37:10+00:00,2026-09-30T14:51:25.947688477+00:00,212.041,200-250m,2097.238,60-90d,0,synthetic_by_construction,Complaints 1 and 2 come from distinct source complaint instances and represent different benchmark issues. The pair is intentionally kept within the candidate search space to create a hard negative.
294,V2N0294,synthetic_negative_different_category,313,424,Road Damage,Pothole,False,Damaged portion of road requires maintenance.,Pothole is creating a safety problem for commuters.,18.743726,73.687037,18.743658874190142,73.68915416394884,2026-06-26T11:53:10+00:00,2026-09-02T02:45:26.120575682+00:00,223.057,200-250m,1622.871,60-90d,0,synthetic_by_construction,Complaints 1 and 2 come from distinct source complaint instances and represent different benchmark issues. The pair is intentionally kept within the candidate search space to create a hard negative.
295,V2N0295,synthetic_negative_different_category,327,410,Streetlight,Road Damage,False,Streetlight requires repair.,Road surface is damaged and needs repair.,18.701216,73.696518,18.70268256205643,73.69541096683115,2026-04-24T08:58:10+00:00,2026-07-17T12:18:25.968728808+00:00,200.47,200-250m,2019.338,60-90d,0,synthetic_by_construction,Complaints 1 and 2 come from distinct source complaint instances and represent different benchmark issues. The pair is intentionally kept within the candidate search space to create a hard negative.
296,V2N0296,synthetic_negative_different_category,342,421,Road Damage,Water Leakage,False,Damaged portion of road requires maintenance.,Water leakage is observed near the road.,18.705785,73.697765,18.703406897407433,73.69872763453387,2026-09-08T19:08:10+00:00,2026-11-12T12:53:13.125287677+00:00,283.203,250-300m,1553.751,60-90d,0,synthetic_by_construction,Complaints 1 and 2 come from distinct source complaint instances and represent different benchmark issues. The pair is intentionally kept within the candidate search space to create a hard negative.
297,V2N0297,synthetic_negative_different_category,358,489,Waterlogging,Garbage Accumulation,False,Water is accumulated in the area.,Garbage has not been collected from the area.,18.742779,73.710169,18.74123651026045,73.70822655688637,2026-07-19T19:19:10+00:00,2026-10-05T10:22:30.707106301+00:00,266.933,250-300m,1863.056,60-90d,0,synthetic_by_construction,Complaints 1 and 2 come from distinct source complaint instances and represent different benchmark issues. The pair is intentionally kept within the candidate search space to create a hard negative.
298,V2N0298,synthetic_negative_different_category,377,474,Pothole,Other,False,Deep pothole noticed on the road.,A municipal service-related issue has been reported.,18.70113,73.7074,18.70250267602065,73.70527632029012,2026-08-03T10:04:10+00:00,2026-10-09T22:08:51.594128683+00:00,270.791,250-300m,1620.078,60-90d,0,synthetic_by_construction,Complaints 1 and 2 come from distinct source complaint instances and represent different benchmark issues. The pair is intentionally kept within the candidate search space to create a hard negative.
299,V2N0299,synthetic_negative_different_category,400,419,Streetlight,Garbage Accumulation,False,Streetlight is not working at night.,Garbage has not been collected from the area.,18.730114,73.679245,18.727790897792364,73.6795047739729,2026-07-06T02:27:10+00:00,2026-09-15T15:26:17.052366397+00:00,259.762,250-300m,1716.985,60-90d,0,synthetic_by_construction,Complaints 1 and 2 come from distinct source complaint instances and represent different benchmark issues. The pair is intentionally kept within the candidate search space to create a hard negative.
300,V2N0300,synthetic_negative_different_category,429,450,Other,Garbage Accumulation,False,An issue with public infrastructure has been noticed.,Garbage has not been collected from the area.,18.749773,73.706584,18.747675349793244,73.70545859031385,2026-05-12T06:18:10+00:00,2026-07-28T10:05:29.029356191+00:00,261.623,250-300m,1851.789,60-90d,0,synthetic_by_construction,Complaints 1 and 2 come from distinct source complaint instances and represent different benchmark issues. The pair is intentionally kept within the candidate search space to create a hard negative.
