pair_id,pair_type,complaint_id_1,complaint_id_2,category_1,category_2,category_match,description_1,description_2,distance_meters,time_difference_hours,actual_duplicate,text_similarity,model_name,similarity_metric,label_source,label_notes
V2P0001,synthetic_positive,12,SYN_DUP_0012,Blocked Drain,Blocked Drain,True,Drain requires cleaning and maintenance.,Residents report a blocked drain problem: Drain needs cleaning and maintenance.,32.332,2.045,1,0.756816,sentence-transformers/all-MiniLM-L6-v2,cosine,synthetic_by_construction,Complaint 2 is a controlled semantic variant of Complaint 1 and represents the same benchmark issue.
V2P0002,synthetic_positive,17,SYN_DUP_0017,Garbage Accumulation,Garbage Accumulation,True,Waste has been dumped near the road.,The reported garbage accumulation issue is that Waste has been dumped near the road.,11.937,53.092,1,0.857141,sentence-transformers/all-MiniLM-L6-v2,cosine,synthetic_by_construction,Complaint 2 is a controlled semantic variant of Complaint 1 and represents the same benchmark issue.
V2P0003,synthetic_positive,7,SYN_DUP_0007,Other,Other,True,An issue with public infrastructure has been noticed.,A civic complaint has been raised because An issue with public infrastructure has been noticed.,44.717,6.488,1,0.76061,sentence-transformers/all-MiniLM-L6-v2,cosine,synthetic_by_construction,Complaint 2 is a controlled semantic variant of Complaint 1 and represents the same benchmark issue.
V2P0004,synthetic_positive,2,SYN_DUP_0002,Pothole,Pothole,True,Pothole is creating a safety problem for commuters.,People in the area have reported that Pothole is creating a safety problem for commuters.,2.46,15.937,1,0.954424,sentence-transformers/all-MiniLM-L6-v2,cosine,synthetic_by_construction,Complaint 2 is a controlled semantic variant of Complaint 1 and represents the same benchmark issue.
V2P0005,synthetic_positive,10,SYN_DUP_0010,Road Damage,Road Damage,True,Damaged portion of road requires maintenance.,Residents report a road damage problem: Damaged portion of road requires maintenance.,2.3,14.517,1,0.874948,sentence-transformers/all-MiniLM-L6-v2,cosine,synthetic_by_construction,Complaint 2 is a controlled semantic variant of Complaint 1 and represents the same benchmark issue.
V2P0006,synthetic_positive,5,SYN_DUP_0005,Streetlight,Streetlight,True,Streetlight is not functioning.,The reported streetlight issue is that Streetlight is not functioning.,77.247,16.067,1,0.885247,sentence-transformers/all-MiniLM-L6-v2,cosine,synthetic_by_construction,Complaint 2 is a controlled semantic variant of Complaint 1 and represents the same benchmark issue.
V2P0007,synthetic_positive,8,SYN_DUP_0008,Water Leakage,Water Leakage,True,Water is leaking from a pipeline.,A civic complaint has been raised because Water is leaking from a pipeline.,90.472,0.716,1,0.705007,sentence-transformers/all-MiniLM-L6-v2,cosine,synthetic_by_construction,Complaint 2 is a controlled semantic variant of Complaint 1 and represents the same benchmark issue.
V2P0008,synthetic_positive,1,SYN_DUP_0001,Waterlogging,Waterlogging,True,Standing water is causing difficulty for commuters.,People in the area have reported that Standing water is causing difficulty for commuters.,84.907,24.663,1,0.95575,sentence-transformers/all-MiniLM-L6-v2,cosine,synthetic_by_construction,Complaint 2 is a controlled semantic variant of Complaint 1 and represents the same benchmark issue.
V2P0009,synthetic_positive,13,SYN_DUP_0013,Blocked Drain,Blocked Drain,True,Waste has blocked the drainage system.,Residents report a blocked drain problem: Waste has caused a blockage in the drainage system.,97.861,24.401,1,0.795258,sentence-transformers/all-MiniLM-L6-v2,cosine,synthetic_by_construction,Complaint 2 is a controlled semantic variant of Complaint 1 and represents the same benchmark issue.
V2P0010,synthetic_positive,22,SYN_DUP_0022,Garbage Accumulation,Garbage Accumulation,True,Garbage has accumulated near the roadside.,The reported garbage accumulation issue is that Garbage has accumulated near the roadside.,54.836,61.058,1,0.882909,sentence-transformers/all-MiniLM-L6-v2,cosine,synthetic_by_construction,Complaint 2 is a controlled semantic variant of Complaint 1 and represents the same benchmark issue.
V2P0011,synthetic_positive,21,SYN_DUP_0021,Other,Other,True,A municipal service-related issue has been reported.,A civic complaint has been raised because A municipal service-related issue has been reported.,140.356,52.608,1,0.783722,sentence-transformers/all-MiniLM-L6-v2,cosine,synthetic_by_construction,Complaint 2 is a controlled semantic variant of Complaint 1 and represents the same benchmark issue.
V2P0012,synthetic_positive,3,SYN_DUP_0003,Pothole,Pothole,True,Large pothole causing difficulty for vehicles.,People in the area have reported that Large pothole causing difficulty for vehicles.,148.656,27.41,1,0.925876,sentence-transformers/all-MiniLM-L6-v2,cosine,synthetic_by_construction,Complaint 2 is a controlled semantic variant of Complaint 1 and represents the same benchmark issue.
V2P0013,synthetic_positive,11,SYN_DUP_0011,Road Damage,Road Damage,True,Damaged portion of road requires maintenance.,Residents report a road damage problem: Damaged portion of road requires maintenance.,141.47,44.629,1,0.874948,sentence-transformers/all-MiniLM-L6-v2,cosine,synthetic_by_construction,Complaint 2 is a controlled semantic variant of Complaint 1 and represents the same benchmark issue.
V2P0014,synthetic_positive,45,SYN_DUP_0045,Streetlight,Streetlight,True,Streetlight is not working at night.,The reported streetlight issue is that Streetlight is not working at night.,128.868,50.803,1,0.892582,sentence-transformers/all-MiniLM-L6-v2,cosine,synthetic_by_construction,Complaint 2 is a controlled semantic variant of Complaint 1 and represents the same benchmark issue.
V2P0015,synthetic_positive,15,SYN_DUP_0015,Water Leakage,Water Leakage,True,A water pipeline appears to be leaking.,A civic complaint has been raised because A water pipeline appears to be leaking.,111.395,21.014,1,0.719303,sentence-transformers/all-MiniLM-L6-v2,cosine,synthetic_by_construction,Complaint 2 is a controlled semantic variant of Complaint 1 and represents the same benchmark issue.
V2P0016,synthetic_positive,4,SYN_DUP_0004,Waterlogging,Waterlogging,True,Water is accumulated in the area.,People in the area have reported that Water is accumulated in the area.,161.64,7.497,1,0.887822,sentence-transformers/all-MiniLM-L6-v2,cosine,synthetic_by_construction,Complaint 2 is a controlled semantic variant of Complaint 1 and represents the same benchmark issue.
V2P0017,synthetic_positive,19,SYN_DUP_0019,Blocked Drain,Blocked Drain,True,Waste has blocked the drainage system.,Residents report a blocked drain problem: Waste has caused a blockage in the drainage system.,181.784,26.427,1,0.795258,sentence-transformers/all-MiniLM-L6-v2,cosine,synthetic_by_construction,Complaint 2 is a controlled semantic variant of Complaint 1 and represents the same benchmark issue.
V2P0018,synthetic_positive,30,SYN_DUP_0030,Garbage Accumulation,Garbage Accumulation,True,Garbage has accumulated near the roadside.,The reported garbage accumulation issue is that Garbage has accumulated near the roadside.,160.475,19.406,1,0.882909,sentence-transformers/all-MiniLM-L6-v2,cosine,synthetic_by_construction,Complaint 2 is a controlled semantic variant of Complaint 1 and represents the same benchmark issue.
V2P0019,synthetic_positive,23,SYN_DUP_0023,Other,Other,True,A municipal service-related issue has been reported.,A civic complaint has been raised because A municipal service-related issue has been reported.,182.402,43.955,1,0.783722,sentence-transformers/all-MiniLM-L6-v2,cosine,synthetic_by_construction,Complaint 2 is a controlled semantic variant of Complaint 1 and represents the same benchmark issue.
V2P0020,synthetic_positive,26,SYN_DUP_0026,Pothole,Pothole,True,Deep pothole noticed on the road.,People in the area have reported that Deep pothole noticed on the road.,186.456,11.974,1,0.917186,sentence-transformers/all-MiniLM-L6-v2,cosine,synthetic_by_construction,Complaint 2 is a controlled semantic variant of Complaint 1 and represents the same benchmark issue.
V2P0021,synthetic_positive,14,SYN_DUP_0014,Road Damage,Road Damage,True,Damaged portion of road requires maintenance.,Residents report a road damage problem: Damaged portion of road requires maintenance.,249.476,46.17,1,0.874948,sentence-transformers/all-MiniLM-L6-v2,cosine,synthetic_by_construction,Complaint 2 is a controlled semantic variant of Complaint 1 and represents the same benchmark issue.
V2P0022,synthetic_positive,48,SYN_DUP_0048,Streetlight,Streetlight,True,Streetlight is not working at night.,The reported streetlight issue is that Streetlight is not working at night.,234.231,60.725,1,0.892582,sentence-transformers/all-MiniLM-L6-v2,cosine,synthetic_by_construction,Complaint 2 is a controlled semantic variant of Complaint 1 and represents the same benchmark issue.
V2P0023,synthetic_positive,16,SYN_DUP_0016,Water Leakage,Water Leakage,True,A water pipeline appears to be leaking.,A civic complaint has been raised because A water pipeline appears to be leaking.,211.452,2.553,1,0.719303,sentence-transformers/all-MiniLM-L6-v2,cosine,synthetic_by_construction,Complaint 2 is a controlled semantic variant of Complaint 1 and represents the same benchmark issue.
V2P0024,synthetic_positive,6,SYN_DUP_0006,Waterlogging,Waterlogging,True,Standing water is causing difficulty for commuters.,People in the area have reported that Standing water is causing difficulty for commuters.,213.387,15.388,1,0.95575,sentence-transformers/all-MiniLM-L6-v2,cosine,synthetic_by_construction,Complaint 2 is a controlled semantic variant of Complaint 1 and represents the same benchmark issue.
V2P0025,synthetic_positive,37,SYN_DUP_0037,Blocked Drain,Blocked Drain,True,Drain requires cleaning and maintenance.,Residents report a blocked drain problem: Drain needs cleaning and maintenance.,243.818,22.828,1,0.756816,sentence-transformers/all-MiniLM-L6-v2,cosine,synthetic_by_construction,Complaint 2 is a controlled semantic variant of Complaint 1 and represents the same benchmark issue.
V2P0026,synthetic_positive,33,SYN_DUP_0033,Garbage Accumulation,Garbage Accumulation,True,Garbage has not been collected from the area.,The reported garbage accumulation issue is that Garbage has not been collected from the area.,269.386,65.869,1,0.834432,sentence-transformers/all-MiniLM-L6-v2,cosine,synthetic_by_construction,Complaint 2 is a controlled semantic variant of Complaint 1 and represents the same benchmark issue.
V2P0027,synthetic_positive,24,SYN_DUP_0024,Other,Other,True,A municipal service-related issue has been reported.,A civic complaint has been raised because A municipal service-related issue has been reported.,262.979,17.946,1,0.783722,sentence-transformers/all-MiniLM-L6-v2,cosine,synthetic_by_construction,Complaint 2 is a controlled semantic variant of Complaint 1 and represents the same benchmark issue.
V2P0028,synthetic_positive,27,SYN_DUP_0027,Pothole,Pothole,True,Large pothole causing difficulty for vehicles.,People in the area have reported that Large pothole causing difficulty for vehicles.,262.874,42.194,1,0.925876,sentence-transformers/all-MiniLM-L6-v2,cosine,synthetic_by_construction,Complaint 2 is a controlled semantic variant of Complaint 1 and represents the same benchmark issue.
V2P0029,synthetic_positive,18,SYN_DUP_0018,Road Damage,Road Damage,True,Damaged portion of road requires maintenance.,Residents report a road damage problem: Damaged portion of road requires maintenance.,269.571,15.986,1,0.874948,sentence-transformers/all-MiniLM-L6-v2,cosine,synthetic_by_construction,Complaint 2 is a controlled semantic variant of Complaint 1 and represents the same benchmark issue.
V2P0030,synthetic_positive,49,SYN_DUP_0049,Streetlight,Streetlight,True,Streetlight requires repair.,The reported streetlight issue is that Streetlight requires repair.,274.967,6.773,1,0.903494,sentence-transformers/all-MiniLM-L6-v2,cosine,synthetic_by_construction,Complaint 2 is a controlled semantic variant of Complaint 1 and represents the same benchmark issue.
V2P0031,synthetic_positive,28,SYN_DUP_0028,Water Leakage,Water Leakage,True,A water pipeline appears to be leaking.,A civic complaint has been raised because A water pipeline appears to be leaking.,6.373,132.239,1,0.719303,sentence-transformers/all-MiniLM-L6-v2,cosine,synthetic_by_construction,Complaint 2 is a controlled semantic variant of Complaint 1 and represents the same benchmark issue.
V2P0032,synthetic_positive,9,SYN_DUP_0009,Waterlogging,Waterlogging,True,Rainwater has accumulated on the road.,People in the area have reported that Rainwater has accumulated on the road.,21.686,78.108,1,0.893478,sentence-transformers/all-MiniLM-L6-v2,cosine,synthetic_by_construction,Complaint 2 is a controlled semantic variant of Complaint 1 and represents the same benchmark issue.
V2P0033,synthetic_positive,39,SYN_DUP_0039,Blocked Drain,Blocked Drain,True,Drain is blocked and water is not flowing.,Residents report a blocked drain problem: Drain has become blocked and water is not flowing.,49.81,122.8,1,0.804492,sentence-transformers/all-MiniLM-L6-v2,cosine,synthetic_by_construction,Complaint 2 is a controlled semantic variant of Complaint 1 and represents the same benchmark issue.
V2P0034,synthetic_positive,38,SYN_DUP_0038,Garbage Accumulation,Garbage Accumulation,True,Waste has been dumped near the road.,The reported garbage accumulation issue is that Waste has been dumped near the road.,43.178,73.112,1,0.857141,sentence-transformers/all-MiniLM-L6-v2,cosine,synthetic_by_construction,Complaint 2 is a controlled semantic variant of Complaint 1 and represents the same benchmark issue.
V2P0035,synthetic_positive,35,SYN_DUP_0035,Other,Other,True,A municipal service-related issue has been reported.,A civic complaint has been raised because A municipal service-related issue has been reported.,34.404,123.554,1,0.783722,sentence-transformers/all-MiniLM-L6-v2,cosine,synthetic_by_construction,Complaint 2 is a controlled semantic variant of Complaint 1 and represents the same benchmark issue.
V2P0036,synthetic_positive,32,SYN_DUP_0032,Pothole,Pothole,True,Pothole is creating a safety problem for commuters.,People in the area have reported that Pothole is creating a safety problem for commuters.,82.048,82.718,1,0.954424,sentence-transformers/all-MiniLM-L6-v2,cosine,synthetic_by_construction,Complaint 2 is a controlled semantic variant of Complaint 1 and represents the same benchmark issue.
V2P0037,synthetic_positive,25,SYN_DUP_0025,Road Damage,Road Damage,True,Road surface is damaged and needs repair.,Residents report a road damage problem: Road surface is damaged and requires repair.,72.686,163.567,1,0.834801,sentence-transformers/all-MiniLM-L6-v2,cosine,synthetic_by_construction,Complaint 2 is a controlled semantic variant of Complaint 1 and represents the same benchmark issue.
V2P0038,synthetic_positive,57,SYN_DUP_0057,Streetlight,Streetlight,True,Streetlight requires repair.,The reported streetlight issue is that Streetlight requires repair.,63.169,120.061,1,0.903494,sentence-transformers/all-MiniLM-L6-v2,cosine,synthetic_by_construction,Complaint 2 is a controlled semantic variant of Complaint 1 and represents the same benchmark issue.
V2P0039,synthetic_positive,29,SYN_DUP_0029,Water Leakage,Water Leakage,True,A water pipeline appears to be leaking.,A civic complaint has been raised because A water pipeline appears to be leaking.,95.631,155.571,1,0.719303,sentence-transformers/all-MiniLM-L6-v2,cosine,synthetic_by_construction,Complaint 2 is a controlled semantic variant of Complaint 1 and represents the same benchmark issue.
V2P0040,synthetic_positive,20,SYN_DUP_0020,Waterlogging,Waterlogging,True,Standing water is causing difficulty for commuters.,People in the area have reported that Standing water is causing difficulty for commuters.,81.947,130.465,1,0.95575,sentence-transformers/all-MiniLM-L6-v2,cosine,synthetic_by_construction,Complaint 2 is a controlled semantic variant of Complaint 1 and represents the same benchmark issue.
V2P0041,synthetic_positive,54,SYN_DUP_0054,Blocked Drain,Blocked Drain,True,Drain is blocked and water is not flowing.,Residents report a blocked drain problem: Drain has become blocked and water is not flowing.,138.126,123.785,1,0.804492,sentence-transformers/all-MiniLM-L6-v2,cosine,synthetic_by_construction,Complaint 2 is a controlled semantic variant of Complaint 1 and represents the same benchmark issue.
V2P0042,synthetic_positive,41,SYN_DUP_0041,Garbage Accumulation,Garbage Accumulation,True,Waste has been dumped near the road.,The reported garbage accumulation issue is that Waste has been dumped near the road.,126.518,72.065,1,0.857141,sentence-transformers/all-MiniLM-L6-v2,cosine,synthetic_by_construction,Complaint 2 is a controlled semantic variant of Complaint 1 and represents the same benchmark issue.
V2P0043,synthetic_positive,51,SYN_DUP_0051,Other,Other,True,A municipal service-related issue has been reported.,A civic complaint has been raised because A municipal service-related issue has been reported.,100.974,161.194,1,0.783722,sentence-transformers/all-MiniLM-L6-v2,cosine,synthetic_by_construction,Complaint 2 is a controlled semantic variant of Complaint 1 and represents the same benchmark issue.
V2P0044,synthetic_positive,40,SYN_DUP_0040,Pothole,Pothole,True,Pothole is creating a safety problem for commuters.,People in the area have reported that Pothole is creating a safety problem for commuters.,141.583,101.528,1,0.954424,sentence-transformers/all-MiniLM-L6-v2,cosine,synthetic_by_construction,Complaint 2 is a controlled semantic variant of Complaint 1 and represents the same benchmark issue.
V2P0045,synthetic_positive,31,SYN_DUP_0031,Road Damage,Road Damage,True,Damaged portion of road requires maintenance.,Residents report a road damage problem: Damaged portion of road requires maintenance.,143.9,162.908,1,0.874948,sentence-transformers/all-MiniLM-L6-v2,cosine,synthetic_by_construction,Complaint 2 is a controlled semantic variant of Complaint 1 and represents the same benchmark issue.
V2P0046,synthetic_positive,79,SYN_DUP_0079,Streetlight,Streetlight,True,Streetlight is not functioning.,The reported streetlight issue is that Streetlight is not functioning.,174.3,78.654,1,0.885247,sentence-transformers/all-MiniLM-L6-v2,cosine,synthetic_by_construction,Complaint 2 is a controlled semantic variant of Complaint 1 and represents the same benchmark issue.
V2P0047,synthetic_positive,47,SYN_DUP_0047,Water Leakage,Water Leakage,True,Water leakage is observed near the road.,A civic complaint has been raised because Water leakage is observed near the road.,188.292,84.334,1,0.726297,sentence-transformers/all-MiniLM-L6-v2,cosine,synthetic_by_construction,Complaint 2 is a controlled semantic variant of Complaint 1 and represents the same benchmark issue.
V2P0048,synthetic_positive,43,SYN_DUP_0043,Waterlogging,Waterlogging,True,Standing water is causing difficulty for commuters.,People in the area have reported that Standing water is causing difficulty for commuters.,177.49,97.453,1,0.95575,sentence-transformers/all-MiniLM-L6-v2,cosine,synthetic_by_construction,Complaint 2 is a controlled semantic variant of Complaint 1 and represents the same benchmark issue.
V2P0049,synthetic_positive,60,SYN_DUP_0060,Blocked Drain,Blocked Drain,True,Drain requires cleaning and maintenance.,Residents report a blocked drain problem: Drain needs cleaning and maintenance.,171.157,92.341,1,0.756816,sentence-transformers/all-MiniLM-L6-v2,cosine,synthetic_by_construction,Complaint 2 is a controlled semantic variant of Complaint 1 and represents the same benchmark issue.
V2P0050,synthetic_positive,44,SYN_DUP_0044,Garbage Accumulation,Garbage Accumulation,True,Garbage has accumulated near the roadside.,The reported garbage accumulation issue is that Garbage has accumulated near the roadside.,186.497,91.318,1,0.882909,sentence-transformers/all-MiniLM-L6-v2,cosine,synthetic_by_construction,Complaint 2 is a controlled semantic variant of Complaint 1 and represents the same benchmark issue.
V2P0051,synthetic_positive,58,SYN_DUP_0058,Other,Other,True,A municipal service-related issue has been reported.,A civic complaint has been raised because A municipal service-related issue has been reported.,249.757,134.392,1,0.783722,sentence-transformers/all-MiniLM-L6-v2,cosine,synthetic_by_construction,Complaint 2 is a controlled semantic variant of Complaint 1 and represents the same benchmark issue.
V2P0052,synthetic_positive,42,SYN_DUP_0042,Pothole,Pothole,True,Large pothole causing difficulty for vehicles.,People in the area have reported that Large pothole causing difficulty for vehicles.,225.879,83.625,1,0.925876,sentence-transformers/all-MiniLM-L6-v2,cosine,synthetic_by_construction,Complaint 2 is a controlled semantic variant of Complaint 1 and represents the same benchmark issue.
V2P0053,synthetic_positive,34,SYN_DUP_0034,Road Damage,Road Damage,True,Road surface is damaged and needs repair.,Residents report a road damage problem: Road surface is damaged and requires repair.,216.904,128.482,1,0.834801,sentence-transformers/all-MiniLM-L6-v2,cosine,synthetic_by_construction,Complaint 2 is a controlled semantic variant of Complaint 1 and represents the same benchmark issue.
V2P0054,synthetic_positive,81,SYN_DUP_0081,Streetlight,Streetlight,True,Streetlight requires repair.,The reported streetlight issue is that Streetlight requires repair.,211.011,78.825,1,0.903494,sentence-transformers/all-MiniLM-L6-v2,cosine,synthetic_by_construction,Complaint 2 is a controlled semantic variant of Complaint 1 and represents the same benchmark issue.
V2P0055,synthetic_positive,66,SYN_DUP_0066,Water Leakage,Water Leakage,True,Water leakage is observed near the road.,A civic complaint has been raised because Water leakage is observed near the road.,211.447,158.921,1,0.726297,sentence-transformers/all-MiniLM-L6-v2,cosine,synthetic_by_construction,Complaint 2 is a controlled semantic variant of Complaint 1 and represents the same benchmark issue.
V2P0056,synthetic_positive,46,SYN_DUP_0046,Waterlogging,Waterlogging,True,Standing water is causing difficulty for commuters.,People in the area have reported that Standing water is causing difficulty for commuters.,253.472,94.856,1,0.95575,sentence-transformers/all-MiniLM-L6-v2,cosine,synthetic_by_construction,Complaint 2 is a controlled semantic variant of Complaint 1 and represents the same benchmark issue.
V2P0057,synthetic_positive,73,SYN_DUP_0073,Blocked Drain,Blocked Drain,True,Drain requires cleaning and maintenance.,Residents report a blocked drain problem: Drain needs cleaning and maintenance.,260.498,84.711,1,0.756816,sentence-transformers/all-MiniLM-L6-v2,cosine,synthetic_by_construction,Complaint 2 is a controlled semantic variant of Complaint 1 and represents the same benchmark issue.
V2P0058,synthetic_positive,64,SYN_DUP_0064,Garbage Accumulation,Garbage Accumulation,True,Garbage has accumulated near the roadside.,The reported garbage accumulation issue is that Garbage has accumulated near the roadside.,277.981,117.382,1,0.882909,sentence-transformers/all-MiniLM-L6-v2,cosine,synthetic_by_construction,Complaint 2 is a controlled semantic variant of Complaint 1 and represents the same benchmark issue.
V2P0059,synthetic_positive,68,SYN_DUP_0068,Other,Other,True,A municipal issue has been reported.,A civic complaint has been raised because A municipal issue has been reported.,289.567,90.287,1,0.778488,sentence-transformers/all-MiniLM-L6-v2,cosine,synthetic_by_construction,Complaint 2 is a controlled semantic variant of Complaint 1 and represents the same benchmark issue.
V2P0060,synthetic_positive,50,SYN_DUP_0050,Pothole,Pothole,True,Pothole is creating a safety problem for commuters.,People in the area have reported that Pothole is creating a safety problem for commuters.,271.122,112.669,1,0.954424,sentence-transformers/all-MiniLM-L6-v2,cosine,synthetic_by_construction,Complaint 2 is a controlled semantic variant of Complaint 1 and represents the same benchmark issue.
V2P0061,synthetic_positive,36,SYN_DUP_0036,Road Damage,Road Damage,True,Damaged portion of road requires maintenance.,Residents report a road damage problem: Damaged portion of road requires maintenance.,36.725,539.7,1,0.874948,sentence-transformers/all-MiniLM-L6-v2,cosine,synthetic_by_construction,Complaint 2 is a controlled semantic variant of Complaint 1 and represents the same benchmark issue.
V2P0062,synthetic_positive,85,SYN_DUP_0085,Streetlight,Streetlight,True,Streetlight is not functioning.,The reported streetlight issue is that Streetlight is not functioning.,5.822,390.253,1,0.885247,sentence-transformers/all-MiniLM-L6-v2,cosine,synthetic_by_construction,Complaint 2 is a controlled semantic variant of Complaint 1 and represents the same benchmark issue.
V2P0063,synthetic_positive,67,SYN_DUP_0067,Water Leakage,Water Leakage,True,Water is leaking from a pipeline.,A civic complaint has been raised because Water is leaking from a pipeline.,43.222,305.266,1,0.705007,sentence-transformers/all-MiniLM-L6-v2,cosine,synthetic_by_construction,Complaint 2 is a controlled semantic variant of Complaint 1 and represents the same benchmark issue.
V2P0064,synthetic_positive,52,SYN_DUP_0052,Waterlogging,Waterlogging,True,Rainwater has accumulated on the road.,People in the area have reported that Rainwater has accumulated on the road.,22.982,400.884,1,0.893478,sentence-transformers/all-MiniLM-L6-v2,cosine,synthetic_by_construction,Complaint 2 is a controlled semantic variant of Complaint 1 and represents the same benchmark issue.
V2P0065,synthetic_positive,86,SYN_DUP_0086,Blocked Drain,Blocked Drain,True,Drain is blocked and water is not flowing.,Residents report a blocked drain problem: Drain has become blocked and water is not flowing.,13.241,677.643,1,0.804492,sentence-transformers/all-MiniLM-L6-v2,cosine,synthetic_by_construction,Complaint 2 is a controlled semantic variant of Complaint 1 and represents the same benchmark issue.
V2P0066,synthetic_positive,71,SYN_DUP_0071,Garbage Accumulation,Garbage Accumulation,True,Garbage has accumulated near the roadside.,The reported garbage accumulation issue is that Garbage has accumulated near the roadside.,93.067,471.784,1,0.882909,sentence-transformers/all-MiniLM-L6-v2,cosine,synthetic_by_construction,Complaint 2 is a controlled semantic variant of Complaint 1 and represents the same benchmark issue.
V2P0067,synthetic_positive,77,SYN_DUP_0077,Other,Other,True,An issue with public infrastructure has been noticed.,A civic complaint has been raised because An issue with public infrastructure has been noticed.,99.964,629.489,1,0.76061,sentence-transformers/all-MiniLM-L6-v2,cosine,synthetic_by_construction,Complaint 2 is a controlled semantic variant of Complaint 1 and represents the same benchmark issue.
V2P0068,synthetic_positive,55,SYN_DUP_0055,Pothole,Pothole,True,Deep pothole noticed on the road.,People in the area have reported that Deep pothole noticed on the road.,96.318,636.482,1,0.917186,sentence-transformers/all-MiniLM-L6-v2,cosine,synthetic_by_construction,Complaint 2 is a controlled semantic variant of Complaint 1 and represents the same benchmark issue.
V2P0069,synthetic_positive,53,SYN_DUP_0053,Road Damage,Road Damage,True,Road surface is damaged and needs repair.,Residents report a road damage problem: Road surface is damaged and requires repair.,74.282,285.996,1,0.834801,sentence-transformers/all-MiniLM-L6-v2,cosine,synthetic_by_construction,Complaint 2 is a controlled semantic variant of Complaint 1 and represents the same benchmark issue.
V2P0070,synthetic_positive,89,SYN_DUP_0089,Streetlight,Streetlight,True,Streetlight is not working at night.,The reported streetlight issue is that Streetlight is not working at night.,52.932,377.199,1,0.892582,sentence-transformers/all-MiniLM-L6-v2,cosine,synthetic_by_construction,Complaint 2 is a controlled semantic variant of Complaint 1 and represents the same benchmark issue.
V2P0071,synthetic_positive,69,SYN_DUP_0069,Water Leakage,Water Leakage,True,A water pipeline appears to be leaking.,A civic complaint has been raised because A water pipeline appears to be leaking.,113.26,600.809,1,0.719303,sentence-transformers/all-MiniLM-L6-v2,cosine,synthetic_by_construction,Complaint 2 is a controlled semantic variant of Complaint 1 and represents the same benchmark issue.
V2P0072,synthetic_positive,59,SYN_DUP_0059,Waterlogging,Waterlogging,True,Standing water is causing difficulty for commuters.,People in the area have reported that Standing water is causing difficulty for commuters.,121.15,696.44,1,0.95575,sentence-transformers/all-MiniLM-L6-v2,cosine,synthetic_by_construction,Complaint 2 is a controlled semantic variant of Complaint 1 and represents the same benchmark issue.
V2P0073,synthetic_positive,88,SYN_DUP_0088,Blocked Drain,Blocked Drain,True,Drain requires cleaning and maintenance.,Residents report a blocked drain problem: Drain needs cleaning and maintenance.,127.788,564.564,1,0.756816,sentence-transformers/all-MiniLM-L6-v2,cosine,synthetic_by_construction,Complaint 2 is a controlled semantic variant of Complaint 1 and represents the same benchmark issue.
V2P0074,synthetic_positive,75,SYN_DUP_0075,Garbage Accumulation,Garbage Accumulation,True,Garbage has not been collected from the area.,The reported garbage accumulation issue is that Garbage has not been collected from the area.,114.835,702.728,1,0.834432,sentence-transformers/all-MiniLM-L6-v2,cosine,synthetic_by_construction,Complaint 2 is a controlled semantic variant of Complaint 1 and represents the same benchmark issue.
V2P0075,synthetic_positive,78,SYN_DUP_0078,Other,Other,True,A municipal issue has been reported.,A civic complaint has been raised because A municipal issue has been reported.,127.11,580.885,1,0.778488,sentence-transformers/all-MiniLM-L6-v2,cosine,synthetic_by_construction,Complaint 2 is a controlled semantic variant of Complaint 1 and represents the same benchmark issue.
V2P0076,synthetic_positive,65,SYN_DUP_0065,Pothole,Pothole,True,Deep pothole noticed on the road.,People in the area have reported that Deep pothole noticed on the road.,179.209,445.578,1,0.917186,sentence-transformers/all-MiniLM-L6-v2,cosine,synthetic_by_construction,Complaint 2 is a controlled semantic variant of Complaint 1 and represents the same benchmark issue.
V2P0077,synthetic_positive,56,SYN_DUP_0056,Road Damage,Road Damage,True,Damaged portion of road requires maintenance.,Residents report a road damage problem: Damaged portion of road requires maintenance.,157.872,698.35,1,0.874948,sentence-transformers/all-MiniLM-L6-v2,cosine,synthetic_by_construction,Complaint 2 is a controlled semantic variant of Complaint 1 and represents the same benchmark issue.
V2P0078,synthetic_positive,95,SYN_DUP_0095,Streetlight,Streetlight,True,Streetlight requires repair.,The reported streetlight issue is that Streetlight requires repair.,159.291,496.463,1,0.903494,sentence-transformers/all-MiniLM-L6-v2,cosine,synthetic_by_construction,Complaint 2 is a controlled semantic variant of Complaint 1 and represents the same benchmark issue.
V2P0079,synthetic_positive,74,SYN_DUP_0074,Water Leakage,Water Leakage,True,Water leakage is observed near the road.,A civic complaint has been raised because Water leakage is observed near the road.,161.76,234.186,1,0.726297,sentence-transformers/all-MiniLM-L6-v2,cosine,synthetic_by_construction,Complaint 2 is a controlled semantic variant of Complaint 1 and represents the same benchmark issue.
V2P0080,synthetic_positive,62,SYN_DUP_0062,Waterlogging,Waterlogging,True,Water is accumulated in the area.,People in the area have reported that Water is accumulated in the area.,162.311,496.179,1,0.887822,sentence-transformers/all-MiniLM-L6-v2,cosine,synthetic_by_construction,Complaint 2 is a controlled semantic variant of Complaint 1 and represents the same benchmark issue.
V2P0081,synthetic_positive,102,SYN_DUP_0102,Blocked Drain,Blocked Drain,True,Drain is blocked and water is not flowing.,Residents report a blocked drain problem: Drain has become blocked and water is not flowing.,220.961,490.191,1,0.804492,sentence-transformers/all-MiniLM-L6-v2,cosine,synthetic_by_construction,Complaint 2 is a controlled semantic variant of Complaint 1 and represents the same benchmark issue.
V2P0082,synthetic_positive,90,SYN_DUP_0090,Garbage Accumulation,Garbage Accumulation,True,Waste has been dumped near the road.,The reported garbage accumulation issue is that Waste has been dumped near the road.,246.735,280.759,1,0.857141,sentence-transformers/all-MiniLM-L6-v2,cosine,synthetic_by_construction,Complaint 2 is a controlled semantic variant of Complaint 1 and represents the same benchmark issue.
V2P0083,synthetic_positive,83,SYN_DUP_0083,Other,Other,True,An issue with public infrastructure has been noticed.,A civic complaint has been raised because An issue with public infrastructure has been noticed.,211.934,386.48,1,0.76061,sentence-transformers/all-MiniLM-L6-v2,cosine,synthetic_by_construction,Complaint 2 is a controlled semantic variant of Complaint 1 and represents the same benchmark issue.
V2P0084,synthetic_positive,70,SYN_DUP_0070,Pothole,Pothole,True,Pothole is creating a safety problem for commuters.,People in the area have reported that Pothole is creating a safety problem for commuters.,215.0,342.537,1,0.954424,sentence-transformers/all-MiniLM-L6-v2,cosine,synthetic_by_construction,Complaint 2 is a controlled semantic variant of Complaint 1 and represents the same benchmark issue.
V2P0085,synthetic_positive,61,SYN_DUP_0061,Road Damage,Road Damage,True,Damaged portion of road requires maintenance.,Residents report a road damage problem: Damaged portion of road requires maintenance.,203.627,420.979,1,0.874948,sentence-transformers/all-MiniLM-L6-v2,cosine,synthetic_by_construction,Complaint 2 is a controlled semantic variant of Complaint 1 and represents the same benchmark issue.
V2P0086,synthetic_positive,100,SYN_DUP_0100,Streetlight,Streetlight,True,Streetlight requires repair.,The reported streetlight issue is that Streetlight requires repair.,298.809,208.449,1,0.903494,sentence-transformers/all-MiniLM-L6-v2,cosine,synthetic_by_construction,Complaint 2 is a controlled semantic variant of Complaint 1 and represents the same benchmark issue.
V2P0087,synthetic_positive,93,SYN_DUP_0093,Water Leakage,Water Leakage,True,A water pipeline appears to be leaking.,A civic complaint has been raised because A water pipeline appears to be leaking.,262.995,683.16,1,0.719303,sentence-transformers/all-MiniLM-L6-v2,cosine,synthetic_by_construction,Complaint 2 is a controlled semantic variant of Complaint 1 and represents the same benchmark issue.
V2P0088,synthetic_positive,63,SYN_DUP_0063,Waterlogging,Waterlogging,True,Standing water is causing difficulty for commuters.,People in the area have reported that Standing water is causing difficulty for commuters.,293.084,371.985,1,0.95575,sentence-transformers/all-MiniLM-L6-v2,cosine,synthetic_by_construction,Complaint 2 is a controlled semantic variant of Complaint 1 and represents the same benchmark issue.
V2P0089,synthetic_positive,112,SYN_DUP_0112,Blocked Drain,Blocked Drain,True,Drain requires cleaning and maintenance.,Residents report a blocked drain problem: Drain needs cleaning and maintenance.,290.854,556.357,1,0.756816,sentence-transformers/all-MiniLM-L6-v2,cosine,synthetic_by_construction,Complaint 2 is a controlled semantic variant of Complaint 1 and represents the same benchmark issue.
V2P0090,synthetic_positive,94,SYN_DUP_0094,Garbage Accumulation,Garbage Accumulation,True,Waste has been dumped near the road.,The reported garbage accumulation issue is that Waste has been dumped near the road.,298.374,528.998,1,0.857141,sentence-transformers/all-MiniLM-L6-v2,cosine,synthetic_by_construction,Complaint 2 is a controlled semantic variant of Complaint 1 and represents the same benchmark issue.
V2P0091,synthetic_positive,101,SYN_DUP_0101,Other,Other,True,A municipal issue has been reported.,A civic complaint has been raised because A municipal issue has been reported.,41.038,935.56,1,0.778488,sentence-transformers/all-MiniLM-L6-v2,cosine,synthetic_by_construction,Complaint 2 is a controlled semantic variant of Complaint 1 and represents the same benchmark issue.
V2P0092,synthetic_positive,76,SYN_DUP_0076,Pothole,Pothole,True,Pothole is creating a safety problem for commuters.,People in the area have reported that Pothole is creating a safety problem for commuters.,47.008,816.698,1,0.954424,sentence-transformers/all-MiniLM-L6-v2,cosine,synthetic_by_construction,Complaint 2 is a controlled semantic variant of Complaint 1 and represents the same benchmark issue.
V2P0093,synthetic_positive,80,SYN_DUP_0080,Road Damage,Road Damage,True,Road surface is damaged and needs repair.,Residents report a road damage problem: Road surface is damaged and requires repair.,6.245,1118.325,1,0.834801,sentence-transformers/all-MiniLM-L6-v2,cosine,synthetic_by_construction,Complaint 2 is a controlled semantic variant of Complaint 1 and represents the same benchmark issue.
V2P0094,synthetic_positive,119,SYN_DUP_0119,Streetlight,Streetlight,True,Streetlight is not functioning.,The reported streetlight issue is that Streetlight is not functioning.,30.637,1236.684,1,0.885247,sentence-transformers/all-MiniLM-L6-v2,cosine,synthetic_by_construction,Complaint 2 is a controlled semantic variant of Complaint 1 and represents the same benchmark issue.
V2P0095,synthetic_positive,103,SYN_DUP_0103,Water Leakage,Water Leakage,True,Water is leaking from a pipeline.,A civic complaint has been raised because Water is leaking from a pipeline.,32.078,910.076,1,0.705007,sentence-transformers/all-MiniLM-L6-v2,cosine,synthetic_by_construction,Complaint 2 is a controlled semantic variant of Complaint 1 and represents the same benchmark issue.
V2P0096,synthetic_positive,72,SYN_DUP_0072,Waterlogging,Waterlogging,True,Standing water is causing difficulty for commuters.,People in the area have reported that Standing water is causing difficulty for commuters.,95.267,1329.196,1,0.95575,sentence-transformers/all-MiniLM-L6-v2,cosine,synthetic_by_construction,Complaint 2 is a controlled semantic variant of Complaint 1 and represents the same benchmark issue.
V2P0097,synthetic_positive,113,SYN_DUP_0113,Blocked Drain,Blocked Drain,True,Waste has blocked the drainage system.,Residents report a blocked drain problem: Waste has caused a blockage in the drainage system.,71.179,919.217,1,0.795258,sentence-transformers/all-MiniLM-L6-v2,cosine,synthetic_by_construction,Complaint 2 is a controlled semantic variant of Complaint 1 and represents the same benchmark issue.
V2P0098,synthetic_positive,98,SYN_DUP_0098,Garbage Accumulation,Garbage Accumulation,True,Garbage has accumulated near the roadside.,The reported garbage accumulation issue is that Garbage has accumulated near the roadside.,88.556,1178.725,1,0.882909,sentence-transformers/all-MiniLM-L6-v2,cosine,synthetic_by_construction,Complaint 2 is a controlled semantic variant of Complaint 1 and represents the same benchmark issue.
V2P0099,synthetic_positive,129,SYN_DUP_0129,Other,Other,True,A municipal service-related issue has been reported.,A civic complaint has been raised because A municipal service-related issue has been reported.,87.062,1117.214,1,0.783722,sentence-transformers/all-MiniLM-L6-v2,cosine,synthetic_by_construction,Complaint 2 is a controlled semantic variant of Complaint 1 and represents the same benchmark issue.
V2P0100,synthetic_positive,84,SYN_DUP_0084,Pothole,Pothole,True,Pothole is creating a safety problem for commuters.,People in the area have reported that Pothole is creating a safety problem for commuters.,50.483,774.185,1,0.954424,sentence-transformers/all-MiniLM-L6-v2,cosine,synthetic_by_construction,Complaint 2 is a controlled semantic variant of Complaint 1 and represents the same benchmark issue.
V2P0101,synthetic_positive,92,SYN_DUP_0092,Road Damage,Road Damage,True,Road has cracks and damaged portions.,Residents report a road damage problem: Road has cracks and damaged portions.,145.196,1112.83,1,0.863641,sentence-transformers/all-MiniLM-L6-v2,cosine,synthetic_by_construction,Complaint 2 is a controlled semantic variant of Complaint 1 and represents the same benchmark issue.
V2P0102,synthetic_positive,125,SYN_DUP_0125,Streetlight,Streetlight,True,Streetlight requires repair.,The reported streetlight issue is that Streetlight requires repair.,129.125,826.636,1,0.903494,sentence-transformers/all-MiniLM-L6-v2,cosine,synthetic_by_construction,Complaint 2 is a controlled semantic variant of Complaint 1 and represents the same benchmark issue.
V2P0103,synthetic_positive,109,SYN_DUP_0109,Water Leakage,Water Leakage,True,Water leakage is observed near the road.,A civic complaint has been raised because Water leakage is observed near the road.,115.413,1367.268,1,0.726297,sentence-transformers/all-MiniLM-L6-v2,cosine,synthetic_by_construction,Complaint 2 is a controlled semantic variant of Complaint 1 and represents the same benchmark issue.
V2P0104,synthetic_positive,82,SYN_DUP_0082,Waterlogging,Waterlogging,True,Standing water is causing difficulty for commuters.,People in the area have reported that Standing water is causing difficulty for commuters.,143.035,1367.227,1,0.95575,sentence-transformers/all-MiniLM-L6-v2,cosine,synthetic_by_construction,Complaint 2 is a controlled semantic variant of Complaint 1 and represents the same benchmark issue.
V2P0105,synthetic_positive,114,SYN_DUP_0114,Blocked Drain,Blocked Drain,True,Waste has blocked the drainage system.,Residents report a blocked drain problem: Waste has caused a blockage in the drainage system.,112.476,794.02,1,0.795258,sentence-transformers/all-MiniLM-L6-v2,cosine,synthetic_by_construction,Complaint 2 is a controlled semantic variant of Complaint 1 and represents the same benchmark issue.
V2P0106,synthetic_positive,118,SYN_DUP_0118,Garbage Accumulation,Garbage Accumulation,True,Waste has been dumped near the road.,The reported garbage accumulation issue is that Waste has been dumped near the road.,194.207,1012.598,1,0.857141,sentence-transformers/all-MiniLM-L6-v2,cosine,synthetic_by_construction,Complaint 2 is a controlled semantic variant of Complaint 1 and represents the same benchmark issue.
V2P0107,synthetic_positive,139,SYN_DUP_0139,Other,Other,True,A municipal service-related issue has been reported.,A civic complaint has been raised because A municipal service-related issue has been reported.,157.728,1389.515,1,0.783722,sentence-transformers/all-MiniLM-L6-v2,cosine,synthetic_by_construction,Complaint 2 is a controlled semantic variant of Complaint 1 and represents the same benchmark issue.
V2P0108,synthetic_positive,87,SYN_DUP_0087,Pothole,Pothole,True,Large pothole causing difficulty for vehicles.,People in the area have reported that Large pothole causing difficulty for vehicles.,198.81,1303.758,1,0.925876,sentence-transformers/all-MiniLM-L6-v2,cosine,synthetic_by_construction,Complaint 2 is a controlled semantic variant of Complaint 1 and represents the same benchmark issue.
V2P0109,synthetic_positive,104,SYN_DUP_0104,Road Damage,Road Damage,True,Road has cracks and damaged portions.,Residents report a road damage problem: Road has cracks and damaged portions.,151.239,1250.329,1,0.863641,sentence-transformers/all-MiniLM-L6-v2,cosine,synthetic_by_construction,Complaint 2 is a controlled semantic variant of Complaint 1 and represents the same benchmark issue.
V2P0110,synthetic_positive,128,SYN_DUP_0128,Streetlight,Streetlight,True,Streetlight is not working at night.,The reported streetlight issue is that Streetlight is not working at night.,196.541,1297.611,1,0.892582,sentence-transformers/all-MiniLM-L6-v2,cosine,synthetic_by_construction,Complaint 2 is a controlled semantic variant of Complaint 1 and represents the same benchmark issue.
V2P0111,synthetic_positive,111,SYN_DUP_0111,Water Leakage,Water Leakage,True,A water pipeline appears to be leaking.,A civic complaint has been raised because A water pipeline appears to be leaking.,240.537,912.107,1,0.719303,sentence-transformers/all-MiniLM-L6-v2,cosine,synthetic_by_construction,Complaint 2 is a controlled semantic variant of Complaint 1 and represents the same benchmark issue.
V2P0112,synthetic_positive,91,SYN_DUP_0091,Waterlogging,Waterlogging,True,Water is accumulated in the area.,People in the area have reported that Water is accumulated in the area.,205.405,1347.961,1,0.887822,sentence-transformers/all-MiniLM-L6-v2,cosine,synthetic_by_construction,Complaint 2 is a controlled semantic variant of Complaint 1 and represents the same benchmark issue.
V2P0113,synthetic_positive,120,SYN_DUP_0120,Blocked Drain,Blocked Drain,True,Drain is blocked and water is not flowing.,Residents report a blocked drain problem: Drain has become blocked and water is not flowing.,211.122,1307.944,1,0.804492,sentence-transformers/all-MiniLM-L6-v2,cosine,synthetic_by_construction,Complaint 2 is a controlled semantic variant of Complaint 1 and represents the same benchmark issue.
V2P0114,synthetic_positive,123,SYN_DUP_0123,Garbage Accumulation,Garbage Accumulation,True,Garbage has not been collected from the area.,The reported garbage accumulation issue is that Garbage has not been collected from the area.,215.26,1292.651,1,0.834432,sentence-transformers/all-MiniLM-L6-v2,cosine,synthetic_by_construction,Complaint 2 is a controlled semantic variant of Complaint 1 and represents the same benchmark issue.
V2P0115,synthetic_positive,141,SYN_DUP_0141,Other,Other,True,A municipal issue has been reported.,A civic complaint has been raised because A municipal issue has been reported.,201.183,859.062,1,0.778488,sentence-transformers/all-MiniLM-L6-v2,cosine,synthetic_by_construction,Complaint 2 is a controlled semantic variant of Complaint 1 and represents the same benchmark issue.
V2P0116,synthetic_positive,96,SYN_DUP_0096,Pothole,Pothole,True,Pothole is creating a safety problem for commuters.,People in the area have reported that Pothole is creating a safety problem for commuters.,292.353,1416.16,1,0.954424,sentence-transformers/all-MiniLM-L6-v2,cosine,synthetic_by_construction,Complaint 2 is a controlled semantic variant of Complaint 1 and represents the same benchmark issue.
V2P0117,synthetic_positive,105,SYN_DUP_0105,Road Damage,Road Damage,True,Road surface is damaged and needs repair.,Residents report a road damage problem: Road surface is damaged and requires repair.,281.433,1007.774,1,0.834801,sentence-transformers/all-MiniLM-L6-v2,cosine,synthetic_by_construction,Complaint 2 is a controlled semantic variant of Complaint 1 and represents the same benchmark issue.
V2P0118,synthetic_positive,137,SYN_DUP_0137,Streetlight,Streetlight,True,Streetlight is not functioning.,The reported streetlight issue is that Streetlight is not functioning.,276.275,1396.251,1,0.885247,sentence-transformers/all-MiniLM-L6-v2,cosine,synthetic_by_construction,Complaint 2 is a controlled semantic variant of Complaint 1 and represents the same benchmark issue.
V2P0119,synthetic_positive,122,SYN_DUP_0122,Water Leakage,Water Leakage,True,A water pipeline appears to be leaking.,A civic complaint has been raised because A water pipeline appears to be leaking.,297.55,848.577,1,0.719303,sentence-transformers/all-MiniLM-L6-v2,cosine,synthetic_by_construction,Complaint 2 is a controlled semantic variant of Complaint 1 and represents the same benchmark issue.
V2P0120,synthetic_positive,97,SYN_DUP_0097,Waterlogging,Waterlogging,True,Standing water is causing difficulty for commuters.,People in the area have reported that Standing water is causing difficulty for commuters.,263.008,798.059,1,0.95575,sentence-transformers/all-MiniLM-L6-v2,cosine,synthetic_by_construction,Complaint 2 is a controlled semantic variant of Complaint 1 and represents the same benchmark issue.
V2P0121,synthetic_positive,121,SYN_DUP_0121,Blocked Drain,Blocked Drain,True,Drain requires cleaning and maintenance.,Residents report a blocked drain problem: Drain needs cleaning and maintenance.,36.699,1665.855,1,0.756816,sentence-transformers/all-MiniLM-L6-v2,cosine,synthetic_by_construction,Complaint 2 is a controlled semantic variant of Complaint 1 and represents the same benchmark issue.
V2P0122,synthetic_positive,126,SYN_DUP_0126,Garbage Accumulation,Garbage Accumulation,True,Garbage has not been collected from the area.,The reported garbage accumulation issue is that Garbage has not been collected from the area.,26.06,1717.347,1,0.834432,sentence-transformers/all-MiniLM-L6-v2,cosine,synthetic_by_construction,Complaint 2 is a controlled semantic variant of Complaint 1 and represents the same benchmark issue.
V2P0123,synthetic_positive,144,SYN_DUP_0144,Other,Other,True,An issue with public infrastructure has been noticed.,A civic complaint has been raised because An issue with public infrastructure has been noticed.,13.481,1950.328,1,0.76061,sentence-transformers/all-MiniLM-L6-v2,cosine,synthetic_by_construction,Complaint 2 is a controlled semantic variant of Complaint 1 and represents the same benchmark issue.
V2P0124,synthetic_positive,99,SYN_DUP_0099,Pothole,Pothole,True,Deep pothole noticed on the road.,People in the area have reported that Deep pothole noticed on the road.,46.353,1827.69,1,0.917186,sentence-transformers/all-MiniLM-L6-v2,cosine,synthetic_by_construction,Complaint 2 is a controlled semantic variant of Complaint 1 and represents the same benchmark issue.
V2P0125,synthetic_positive,107,SYN_DUP_0107,Road Damage,Road Damage,True,Road has cracks and damaged portions.,Residents report a road damage problem: Road has cracks and damaged portions.,37.356,1922.856,1,0.863641,sentence-transformers/all-MiniLM-L6-v2,cosine,synthetic_by_construction,Complaint 2 is a controlled semantic variant of Complaint 1 and represents the same benchmark issue.
V2P0126,synthetic_positive,140,SYN_DUP_0140,Streetlight,Streetlight,True,Streetlight is not functioning.,The reported streetlight issue is that Streetlight is not functioning.,53.499,1918.254,1,0.885247,sentence-transformers/all-MiniLM-L6-v2,cosine,synthetic_by_construction,Complaint 2 is a controlled semantic variant of Complaint 1 and represents the same benchmark issue.
V2P0127,synthetic_positive,134,SYN_DUP_0134,Water Leakage,Water Leakage,True,Water is leaking from a pipeline.,A civic complaint has been raised because Water is leaking from a pipeline.,65.696,2050.573,1,0.705007,sentence-transformers/all-MiniLM-L6-v2,cosine,synthetic_by_construction,Complaint 2 is a controlled semantic variant of Complaint 1 and represents the same benchmark issue.
V2P0128,synthetic_positive,106,SYN_DUP_0106,Waterlogging,Waterlogging,True,Standing water is causing difficulty for commuters.,People in the area have reported that Standing water is causing difficulty for commuters.,65.016,1662.692,1,0.95575,sentence-transformers/all-MiniLM-L6-v2,cosine,synthetic_by_construction,Complaint 2 is a controlled semantic variant of Complaint 1 and represents the same benchmark issue.
V2P0129,synthetic_positive,135,SYN_DUP_0135,Blocked Drain,Blocked Drain,True,Waste has blocked the drainage system.,Residents report a blocked drain problem: Waste has caused a blockage in the drainage system.,70.12,1652.879,1,0.795258,sentence-transformers/all-MiniLM-L6-v2,cosine,synthetic_by_construction,Complaint 2 is a controlled semantic variant of Complaint 1 and represents the same benchmark issue.
V2P0130,synthetic_positive,127,SYN_DUP_0127,Garbage Accumulation,Garbage Accumulation,True,Garbage has accumulated near the roadside.,The reported garbage accumulation issue is that Garbage has accumulated near the roadside.,71.022,2117.062,1,0.882909,sentence-transformers/all-MiniLM-L6-v2,cosine,synthetic_by_construction,Complaint 2 is a controlled semantic variant of Complaint 1 and represents the same benchmark issue.
V2P0131,synthetic_positive,158,SYN_DUP_0158,Other,Other,True,An issue with public infrastructure has been noticed.,A civic complaint has been raised because An issue with public infrastructure has been noticed.,145.14,1883.175,1,0.76061,sentence-transformers/all-MiniLM-L6-v2,cosine,synthetic_by_construction,Complaint 2 is a controlled semantic variant of Complaint 1 and represents the same benchmark issue.
V2P0132,synthetic_positive,110,SYN_DUP_0110,Pothole,Pothole,True,Large pothole causing difficulty for vehicles.,People in the area have reported that Large pothole causing difficulty for vehicles.,127.397,1440.302,1,0.925876,sentence-transformers/all-MiniLM-L6-v2,cosine,synthetic_by_construction,Complaint 2 is a controlled semantic variant of Complaint 1 and represents the same benchmark issue.
V2P0133,synthetic_positive,116,SYN_DUP_0116,Road Damage,Road Damage,True,Road has cracks and damaged portions.,Residents report a road damage problem: Road has cracks and damaged portions.,121.494,1857.593,1,0.863641,sentence-transformers/all-MiniLM-L6-v2,cosine,synthetic_by_construction,Complaint 2 is a controlled semantic variant of Complaint 1 and represents the same benchmark issue.
V2P0134,synthetic_positive,145,SYN_DUP_0145,Streetlight,Streetlight,True,Streetlight is not functioning.,The reported streetlight issue is that Streetlight is not functioning.,123.249,1758.361,1,0.885247,sentence-transformers/all-MiniLM-L6-v2,cosine,synthetic_by_construction,Complaint 2 is a controlled semantic variant of Complaint 1 and represents the same benchmark issue.
V2P0135,synthetic_positive,156,SYN_DUP_0156,Water Leakage,Water Leakage,True,Water is leaking from a pipeline.,A civic complaint has been raised because Water is leaking from a pipeline.,123.659,2088.851,1,0.705007,sentence-transformers/all-MiniLM-L6-v2,cosine,synthetic_by_construction,Complaint 2 is a controlled semantic variant of Complaint 1 and represents the same benchmark issue.
V2P0136,synthetic_positive,108,SYN_DUP_0108,Waterlogging,Waterlogging,True,Water is accumulated in the area.,People in the area have reported that Water is accumulated in the area.,158.485,1501.062,1,0.887822,sentence-transformers/all-MiniLM-L6-v2,cosine,synthetic_by_construction,Complaint 2 is a controlled semantic variant of Complaint 1 and represents the same benchmark issue.
V2P0137,synthetic_positive,147,SYN_DUP_0147,Blocked Drain,Blocked Drain,True,Drain requires cleaning and maintenance.,Residents report a blocked drain problem: Drain needs cleaning and maintenance.,181.647,1681.342,1,0.756816,sentence-transformers/all-MiniLM-L6-v2,cosine,synthetic_by_construction,Complaint 2 is a controlled semantic variant of Complaint 1 and represents the same benchmark issue.
V2P0138,synthetic_positive,143,SYN_DUP_0143,Garbage Accumulation,Garbage Accumulation,True,Waste has been dumped near the road.,The reported garbage accumulation issue is that Waste has been dumped near the road.,187.557,1924.416,1,0.857141,sentence-transformers/all-MiniLM-L6-v2,cosine,synthetic_by_construction,Complaint 2 is a controlled semantic variant of Complaint 1 and represents the same benchmark issue.
V2P0139,synthetic_positive,162,SYN_DUP_0162,Other,Other,True,An issue with public infrastructure has been noticed.,A civic complaint has been raised because An issue with public infrastructure has been noticed.,159.956,1457.596,1,0.76061,sentence-transformers/all-MiniLM-L6-v2,cosine,synthetic_by_construction,Complaint 2 is a controlled semantic variant of Complaint 1 and represents the same benchmark issue.
V2P0140,synthetic_positive,117,SYN_DUP_0117,Pothole,Pothole,True,Large pothole causing difficulty for vehicles.,People in the area have reported that Large pothole causing difficulty for vehicles.,173.757,2051.813,1,0.925876,sentence-transformers/all-MiniLM-L6-v2,cosine,synthetic_by_construction,Complaint 2 is a controlled semantic variant of Complaint 1 and represents the same benchmark issue.
V2P0141,synthetic_positive,124,SYN_DUP_0124,Road Damage,Road Damage,True,Road surface is damaged and needs repair.,Residents report a road damage problem: Road surface is damaged and requires repair.,220.722,1893.435,1,0.834801,sentence-transformers/all-MiniLM-L6-v2,cosine,synthetic_by_construction,Complaint 2 is a controlled semantic variant of Complaint 1 and represents the same benchmark issue.
V2P0142,synthetic_positive,150,SYN_DUP_0150,Streetlight,Streetlight,True,Streetlight is not functioning.,The reported streetlight issue is that Streetlight is not functioning.,234.818,1795.957,1,0.885247,sentence-transformers/all-MiniLM-L6-v2,cosine,synthetic_by_construction,Complaint 2 is a controlled semantic variant of Complaint 1 and represents the same benchmark issue.
V2P0143,synthetic_positive,160,SYN_DUP_0160,Water Leakage,Water Leakage,True,A water pipeline appears to be leaking.,A civic complaint has been raised because A water pipeline appears to be leaking.,232.803,1444.002,1,0.719303,sentence-transformers/all-MiniLM-L6-v2,cosine,synthetic_by_construction,Complaint 2 is a controlled semantic variant of Complaint 1 and represents the same benchmark issue.
V2P0144,synthetic_positive,115,SYN_DUP_0115,Waterlogging,Waterlogging,True,Standing water is causing difficulty for commuters.,People in the area have reported that Standing water is causing difficulty for commuters.,238.502,1516.752,1,0.95575,sentence-transformers/all-MiniLM-L6-v2,cosine,synthetic_by_construction,Complaint 2 is a controlled semantic variant of Complaint 1 and represents the same benchmark issue.
V2P0145,synthetic_positive,151,SYN_DUP_0151,Blocked Drain,Blocked Drain,True,Drain requires cleaning and maintenance.,Residents report a blocked drain problem: Drain needs cleaning and maintenance.,208.794,2129.736,1,0.756816,sentence-transformers/all-MiniLM-L6-v2,cosine,synthetic_by_construction,Complaint 2 is a controlled semantic variant of Complaint 1 and represents the same benchmark issue.
V2P0146,synthetic_positive,149,SYN_DUP_0149,Garbage Accumulation,Garbage Accumulation,True,Garbage has not been collected from the area.,The reported garbage accumulation issue is that Garbage has not been collected from the area.,252.461,1619.43,1,0.834432,sentence-transformers/all-MiniLM-L6-v2,cosine,synthetic_by_construction,Complaint 2 is a controlled semantic variant of Complaint 1 and represents the same benchmark issue.
V2P0147,synthetic_positive,176,SYN_DUP_0176,Other,Other,True,A municipal service-related issue has been reported.,A civic complaint has been raised because A municipal service-related issue has been reported.,272.367,2017.022,1,0.783722,sentence-transformers/all-MiniLM-L6-v2,cosine,synthetic_by_construction,Complaint 2 is a controlled semantic variant of Complaint 1 and represents the same benchmark issue.
V2P0148,synthetic_positive,130,SYN_DUP_0130,Pothole,Pothole,True,Pothole is creating a safety problem for commuters.,People in the area have reported that Pothole is creating a safety problem for commuters.,298.407,1868.73,1,0.954424,sentence-transformers/all-MiniLM-L6-v2,cosine,synthetic_by_construction,Complaint 2 is a controlled semantic variant of Complaint 1 and represents the same benchmark issue.
V2P0149,synthetic_positive,131,SYN_DUP_0131,Road Damage,Road Damage,True,Road surface is damaged and needs repair.,Residents report a road damage problem: Road surface is damaged and requires repair.,293.68,1881.114,1,0.834801,sentence-transformers/all-MiniLM-L6-v2,cosine,synthetic_by_construction,Complaint 2 is a controlled semantic variant of Complaint 1 and represents the same benchmark issue.
V2P0150,synthetic_positive,153,SYN_DUP_0153,Streetlight,Streetlight,True,Streetlight is not functioning.,The reported streetlight issue is that Streetlight is not functioning.,274.734,2038.011,1,0.885247,sentence-transformers/all-MiniLM-L6-v2,cosine,synthetic_by_construction,Complaint 2 is a controlled semantic variant of Complaint 1 and represents the same benchmark issue.
V2N0151,synthetic_negative_same_category,1,4,Waterlogging,Waterlogging,True,Standing water is causing difficulty for commuters.,Water is accumulated in the area.,44.963,53.607,0,0.475846,sentence-transformers/all-MiniLM-L6-v2,cosine,synthetic_by_construction,Complaints 1 and 2 come from distinct source complaint instances and represent different benchmark issues. The pair is intentionally kept within the candidate search space to create a hard negative.
V2N0152,synthetic_negative_same_category,3,321,Pothole,Pothole,True,Large pothole causing difficulty for vehicles.,Pothole is creating a safety problem for commuters.,13.7,17.989,0,0.780351,sentence-transformers/all-MiniLM-L6-v2,cosine,synthetic_by_construction,Complaints 1 and 2 come from distinct source complaint instances and represent different benchmark issues. The pair is intentionally kept within the candidate search space to create a hard negative.
V2N0153,synthetic_negative_same_category,5,497,Streetlight,Streetlight,True,Streetlight is not functioning.,Streetlight requires repair.,38.525,37.653,0,0.813195,sentence-transformers/all-MiniLM-L6-v2,cosine,synthetic_by_construction,Complaints 1 and 2 come from distinct source complaint instances and represent different benchmark issues. The pair is intentionally kept within the candidate search space to create a hard negative.
V2N0154,synthetic_negative_same_category,8,484,Water Leakage,Water Leakage,True,Water is leaking from a pipeline.,A water pipeline appears to be leaking.,14.455,5.809,0,0.94209,sentence-transformers/all-MiniLM-L6-v2,cosine,synthetic_by_construction,Complaints 1 and 2 come from distinct source complaint instances and represent different benchmark issues. The pair is intentionally kept within the candidate search space to create a hard negative.
V2N0155,synthetic_negative_same_category,11,273,Road Damage,Road Damage,True,Damaged portion of road requires maintenance.,Road has cracks and damaged portions.,14.314,23.189,0,0.769242,sentence-transformers/all-MiniLM-L6-v2,cosine,synthetic_by_construction,Complaints 1 and 2 come from distinct source complaint instances and represent different benchmark issues. The pair is intentionally kept within the candidate search space to create a hard negative.
V2N0156,synthetic_negative_same_category,14,167,Road Damage,Road Damage,True,Damaged portion of road requires maintenance.,Road has cracks and damaged portions.,56.919,16.843,0,0.769242,sentence-transformers/all-MiniLM-L6-v2,cosine,synthetic_by_construction,Complaints 1 and 2 come from distinct source complaint instances and represent different benchmark issues. The pair is intentionally kept within the candidate search space to create a hard negative.
V2N0157,synthetic_negative_same_category,17,64,Garbage Accumulation,Garbage Accumulation,True,Waste has been dumped near the road.,Garbage has accumulated near the roadside.,85.321,4.858,0,0.764725,sentence-transformers/all-MiniLM-L6-v2,cosine,synthetic_by_construction,Complaints 1 and 2 come from distinct source complaint instances and represent different benchmark issues. The pair is intentionally kept within the candidate search space to create a hard negative.
V2N0158,synthetic_negative_same_category,19,423,Blocked Drain,Blocked Drain,True,Waste has blocked the drainage system.,Drain is blocked and water is not flowing.,77.131,30.082,0,0.603611,sentence-transformers/all-MiniLM-L6-v2,cosine,synthetic_by_construction,Complaints 1 and 2 come from distinct source complaint instances and represent different benchmark issues. The pair is intentionally kept within the candidate search space to create a hard negative.
V2N0159,synthetic_negative_same_category,22,442,Garbage Accumulation,Garbage Accumulation,True,Garbage has accumulated near the roadside.,Waste has been dumped near the road.,71.007,65.172,0,0.764725,sentence-transformers/all-MiniLM-L6-v2,cosine,synthetic_by_construction,Complaints 1 and 2 come from distinct source complaint instances and represent different benchmark issues. The pair is intentionally kept within the candidate search space to create a hard negative.
V2N0160,synthetic_negative_same_category,25,320,Road Damage,Road Damage,True,Road surface is damaged and needs repair.,Road has cracks and damaged portions.,84.776,61.721,0,0.749701,sentence-transformers/all-MiniLM-L6-v2,cosine,synthetic_by_construction,Complaints 1 and 2 come from distinct source complaint instances and represent different benchmark issues. The pair is intentionally kept within the candidate search space to create a hard negative.
V2N0161,synthetic_negative_same_category,27,463,Pothole,Pothole,True,Large pothole causing difficulty for vehicles.,Deep pothole noticed on the road.,119.019,0.673,0,0.733758,sentence-transformers/all-MiniLM-L6-v2,cosine,synthetic_by_construction,Complaints 1 and 2 come from distinct source complaint instances and represent different benchmark issues. The pair is intentionally kept within the candidate search space to create a hard negative.
V2N0162,synthetic_negative_same_category,30,294,Garbage Accumulation,Garbage Accumulation,True,Garbage has accumulated near the roadside.,Waste has been dumped near the road.,137.674,61.485,0,0.764725,sentence-transformers/all-MiniLM-L6-v2,cosine,synthetic_by_construction,Complaints 1 and 2 come from distinct source complaint instances and represent different benchmark issues. The pair is intentionally kept within the candidate search space to create a hard negative.
V2N0163,synthetic_negative_same_category,33,44,Garbage Accumulation,Garbage Accumulation,True,Garbage has not been collected from the area.,Garbage has accumulated near the roadside.,120.951,53.884,0,0.662968,sentence-transformers/all-MiniLM-L6-v2,cosine,synthetic_by_construction,Complaints 1 and 2 come from distinct source complaint instances and represent different benchmark issues. The pair is intentionally kept within the candidate search space to create a hard negative.
V2N0164,synthetic_negative_same_category,35,429,Other,Other,True,A municipal service-related issue has been reported.,An issue with public infrastructure has been noticed.,130.163,16.074,0,0.555682,sentence-transformers/all-MiniLM-L6-v2,cosine,synthetic_by_construction,Complaints 1 and 2 come from distinct source complaint instances and represent different benchmark issues. The pair is intentionally kept within the candidate search space to create a hard negative.
V2N0165,synthetic_negative_same_category,38,325,Garbage Accumulation,Garbage Accumulation,True,Waste has been dumped near the road.,Garbage has accumulated near the roadside.,121.792,2.333,0,0.764725,sentence-transformers/all-MiniLM-L6-v2,cosine,synthetic_by_construction,Complaints 1 and 2 come from distinct source complaint instances and represent different benchmark issues. The pair is intentionally kept within the candidate search space to create a hard negative.
V2N0166,synthetic_negative_same_category,41,190,Garbage Accumulation,Garbage Accumulation,True,Waste has been dumped near the road.,Garbage has accumulated near the roadside.,183.957,29.26,0,0.764725,sentence-transformers/all-MiniLM-L6-v2,cosine,synthetic_by_construction,Complaints 1 and 2 come from distinct source complaint instances and represent different benchmark issues. The pair is intentionally kept within the candidate search space to create a hard negative.
V2N0167,synthetic_negative_same_category,44,207,Garbage Accumulation,Garbage Accumulation,True,Garbage has accumulated near the roadside.,Garbage has not been collected from the area.,173.37,9.407,0,0.662968,sentence-transformers/all-MiniLM-L6-v2,cosine,synthetic_by_construction,Complaints 1 and 2 come from distinct source complaint instances and represent different benchmark issues. The pair is intentionally kept within the candidate search space to create a hard negative.
V2N0168,synthetic_negative_same_category,46,371,Waterlogging,Waterlogging,True,Standing water is causing difficulty for commuters.,Water is accumulated in the area.,151.348,28.521,0,0.475846,sentence-transformers/all-MiniLM-L6-v2,cosine,synthetic_by_construction,Complaints 1 and 2 come from distinct source complaint instances and represent different benchmark issues. The pair is intentionally kept within the candidate search space to create a hard negative.
V2N0169,synthetic_negative_same_category,49,163,Streetlight,Streetlight,True,Streetlight requires repair.,Streetlight is not working at night.,151.355,46.367,0,0.717382,sentence-transformers/all-MiniLM-L6-v2,cosine,synthetic_by_construction,Complaints 1 and 2 come from distinct source complaint instances and represent different benchmark issues. The pair is intentionally kept within the candidate search space to create a hard negative.
V2N0170,synthetic_negative_same_category,51,467,Other,Other,True,A municipal service-related issue has been reported.,An issue with public infrastructure has been noticed.,173.085,3.858,0,0.555682,sentence-transformers/all-MiniLM-L6-v2,cosine,synthetic_by_construction,Complaints 1 and 2 come from distinct source complaint instances and represent different benchmark issues. The pair is intentionally kept within the candidate search space to create a hard negative.
V2N0171,synthetic_negative_same_category,54,348,Blocked Drain,Blocked Drain,True,Drain is blocked and water is not flowing.,Drain requires cleaning and maintenance.,210.583,23.701,0,0.592991,sentence-transformers/all-MiniLM-L6-v2,cosine,synthetic_by_construction,Complaints 1 and 2 come from distinct source complaint instances and represent different benchmark issues. The pair is intentionally kept within the candidate search space to create a hard negative.
V2N0172,synthetic_negative_same_category,57,150,Streetlight,Streetlight,True,Streetlight requires repair.,Streetlight is not functioning.,218.956,54.207,0,0.813195,sentence-transformers/all-MiniLM-L6-v2,cosine,synthetic_by_construction,Complaints 1 and 2 come from distinct source complaint instances and represent different benchmark issues. The pair is intentionally kept within the candidate search space to create a hard negative.
V2N0173,synthetic_negative_same_category,60,172,Blocked Drain,Blocked Drain,True,Drain requires cleaning and maintenance.,Waste has blocked the drainage system.,212.614,6.127,0,0.620264,sentence-transformers/all-MiniLM-L6-v2,cosine,synthetic_by_construction,Complaints 1 and 2 come from distinct source complaint instances and represent different benchmark issues. The pair is intentionally kept within the candidate search space to create a hard negative.
V2N0174,synthetic_negative_same_category,63,211,Waterlogging,Waterlogging,True,Standing water is causing difficulty for commuters.,Rainwater has accumulated on the road.,226.971,71.993,0,0.410477,sentence-transformers/all-MiniLM-L6-v2,cosine,synthetic_by_construction,Complaints 1 and 2 come from distinct source complaint instances and represent different benchmark issues. The pair is intentionally kept within the candidate search space to create a hard negative.
V2N0175,synthetic_negative_same_category,65,424,Pothole,Pothole,True,Deep pothole noticed on the road.,Pothole is creating a safety problem for commuters.,232.507,56.303,0,0.616973,sentence-transformers/all-MiniLM-L6-v2,cosine,synthetic_by_construction,Complaints 1 and 2 come from distinct source complaint instances and represent different benchmark issues. The pair is intentionally kept within the candidate search space to create a hard negative.
V2N0176,synthetic_negative_same_category,68,398,Other,Other,True,A municipal issue has been reported.,A municipal service-related issue has been reported.,286.957,68.385,0,0.865634,sentence-transformers/all-MiniLM-L6-v2,cosine,synthetic_by_construction,Complaints 1 and 2 come from distinct source complaint instances and represent different benchmark issues. The pair is intentionally kept within the candidate search space to create a hard negative.
V2N0177,synthetic_negative_same_category,71,264,Garbage Accumulation,Garbage Accumulation,True,Garbage has accumulated near the roadside.,Waste has been dumped near the road.,250.999,11.183,0,0.764725,sentence-transformers/all-MiniLM-L6-v2,cosine,synthetic_by_construction,Complaints 1 and 2 come from distinct source complaint instances and represent different benchmark issues. The pair is intentionally kept within the candidate search space to create a hard negative.
V2N0178,synthetic_negative_same_category,74,300,Water Leakage,Water Leakage,True,Water leakage is observed near the road.,A water pipeline appears to be leaking.,282.803,40.715,0,0.560074,sentence-transformers/all-MiniLM-L6-v2,cosine,synthetic_by_construction,Complaints 1 and 2 come from distinct source complaint instances and represent different benchmark issues. The pair is intentionally kept within the candidate search space to create a hard negative.
V2N0179,synthetic_negative_same_category,77,219,Other,Other,True,An issue with public infrastructure has been noticed.,A municipal service-related issue has been reported.,284.274,55.275,0,0.555682,sentence-transformers/all-MiniLM-L6-v2,cosine,synthetic_by_construction,Complaints 1 and 2 come from distinct source complaint instances and represent different benchmark issues. The pair is intentionally kept within the candidate search space to create a hard negative.
V2N0180,synthetic_negative_same_category,80,253,Road Damage,Road Damage,True,Road surface is damaged and needs repair.,Damaged portion of road requires maintenance.,279.755,53.914,0,0.805856,sentence-transformers/all-MiniLM-L6-v2,cosine,synthetic_by_construction,Complaints 1 and 2 come from distinct source complaint instances and represent different benchmark issues. The pair is intentionally kept within the candidate search space to create a hard negative.
V2N0181,synthetic_negative_same_category,83,323,Other,Other,True,An issue with public infrastructure has been noticed.,A municipal issue has been reported.,41.146,164.614,0,0.599418,sentence-transformers/all-MiniLM-L6-v2,cosine,synthetic_by_construction,Complaints 1 and 2 come from distinct source complaint instances and represent different benchmark issues. The pair is intentionally kept within the candidate search space to create a hard negative.
V2N0182,synthetic_negative_same_category,86,242,Blocked Drain,Blocked Drain,True,Drain is blocked and water is not flowing.,Drain requires cleaning and maintenance.,2.258,101.955,0,0.592991,sentence-transformers/all-MiniLM-L6-v2,cosine,synthetic_by_construction,Complaints 1 and 2 come from distinct source complaint instances and represent different benchmark issues. The pair is intentionally kept within the candidate search space to create a hard negative.
V2N0183,synthetic_negative_same_category,89,244,Streetlight,Streetlight,True,Streetlight is not working at night.,Streetlight requires repair.,47.95,110.085,0,0.717382,sentence-transformers/all-MiniLM-L6-v2,cosine,synthetic_by_construction,Complaints 1 and 2 come from distinct source complaint instances and represent different benchmark issues. The pair is intentionally kept within the candidate search space to create a hard negative.
V2N0184,synthetic_negative_same_category,92,336,Road Damage,Road Damage,True,Road has cracks and damaged portions.,Road surface is damaged and needs repair.,4.724,138.302,0,0.749701,sentence-transformers/all-MiniLM-L6-v2,cosine,synthetic_by_construction,Complaints 1 and 2 come from distinct source complaint instances and represent different benchmark issues. The pair is intentionally kept within the candidate search space to create a hard negative.
V2N0185,synthetic_negative_same_category,95,268,Streetlight,Streetlight,True,Streetlight requires repair.,Streetlight is not functioning.,5.993,146.16,0,0.813195,sentence-transformers/all-MiniLM-L6-v2,cosine,synthetic_by_construction,Complaints 1 and 2 come from distinct source complaint instances and represent different benchmark issues. The pair is intentionally kept within the candidate search space to create a hard negative.
V2N0186,synthetic_negative_same_category,98,329,Garbage Accumulation,Garbage Accumulation,True,Garbage has accumulated near the roadside.,Waste has been dumped near the road.,80.021,83.63,0,0.764725,sentence-transformers/all-MiniLM-L6-v2,cosine,synthetic_by_construction,Complaints 1 and 2 come from distinct source complaint instances and represent different benchmark issues. The pair is intentionally kept within the candidate search space to create a hard negative.
V2N0187,synthetic_negative_same_category,101,144,Other,Other,True,A municipal issue has been reported.,An issue with public infrastructure has been noticed.,89.132,105.338,0,0.599418,sentence-transformers/all-MiniLM-L6-v2,cosine,synthetic_by_construction,Complaints 1 and 2 come from distinct source complaint instances and represent different benchmark issues. The pair is intentionally kept within the candidate search space to create a hard negative.
V2N0188,synthetic_negative_same_category,104,154,Road Damage,Road Damage,True,Road has cracks and damaged portions.,Road surface is damaged and needs repair.,68.529,120.577,0,0.749701,sentence-transformers/all-MiniLM-L6-v2,cosine,synthetic_by_construction,Complaints 1 and 2 come from distinct source complaint instances and represent different benchmark issues. The pair is intentionally kept within the candidate search space to create a hard negative.
V2N0189,synthetic_negative_same_category,107,410,Road Damage,Road Damage,True,Road has cracks and damaged portions.,Road surface is damaged and needs repair.,92.479,150.946,0,0.749701,sentence-transformers/all-MiniLM-L6-v2,cosine,synthetic_by_construction,Complaints 1 and 2 come from distinct source complaint instances and represent different benchmark issues. The pair is intentionally kept within the candidate search space to create a hard negative.
V2N0190,synthetic_negative_same_category,111,188,Water Leakage,Water Leakage,True,A water pipeline appears to be leaking.,Water is leaking from a pipeline.,98.039,133.02,0,0.94209,sentence-transformers/all-MiniLM-L6-v2,cosine,synthetic_by_construction,Complaints 1 and 2 come from distinct source complaint instances and represent different benchmark issues. The pair is intentionally kept within the candidate search space to create a hard negative.
V2N0191,synthetic_negative_same_category,114,348,Blocked Drain,Blocked Drain,True,Waste has blocked the drainage system.,Drain requires cleaning and maintenance.,135.365,113.812,0,0.620264,sentence-transformers/all-MiniLM-L6-v2,cosine,synthetic_by_construction,Complaints 1 and 2 come from distinct source complaint instances and represent different benchmark issues. The pair is intentionally kept within the candidate search space to create a hard negative.
V2N0192,synthetic_negative_same_category,118,236,Garbage Accumulation,Garbage Accumulation,True,Waste has been dumped near the road.,Garbage has not been collected from the area.,148.274,97.935,0,0.541781,sentence-transformers/all-MiniLM-L6-v2,cosine,synthetic_by_construction,Complaints 1 and 2 come from distinct source complaint instances and represent different benchmark issues. The pair is intentionally kept within the candidate search space to create a hard negative.
V2N0193,synthetic_negative_same_category,121,378,Blocked Drain,Blocked Drain,True,Drain requires cleaning and maintenance.,Waste has blocked the drainage system.,126.909,118.421,0,0.620264,sentence-transformers/all-MiniLM-L6-v2,cosine,synthetic_by_construction,Complaints 1 and 2 come from distinct source complaint instances and represent different benchmark issues. The pair is intentionally kept within the candidate search space to create a hard negative.
V2N0194,synthetic_negative_same_category,124,452,Road Damage,Road Damage,True,Road surface is damaged and needs repair.,Road has cracks and damaged portions.,136.551,97.773,0,0.749701,sentence-transformers/all-MiniLM-L6-v2,cosine,synthetic_by_construction,Complaints 1 and 2 come from distinct source complaint instances and represent different benchmark issues. The pair is intentionally kept within the candidate search space to create a hard negative.
V2N0195,synthetic_negative_same_category,127,428,Garbage Accumulation,Garbage Accumulation,True,Garbage has accumulated near the roadside.,Waste has been dumped near the road.,141.537,80.329,0,0.764725,sentence-transformers/all-MiniLM-L6-v2,cosine,synthetic_by_construction,Complaints 1 and 2 come from distinct source complaint instances and represent different benchmark issues. The pair is intentionally kept within the candidate search space to create a hard negative.
V2N0196,synthetic_negative_same_category,130,370,Pothole,Pothole,True,Pothole is creating a safety problem for commuters.,Large pothole causing difficulty for vehicles.,162.193,116.617,0,0.780351,sentence-transformers/all-MiniLM-L6-v2,cosine,synthetic_by_construction,Complaints 1 and 2 come from distinct source complaint instances and represent different benchmark issues. The pair is intentionally kept within the candidate search space to create a hard negative.
V2N0197,synthetic_negative_same_category,133,385,Waterlogging,Waterlogging,True,Water is accumulated in the area.,Standing water is causing difficulty for commuters.,168.949,74.765,0,0.475846,sentence-transformers/all-MiniLM-L6-v2,cosine,synthetic_by_construction,Complaints 1 and 2 come from distinct source complaint instances and represent different benchmark issues. The pair is intentionally kept within the candidate search space to create a hard negative.
V2N0198,synthetic_negative_same_category,137,223,Streetlight,Streetlight,True,Streetlight is not functioning.,Streetlight requires repair.,159.092,92.371,0,0.813195,sentence-transformers/all-MiniLM-L6-v2,cosine,synthetic_by_construction,Complaints 1 and 2 come from distinct source complaint instances and represent different benchmark issues. The pair is intentionally kept within the candidate search space to create a hard negative.
V2N0199,synthetic_negative_same_category,140,380,Streetlight,Streetlight,True,Streetlight is not functioning.,Streetlight is not working at night.,167.017,156.512,0,0.876266,sentence-transformers/all-MiniLM-L6-v2,cosine,synthetic_by_construction,Complaints 1 and 2 come from distinct source complaint instances and represent different benchmark issues. The pair is intentionally kept within the candidate search space to create a hard negative.
V2N0200,synthetic_negative_same_category,144,245,Other,Other,True,An issue with public infrastructure has been noticed.,A municipal issue has been reported.,163.813,72.984,0,0.599418,sentence-transformers/all-MiniLM-L6-v2,cosine,synthetic_by_construction,Complaints 1 and 2 come from distinct source complaint instances and represent different benchmark issues. The pair is intentionally kept within the candidate search space to create a hard negative.
V2N0201,synthetic_negative_same_category,148,198,Waterlogging,Waterlogging,True,Water is accumulated in the area.,Standing water is causing difficulty for commuters.,204.281,141.13,0,0.475846,sentence-transformers/all-MiniLM-L6-v2,cosine,synthetic_by_construction,Complaints 1 and 2 come from distinct source complaint instances and represent different benchmark issues. The pair is intentionally kept within the candidate search space to create a hard negative.
V2N0202,synthetic_negative_same_category,151,266,Blocked Drain,Blocked Drain,True,Drain requires cleaning and maintenance.,Drain is blocked and water is not flowing.,237.908,138.302,0,0.592991,sentence-transformers/all-MiniLM-L6-v2,cosine,synthetic_by_construction,Complaints 1 and 2 come from distinct source complaint instances and represent different benchmark issues. The pair is intentionally kept within the candidate search space to create a hard negative.
V2N0203,synthetic_negative_same_category,154,345,Road Damage,Road Damage,True,Road surface is damaged and needs repair.,Damaged portion of road requires maintenance.,224.541,148.124,0,0.805856,sentence-transformers/all-MiniLM-L6-v2,cosine,synthetic_by_construction,Complaints 1 and 2 come from distinct source complaint instances and represent different benchmark issues. The pair is intentionally kept within the candidate search space to create a hard negative.
V2N0204,synthetic_negative_same_category,157,451,Streetlight,Streetlight,True,Streetlight is not functioning.,Streetlight requires repair.,211.08,138.415,0,0.813195,sentence-transformers/all-MiniLM-L6-v2,cosine,synthetic_by_construction,Complaints 1 and 2 come from distinct source complaint instances and represent different benchmark issues. The pair is intentionally kept within the candidate search space to create a hard negative.
V2N0205,synthetic_negative_same_category,161,313,Road Damage,Road Damage,True,Road surface is damaged and needs repair.,Damaged portion of road requires maintenance.,229.078,117.438,0,0.805856,sentence-transformers/all-MiniLM-L6-v2,cosine,synthetic_by_construction,Complaints 1 and 2 come from distinct source complaint instances and represent different benchmark issues. The pair is intentionally kept within the candidate search space to create a hard negative.
V2N0206,synthetic_negative_same_category,165,218,Waterlogging,Waterlogging,True,Rainwater has accumulated on the road.,Standing water is causing difficulty for commuters.,270.85,143.612,0,0.410477,sentence-transformers/all-MiniLM-L6-v2,cosine,synthetic_by_construction,Complaints 1 and 2 come from distinct source complaint instances and represent different benchmark issues. The pair is intentionally kept within the candidate search space to create a hard negative.
V2N0207,synthetic_negative_same_category,168,446,Blocked Drain,Blocked Drain,True,Drain requires cleaning and maintenance.,Drain is blocked and water is not flowing.,284.44,98.015,0,0.592991,sentence-transformers/all-MiniLM-L6-v2,cosine,synthetic_by_construction,Complaints 1 and 2 come from distinct source complaint instances and represent different benchmark issues. The pair is intentionally kept within the candidate search space to create a hard negative.
V2N0208,synthetic_negative_same_category,172,471,Blocked Drain,Blocked Drain,True,Waste has blocked the drainage system.,Drain requires cleaning and maintenance.,255.912,90.496,0,0.620264,sentence-transformers/all-MiniLM-L6-v2,cosine,synthetic_by_construction,Complaints 1 and 2 come from distinct source complaint instances and represent different benchmark issues. The pair is intentionally kept within the candidate search space to create a hard negative.
V2N0209,synthetic_negative_same_category,176,465,Other,Other,True,A municipal service-related issue has been reported.,An issue with public infrastructure has been noticed.,276.257,145.173,0,0.555682,sentence-transformers/all-MiniLM-L6-v2,cosine,synthetic_by_construction,Complaints 1 and 2 come from distinct source complaint instances and represent different benchmark issues. The pair is intentionally kept within the candidate search space to create a hard negative.
V2N0210,synthetic_negative_same_category,180,262,Blocked Drain,Blocked Drain,True,Waste has blocked the drainage system.,Drain requires cleaning and maintenance.,260.603,118.488,0,0.620264,sentence-transformers/all-MiniLM-L6-v2,cosine,synthetic_by_construction,Complaints 1 and 2 come from distinct source complaint instances and represent different benchmark issues. The pair is intentionally kept within the candidate search space to create a hard negative.
V2N0211,synthetic_negative_same_category,184,265,Garbage Accumulation,Garbage Accumulation,True,Garbage has accumulated near the roadside.,Garbage has not been collected from the area.,48.854,457.604,0,0.662968,sentence-transformers/all-MiniLM-L6-v2,cosine,synthetic_by_construction,Complaints 1 and 2 come from distinct source complaint instances and represent different benchmark issues. The pair is intentionally kept within the candidate search space to create a hard negative.
V2N0212,synthetic_negative_same_category,188,229,Water Leakage,Water Leakage,True,Water is leaking from a pipeline.,Water leakage is observed near the road.,5.926,275.161,0,0.568542,sentence-transformers/all-MiniLM-L6-v2,cosine,synthetic_by_construction,Complaints 1 and 2 come from distinct source complaint instances and represent different benchmark issues. The pair is intentionally kept within the candidate search space to create a hard negative.
V2N0213,synthetic_negative_same_category,192,250,Water Leakage,Water Leakage,True,Water leakage is observed near the road.,Water is leaking from a pipeline.,9.793,175.82,0,0.568542,sentence-transformers/all-MiniLM-L6-v2,cosine,synthetic_by_construction,Complaints 1 and 2 come from distinct source complaint instances and represent different benchmark issues. The pair is intentionally kept within the candidate search space to create a hard negative.
V2N0214,synthetic_negative_same_category,196,256,Water Leakage,Water Leakage,True,Water is leaking from a pipeline.,Water leakage is observed near the road.,14.441,705.811,0,0.568542,sentence-transformers/all-MiniLM-L6-v2,cosine,synthetic_by_construction,Complaints 1 and 2 come from distinct source complaint instances and represent different benchmark issues. The pair is intentionally kept within the candidate search space to create a hard negative.
V2N0215,synthetic_negative_same_category,200,347,Road Damage,Road Damage,True,Damaged portion of road requires maintenance.,Road surface is damaged and needs repair.,35.173,237.715,0,0.805856,sentence-transformers/all-MiniLM-L6-v2,cosine,synthetic_by_construction,Complaints 1 and 2 come from distinct source complaint instances and represent different benchmark issues. The pair is intentionally kept within the candidate search space to create a hard negative.
V2N0216,synthetic_negative_same_category,204,459,Streetlight,Streetlight,True,Streetlight requires repair.,Streetlight is not working at night.,74.544,649.743,0,0.717382,sentence-transformers/all-MiniLM-L6-v2,cosine,synthetic_by_construction,Complaints 1 and 2 come from distinct source complaint instances and represent different benchmark issues. The pair is intentionally kept within the candidate search space to create a hard negative.
V2N0217,synthetic_negative_same_category,208,414,Waterlogging,Waterlogging,True,Water is accumulated in the area.,Rainwater has accumulated on the road.,73.47,411.144,0,0.610853,sentence-transformers/all-MiniLM-L6-v2,cosine,synthetic_by_construction,Complaints 1 and 2 come from distinct source complaint instances and represent different benchmark issues. The pair is intentionally kept within the candidate search space to create a hard negative.
V2N0218,synthetic_negative_same_category,213,279,Garbage Accumulation,Garbage Accumulation,True,Garbage has not been collected from the area.,Waste has been dumped near the road.,52.569,687.468,0,0.541781,sentence-transformers/all-MiniLM-L6-v2,cosine,synthetic_by_construction,Complaints 1 and 2 come from distinct source complaint instances and represent different benchmark issues. The pair is intentionally kept within the candidate search space to create a hard negative.
V2N0219,synthetic_negative_same_category,217,349,Pothole,Pothole,True,Large pothole causing difficulty for vehicles.,Deep pothole noticed on the road.,91.106,389.197,0,0.733758,sentence-transformers/all-MiniLM-L6-v2,cosine,synthetic_by_construction,Complaints 1 and 2 come from distinct source complaint instances and represent different benchmark issues. The pair is intentionally kept within the candidate search space to create a hard negative.
V2N0220,synthetic_negative_same_category,222,263,Streetlight,Streetlight,True,Streetlight requires repair.,Streetlight is not functioning.,81.472,197.602,0,0.813195,sentence-transformers/all-MiniLM-L6-v2,cosine,synthetic_by_construction,Complaints 1 and 2 come from distinct source complaint instances and represent different benchmark issues. The pair is intentionally kept within the candidate search space to create a hard negative.
V2N0221,synthetic_negative_same_category,226,358,Waterlogging,Waterlogging,True,Rainwater has accumulated on the road.,Water is accumulated in the area.,128.142,335.724,0,0.610853,sentence-transformers/all-MiniLM-L6-v2,cosine,synthetic_by_construction,Complaints 1 and 2 come from distinct source complaint instances and represent different benchmark issues. The pair is intentionally kept within the candidate search space to create a hard negative.
V2N0222,synthetic_negative_same_category,230,372,Streetlight,Streetlight,True,Streetlight is not working at night.,Streetlight requires repair.,105.923,589.975,0,0.717382,sentence-transformers/all-MiniLM-L6-v2,cosine,synthetic_by_construction,Complaints 1 and 2 come from distinct source complaint instances and represent different benchmark issues. The pair is intentionally kept within the candidate search space to create a hard negative.
V2N0223,synthetic_negative_same_category,235,426,Other,Other,True,A municipal issue has been reported.,A municipal service-related issue has been reported.,139.537,292.587,0,0.865634,sentence-transformers/all-MiniLM-L6-v2,cosine,synthetic_by_construction,Complaints 1 and 2 come from distinct source complaint instances and represent different benchmark issues. The pair is intentionally kept within the candidate search space to create a hard negative.
V2N0224,synthetic_negative_same_category,239,404,Blocked Drain,Blocked Drain,True,Drain is blocked and water is not flowing.,Waste has blocked the drainage system.,122.526,412.388,0,0.603611,sentence-transformers/all-MiniLM-L6-v2,cosine,synthetic_by_construction,Complaints 1 and 2 come from distinct source complaint instances and represent different benchmark issues. The pair is intentionally kept within the candidate search space to create a hard negative.
V2N0225,synthetic_negative_same_category,244,291,Streetlight,Streetlight,True,Streetlight requires repair.,Streetlight is not functioning.,149.502,336.577,0,0.813195,sentence-transformers/all-MiniLM-L6-v2,cosine,synthetic_by_construction,Complaints 1 and 2 come from distinct source complaint instances and represent different benchmark issues. The pair is intentionally kept within the candidate search space to create a hard negative.
V2N0226,synthetic_negative_same_category,249,271,Streetlight,Streetlight,True,Streetlight is not working at night.,Streetlight requires repair.,180.482,576.532,0,0.717382,sentence-transformers/all-MiniLM-L6-v2,cosine,synthetic_by_construction,Complaints 1 and 2 come from distinct source complaint instances and represent different benchmark issues. The pair is intentionally kept within the candidate search space to create a hard negative.
V2N0227,synthetic_negative_same_category,253,308,Road Damage,Road Damage,True,Damaged portion of road requires maintenance.,Road surface is damaged and needs repair.,160.389,284.494,0,0.805856,sentence-transformers/all-MiniLM-L6-v2,cosine,synthetic_by_construction,Complaints 1 and 2 come from distinct source complaint instances and represent different benchmark issues. The pair is intentionally kept within the candidate search space to create a hard negative.
V2N0228,synthetic_negative_same_category,258,348,Blocked Drain,Blocked Drain,True,Drain is blocked and water is not flowing.,Drain requires cleaning and maintenance.,157.853,263.953,0,0.592991,sentence-transformers/all-MiniLM-L6-v2,cosine,synthetic_by_construction,Complaints 1 and 2 come from distinct source complaint instances and represent different benchmark issues. The pair is intentionally kept within the candidate search space to create a hard negative.
V2N0229,synthetic_negative_same_category,263,352,Streetlight,Streetlight,True,Streetlight is not functioning.,Streetlight is not working at night.,150.134,416.684,0,0.876266,sentence-transformers/all-MiniLM-L6-v2,cosine,synthetic_by_construction,Complaints 1 and 2 come from distinct source complaint instances and represent different benchmark issues. The pair is intentionally kept within the candidate search space to create a hard negative.
V2N0230,synthetic_negative_same_category,268,372,Streetlight,Streetlight,True,Streetlight is not functioning.,Streetlight requires repair.,164.563,295.783,0,0.813195,sentence-transformers/all-MiniLM-L6-v2,cosine,synthetic_by_construction,Complaints 1 and 2 come from distinct source complaint instances and represent different benchmark issues. The pair is intentionally kept within the candidate search space to create a hard negative.
V2N0231,synthetic_negative_same_category,274,356,Other,Other,True,A municipal issue has been reported.,An issue with public infrastructure has been noticed.,235.149,418.631,0,0.599418,sentence-transformers/all-MiniLM-L6-v2,cosine,synthetic_by_construction,Complaints 1 and 2 come from distinct source complaint instances and represent different benchmark issues. The pair is intentionally kept within the candidate search space to create a hard negative.
V2N0232,synthetic_negative_same_category,280,389,Waterlogging,Waterlogging,True,Standing water is causing difficulty for commuters.,Rainwater has accumulated on the road.,246.196,602.883,0,0.410477,sentence-transformers/all-MiniLM-L6-v2,cosine,synthetic_by_construction,Complaints 1 and 2 come from distinct source complaint instances and represent different benchmark issues. The pair is intentionally kept within the candidate search space to create a hard negative.
V2N0233,synthetic_negative_same_category,286,423,Blocked Drain,Blocked Drain,True,Waste has blocked the drainage system.,Drain is blocked and water is not flowing.,233.059,683.386,0,0.603611,sentence-transformers/all-MiniLM-L6-v2,cosine,synthetic_by_construction,Complaints 1 and 2 come from distinct source complaint instances and represent different benchmark issues. The pair is intentionally kept within the candidate search space to create a hard negative.
V2N0234,synthetic_negative_same_category,292,332,Other,Other,True,A municipal service-related issue has been reported.,A municipal issue has been reported.,227.228,525.498,0,0.865634,sentence-transformers/all-MiniLM-L6-v2,cosine,synthetic_by_construction,Complaints 1 and 2 come from distinct source complaint instances and represent different benchmark issues. The pair is intentionally kept within the candidate search space to create a hard negative.
V2N0235,synthetic_negative_same_category,299,332,Other,Other,True,An issue with public infrastructure has been noticed.,A municipal issue has been reported.,241.332,207.428,0,0.599418,sentence-transformers/all-MiniLM-L6-v2,cosine,synthetic_by_construction,Complaints 1 and 2 come from distinct source complaint instances and represent different benchmark issues. The pair is intentionally kept within the candidate search space to create a hard negative.
V2N0236,synthetic_negative_same_category,305,396,Pothole,Pothole,True,Large pothole causing difficulty for vehicles.,Pothole is creating a safety problem for commuters.,265.073,581.427,0,0.780351,sentence-transformers/all-MiniLM-L6-v2,cosine,synthetic_by_construction,Complaints 1 and 2 come from distinct source complaint instances and represent different benchmark issues. The pair is intentionally kept within the candidate search space to create a hard negative.
V2N0237,synthetic_negative_same_category,312,314,Pothole,Pothole,True,Large pothole causing difficulty for vehicles.,Pothole is creating a safety problem for commuters.,264.142,236.652,0,0.780351,sentence-transformers/all-MiniLM-L6-v2,cosine,synthetic_by_construction,Complaints 1 and 2 come from distinct source complaint instances and represent different benchmark issues. The pair is intentionally kept within the candidate search space to create a hard negative.
V2N0238,synthetic_negative_same_category,318,341,Water Leakage,Water Leakage,True,Water is leaking from a pipeline.,A water pipeline appears to be leaking.,284.287,688.358,0,0.94209,sentence-transformers/all-MiniLM-L6-v2,cosine,synthetic_by_construction,Complaints 1 and 2 come from distinct source complaint instances and represent different benchmark issues. The pair is intentionally kept within the candidate search space to create a hard negative.
V2N0239,synthetic_negative_same_category,324,406,Waterlogging,Waterlogging,True,Water is accumulated in the area.,Standing water is causing difficulty for commuters.,274.196,212.413,0,0.475846,sentence-transformers/all-MiniLM-L6-v2,cosine,synthetic_by_construction,Complaints 1 and 2 come from distinct source complaint instances and represent different benchmark issues. The pair is intentionally kept within the candidate search space to create a hard negative.
V2N0240,synthetic_negative_same_category,331,436,Waterlogging,Waterlogging,True,Standing water is causing difficulty for commuters.,Water is accumulated in the area.,271.169,345.928,0,0.475846,sentence-transformers/all-MiniLM-L6-v2,cosine,synthetic_by_construction,Complaints 1 and 2 come from distinct source complaint instances and represent different benchmark issues. The pair is intentionally kept within the candidate search space to create a hard negative.
V2N0241,synthetic_negative_same_category,340,369,Streetlight,Streetlight,True,Streetlight is not working at night.,Streetlight requires repair.,5.475,1412.576,0,0.717382,sentence-transformers/all-MiniLM-L6-v2,cosine,synthetic_by_construction,Complaints 1 and 2 come from distinct source complaint instances and represent different benchmark issues. The pair is intentionally kept within the candidate search space to create a hard negative.
V2N0242,synthetic_negative_same_category,349,408,Pothole,Pothole,True,Deep pothole noticed on the road.,Pothole is creating a safety problem for commuters.,29.185,1404.567,0,0.616973,sentence-transformers/all-MiniLM-L6-v2,cosine,synthetic_by_construction,Complaints 1 and 2 come from distinct source complaint instances and represent different benchmark issues. The pair is intentionally kept within the candidate search space to create a hard negative.
V2N0243,synthetic_negative_same_category,357,458,Road Damage,Road Damage,True,Road has cracks and damaged portions.,Damaged portion of road requires maintenance.,33.942,914.055,0,0.769242,sentence-transformers/all-MiniLM-L6-v2,cosine,synthetic_by_construction,Complaints 1 and 2 come from distinct source complaint instances and represent different benchmark issues. The pair is intentionally kept within the candidate search space to create a hard negative.
V2N0244,synthetic_negative_same_category,366,406,Waterlogging,Waterlogging,True,Water is accumulated in the area.,Standing water is causing difficulty for commuters.,38.057,1058.766,0,0.475846,sentence-transformers/all-MiniLM-L6-v2,cosine,synthetic_by_construction,Complaints 1 and 2 come from distinct source complaint instances and represent different benchmark issues. The pair is intentionally kept within the candidate search space to create a hard negative.
V2N0245,synthetic_negative_same_category,376,441,Pothole,Pothole,True,Large pothole causing difficulty for vehicles.,Deep pothole noticed on the road.,45.888,850.68,0,0.733758,sentence-transformers/all-MiniLM-L6-v2,cosine,synthetic_by_construction,Complaints 1 and 2 come from distinct source complaint instances and represent different benchmark issues. The pair is intentionally kept within the candidate search space to create a hard negative.
V2N0246,synthetic_negative_same_category,386,476,Other,Other,True,A municipal issue has been reported.,An issue with public infrastructure has been noticed.,81.739,1074.048,0,0.599418,sentence-transformers/all-MiniLM-L6-v2,cosine,synthetic_by_construction,Complaints 1 and 2 come from distinct source complaint instances and represent different benchmark issues. The pair is intentionally kept within the candidate search space to create a hard negative.
V2N0247,synthetic_negative_same_category,397,493,Garbage Accumulation,Garbage Accumulation,True,Garbage has accumulated near the roadside.,Waste has been dumped near the road.,67.398,959.989,0,0.764725,sentence-transformers/all-MiniLM-L6-v2,cosine,synthetic_by_construction,Complaints 1 and 2 come from distinct source complaint instances and represent different benchmark issues. The pair is intentionally kept within the candidate search space to create a hard negative.
V2N0248,synthetic_negative_same_category,411,461,Pothole,Pothole,True,Large pothole causing difficulty for vehicles.,Pothole is creating a safety problem for commuters.,92.887,957.465,0,0.780351,sentence-transformers/all-MiniLM-L6-v2,cosine,synthetic_by_construction,Complaints 1 and 2 come from distinct source complaint instances and represent different benchmark issues. The pair is intentionally kept within the candidate search space to create a hard negative.
V2N0249,synthetic_negative_same_category,425,486,Pothole,Pothole,True,Large pothole causing difficulty for vehicles.,Deep pothole noticed on the road.,64.411,1400.54,0,0.733758,sentence-transformers/all-MiniLM-L6-v2,cosine,synthetic_by_construction,Complaints 1 and 2 come from distinct source complaint instances and represent different benchmark issues. The pair is intentionally kept within the candidate search space to create a hard negative.
V2N0250,synthetic_negative_same_category,444,450,Garbage Accumulation,Garbage Accumulation,True,Waste has been dumped near the road.,Garbage has not been collected from the area.,77.505,1047.48,0,0.541781,sentence-transformers/all-MiniLM-L6-v2,cosine,synthetic_by_construction,Complaints 1 and 2 come from distinct source complaint instances and represent different benchmark issues. The pair is intentionally kept within the candidate search space to create a hard negative.
V2N0251,synthetic_negative_different_category,1,2,Waterlogging,Pothole,False,Standing water is causing difficulty for commuters.,Pothole is creating a safety problem for commuters.,116.164,1418.533,0,0.498848,sentence-transformers/all-MiniLM-L6-v2,cosine,synthetic_by_construction,Complaints 1 and 2 come from distinct source complaint instances and represent different benchmark issues. The pair is intentionally kept within the candidate search space to create a hard negative.
V2N0252,synthetic_negative_different_category,6,36,Waterlogging,Road Damage,False,Standing water is causing difficulty for commuters.,Damaged portion of road requires maintenance.,125.73,1431.446,0,0.153883,sentence-transformers/all-MiniLM-L6-v2,cosine,synthetic_by_construction,Complaints 1 and 2 come from distinct source complaint instances and represent different benchmark issues. The pair is intentionally kept within the candidate search space to create a hard negative.
V2N0253,synthetic_negative_different_category,11,59,Road Damage,Waterlogging,False,Damaged portion of road requires maintenance.,Standing water is causing difficulty for commuters.,127.13,1017.544,0,0.153883,sentence-transformers/all-MiniLM-L6-v2,cosine,synthetic_by_construction,Complaints 1 and 2 come from distinct source complaint instances and represent different benchmark issues. The pair is intentionally kept within the candidate search space to create a hard negative.
V2N0254,synthetic_negative_different_category,16,96,Water Leakage,Pothole,False,A water pipeline appears to be leaking.,Pothole is creating a safety problem for commuters.,118.089,1264.642,0,0.231928,sentence-transformers/all-MiniLM-L6-v2,cosine,synthetic_by_construction,Complaints 1 and 2 come from distinct source complaint instances and represent different benchmark issues. The pair is intentionally kept within the candidate search space to create a hard negative.
V2N0255,synthetic_negative_different_category,21,173,Other,Road Damage,False,A municipal service-related issue has been reported.,Damaged portion of road requires maintenance.,138.0,866.57,0,0.217445,sentence-transformers/all-MiniLM-L6-v2,cosine,synthetic_by_construction,Complaints 1 and 2 come from distinct source complaint instances and represent different benchmark issues. The pair is intentionally kept within the candidate search space to create a hard negative.
V2N0256,synthetic_negative_different_category,26,265,Pothole,Garbage Accumulation,False,Deep pothole noticed on the road.,Garbage has not been collected from the area.,196.384,1035.449,0,0.136509,sentence-transformers/all-MiniLM-L6-v2,cosine,synthetic_by_construction,Complaints 1 and 2 come from distinct source complaint instances and represent different benchmark issues. The pair is intentionally kept within the candidate search space to create a hard negative.
V2N0257,synthetic_negative_different_category,31,419,Road Damage,Garbage Accumulation,False,Damaged portion of road requires maintenance.,Garbage has not been collected from the area.,156.071,1420.666,0,0.181418,sentence-transformers/all-MiniLM-L6-v2,cosine,synthetic_by_construction,Complaints 1 and 2 come from distinct source complaint instances and represent different benchmark issues. The pair is intentionally kept within the candidate search space to create a hard negative.
V2N0258,synthetic_negative_different_category,37,106,Blocked Drain,Waterlogging,False,Drain requires cleaning and maintenance.,Standing water is causing difficulty for commuters.,161.965,834.041,0,0.262982,sentence-transformers/all-MiniLM-L6-v2,cosine,synthetic_by_construction,Complaints 1 and 2 come from distinct source complaint instances and represent different benchmark issues. The pair is intentionally kept within the candidate search space to create a hard negative.
V2N0259,synthetic_negative_different_category,42,309,Pothole,Waterlogging,False,Large pothole causing difficulty for vehicles.,Standing water is causing difficulty for commuters.,177.613,787.12,0,0.355767,sentence-transformers/all-MiniLM-L6-v2,cosine,synthetic_by_construction,Complaints 1 and 2 come from distinct source complaint instances and represent different benchmark issues. The pair is intentionally kept within the candidate search space to create a hard negative.
V2N0260,synthetic_negative_different_category,48,97,Streetlight,Waterlogging,False,Streetlight is not working at night.,Standing water is causing difficulty for commuters.,195.646,1052.248,0,0.162536,sentence-transformers/all-MiniLM-L6-v2,cosine,synthetic_by_construction,Complaints 1 and 2 come from distinct source complaint instances and represent different benchmark issues. The pair is intentionally kept within the candidate search space to create a hard negative.
V2N0261,synthetic_negative_different_category,53,364,Road Damage,Water Leakage,False,Road surface is damaged and needs repair.,Water is leaking from a pipeline.,241.607,1078.835,0,0.193896,sentence-transformers/all-MiniLM-L6-v2,cosine,synthetic_by_construction,Complaints 1 and 2 come from distinct source complaint instances and represent different benchmark issues. The pair is intentionally kept within the candidate search space to create a hard negative.
V2N0262,synthetic_negative_different_category,59,184,Waterlogging,Garbage Accumulation,False,Standing water is causing difficulty for commuters.,Garbage has accumulated near the roadside.,225.444,916.873,0,0.219334,sentence-transformers/all-MiniLM-L6-v2,cosine,synthetic_by_construction,Complaints 1 and 2 come from distinct source complaint instances and represent different benchmark issues. The pair is intentionally kept within the candidate search space to create a hard negative.
V2N0263,synthetic_negative_different_category,64,473,Garbage Accumulation,Water Leakage,False,Garbage has accumulated near the roadside.,Water is leaking from a pipeline.,249.012,895.494,0,0.137488,sentence-transformers/all-MiniLM-L6-v2,cosine,synthetic_by_construction,Complaints 1 and 2 come from distinct source complaint instances and represent different benchmark issues. The pair is intentionally kept within the candidate search space to create a hard negative.
V2N0264,synthetic_negative_different_category,70,373,Pothole,Garbage Accumulation,False,Pothole is creating a safety problem for commuters.,Garbage has accumulated near the roadside.,219.179,1383.746,0,0.329342,sentence-transformers/all-MiniLM-L6-v2,cosine,synthetic_by_construction,Complaints 1 and 2 come from distinct source complaint instances and represent different benchmark issues. The pair is intentionally kept within the candidate search space to create a hard negative.
V2N0265,synthetic_negative_different_category,76,311,Pothole,Blocked Drain,False,Pothole is creating a safety problem for commuters.,Drain requires cleaning and maintenance.,243.966,1342.101,0,0.250544,sentence-transformers/all-MiniLM-L6-v2,cosine,synthetic_by_construction,Complaints 1 and 2 come from distinct source complaint instances and represent different benchmark issues. The pair is intentionally kept within the candidate search space to create a hard negative.
V2N0266,synthetic_negative_different_category,82,287,Waterlogging,Garbage Accumulation,False,Standing water is causing difficulty for commuters.,Garbage has accumulated near the roadside.,288.71,1018.764,0,0.219334,sentence-transformers/all-MiniLM-L6-v2,cosine,synthetic_by_construction,Complaints 1 and 2 come from distinct source complaint instances and represent different benchmark issues. The pair is intentionally kept within the candidate search space to create a hard negative.
V2N0267,synthetic_negative_different_category,88,302,Blocked Drain,Water Leakage,False,Drain requires cleaning and maintenance.,A water pipeline appears to be leaking.,274.879,1310.797,0,0.359767,sentence-transformers/all-MiniLM-L6-v2,cosine,synthetic_by_construction,Complaints 1 and 2 come from distinct source complaint instances and represent different benchmark issues. The pair is intentionally kept within the candidate search space to create a hard negative.
V2N0268,synthetic_negative_different_category,94,351,Garbage Accumulation,Streetlight,False,Waste has been dumped near the road.,Streetlight is not functioning.,264.629,1142.599,0,0.117013,sentence-transformers/all-MiniLM-L6-v2,cosine,synthetic_by_construction,Complaints 1 and 2 come from distinct source complaint instances and represent different benchmark issues. The pair is intentionally kept within the candidate search space to create a hard negative.
V2N0269,synthetic_negative_different_category,100,466,Streetlight,Road Damage,False,Streetlight requires repair.,Damaged portion of road requires maintenance.,273.992,826.997,0,0.503444,sentence-transformers/all-MiniLM-L6-v2,cosine,synthetic_by_construction,Complaints 1 and 2 come from distinct source complaint instances and represent different benchmark issues. The pair is intentionally kept within the candidate search space to create a hard negative.
V2N0270,synthetic_negative_different_category,107,159,Road Damage,Garbage Accumulation,False,Road has cracks and damaged portions.,Garbage has accumulated near the roadside.,266.911,1117.385,0,0.328631,sentence-transformers/all-MiniLM-L6-v2,cosine,synthetic_by_construction,Complaints 1 and 2 come from distinct source complaint instances and represent different benchmark issues. The pair is intentionally kept within the candidate search space to create a hard negative.
V2N0271,synthetic_negative_different_category,113,305,Blocked Drain,Pothole,False,Waste has blocked the drainage system.,Large pothole causing difficulty for vehicles.,23.312,1671.686,0,0.367195,sentence-transformers/all-MiniLM-L6-v2,cosine,synthetic_by_construction,Complaints 1 and 2 come from distinct source complaint instances and represent different benchmark issues. The pair is intentionally kept within the candidate search space to create a hard negative.
V2N0272,synthetic_negative_different_category,120,123,Blocked Drain,Garbage Accumulation,False,Drain is blocked and water is not flowing.,Garbage has not been collected from the area.,35.177,1851.699,0,0.345547,sentence-transformers/all-MiniLM-L6-v2,cosine,synthetic_by_construction,Complaints 1 and 2 come from distinct source complaint instances and represent different benchmark issues. The pair is intentionally kept within the candidate search space to create a hard negative.
V2N0273,synthetic_negative_different_category,126,355,Garbage Accumulation,Road Damage,False,Garbage has not been collected from the area.,Damaged portion of road requires maintenance.,39.002,1471.436,0,0.181418,sentence-transformers/all-MiniLM-L6-v2,cosine,synthetic_by_construction,Complaints 1 and 2 come from distinct source complaint instances and represent different benchmark issues. The pair is intentionally kept within the candidate search space to create a hard negative.
V2N0274,synthetic_negative_different_category,133,274,Waterlogging,Other,False,Water is accumulated in the area.,A municipal issue has been reported.,35.556,2024.216,0,0.193932,sentence-transformers/all-MiniLM-L6-v2,cosine,synthetic_by_construction,Complaints 1 and 2 come from distinct source complaint instances and represent different benchmark issues. The pair is intentionally kept within the candidate search space to create a hard negative.
V2N0275,synthetic_negative_different_category,140,232,Streetlight,Other,False,Streetlight is not functioning.,An issue with public infrastructure has been noticed.,33.521,2030.94,0,0.141726,sentence-transformers/all-MiniLM-L6-v2,cosine,synthetic_by_construction,Complaints 1 and 2 come from distinct source complaint instances and represent different benchmark issues. The pair is intentionally kept within the candidate search space to create a hard negative.
V2N0276,synthetic_negative_different_category,147,234,Blocked Drain,Water Leakage,False,Drain requires cleaning and maintenance.,Water leakage is observed near the road.,74.766,1466.664,0,0.381169,sentence-transformers/all-MiniLM-L6-v2,cosine,synthetic_by_construction,Complaints 1 and 2 come from distinct source complaint instances and represent different benchmark issues. The pair is intentionally kept within the candidate search space to create a hard negative.
V2N0277,synthetic_negative_different_category,154,297,Road Damage,Streetlight,False,Road surface is damaged and needs repair.,Streetlight requires repair.,79.509,2066.186,0,0.543591,sentence-transformers/all-MiniLM-L6-v2,cosine,synthetic_by_construction,Complaints 1 and 2 come from distinct source complaint instances and represent different benchmark issues. The pair is intentionally kept within the candidate search space to create a hard negative.
V2N0278,synthetic_negative_different_category,161,407,Road Damage,Blocked Drain,False,Road surface is damaged and needs repair.,Drain is blocked and water is not flowing.,72.015,1818.69,0,0.229217,sentence-transformers/all-MiniLM-L6-v2,cosine,synthetic_by_construction,Complaints 1 and 2 come from distinct source complaint instances and represent different benchmark issues. The pair is intentionally kept within the candidate search space to create a hard negative.
V2N0279,synthetic_negative_different_category,169,219,Pothole,Other,False,Large pothole causing difficulty for vehicles.,A municipal service-related issue has been reported.,86.122,1735.191,0,0.175988,sentence-transformers/all-MiniLM-L6-v2,cosine,synthetic_by_construction,Complaints 1 and 2 come from distinct source complaint instances and represent different benchmark issues. The pair is intentionally kept within the candidate search space to create a hard negative.
V2N0280,synthetic_negative_different_category,176,415,Other,Garbage Accumulation,False,A municipal service-related issue has been reported.,Waste has been dumped near the road.,57.718,1778.039,0,0.205791,sentence-transformers/all-MiniLM-L6-v2,cosine,synthetic_by_construction,Complaints 1 and 2 come from distinct source complaint instances and represent different benchmark issues. The pair is intentionally kept within the candidate search space to create a hard negative.
V2N0281,synthetic_negative_different_category,184,369,Garbage Accumulation,Streetlight,False,Garbage has accumulated near the roadside.,Streetlight requires repair.,116.928,1938.75,0,0.202981,sentence-transformers/all-MiniLM-L6-v2,cosine,synthetic_by_construction,Complaints 1 and 2 come from distinct source complaint instances and represent different benchmark issues. The pair is intentionally kept within the candidate search space to create a hard negative.
V2N0282,synthetic_negative_different_category,192,361,Water Leakage,Waterlogging,False,Water leakage is observed near the road.,Standing water is causing difficulty for commuters.,142.588,2053.687,0,0.466105,sentence-transformers/all-MiniLM-L6-v2,cosine,synthetic_by_construction,Complaints 1 and 2 come from distinct source complaint instances and represent different benchmark issues. The pair is intentionally kept within the candidate search space to create a hard negative.
V2N0283,synthetic_negative_different_category,200,437,Road Damage,Waterlogging,False,Damaged portion of road requires maintenance.,Water is accumulated in the area.,119.0,1668.003,0,0.188229,sentence-transformers/all-MiniLM-L6-v2,cosine,synthetic_by_construction,Complaints 1 and 2 come from distinct source complaint instances and represent different benchmark issues. The pair is intentionally kept within the candidate search space to create a hard negative.
V2N0284,synthetic_negative_different_category,209,285,Water Leakage,Pothole,False,Water leakage is observed near the road.,Pothole is creating a safety problem for commuters.,137.97,2068.117,0,0.386928,sentence-transformers/all-MiniLM-L6-v2,cosine,synthetic_by_construction,Complaints 1 and 2 come from distinct source complaint instances and represent different benchmark issues. The pair is intentionally kept within the candidate search space to create a hard negative.
V2N0285,synthetic_negative_different_category,217,499,Pothole,Water Leakage,False,Large pothole causing difficulty for vehicles.,Water leakage is observed near the road.,103.421,1894.44,0,0.399353,sentence-transformers/all-MiniLM-L6-v2,cosine,synthetic_by_construction,Complaints 1 and 2 come from distinct source complaint instances and represent different benchmark issues. The pair is intentionally kept within the candidate search space to create a hard negative.
V2N0286,synthetic_negative_different_category,226,492,Waterlogging,Water Leakage,False,Rainwater has accumulated on the road.,A water pipeline appears to be leaking.,199.871,1977.674,0,0.306567,sentence-transformers/all-MiniLM-L6-v2,cosine,synthetic_by_construction,Complaints 1 and 2 come from distinct source complaint instances and represent different benchmark issues. The pair is intentionally kept within the candidate search space to create a hard negative.
V2N0287,synthetic_negative_different_category,236,292,Garbage Accumulation,Other,False,Garbage has not been collected from the area.,A municipal service-related issue has been reported.,154.922,1896.302,0,0.289072,sentence-transformers/all-MiniLM-L6-v2,cosine,synthetic_by_construction,Complaints 1 and 2 come from distinct source complaint instances and represent different benchmark issues. The pair is intentionally kept within the candidate search space to create a hard negative.
V2N0288,synthetic_negative_different_category,245,451,Other,Streetlight,False,A municipal issue has been reported.,Streetlight requires repair.,172.184,1939.684,0,0.227481,sentence-transformers/all-MiniLM-L6-v2,cosine,synthetic_by_construction,Complaints 1 and 2 come from distinct source complaint instances and represent different benchmark issues. The pair is intentionally kept within the candidate search space to create a hard negative.
V2N0289,synthetic_negative_different_category,255,461,Garbage Accumulation,Pothole,False,Garbage has not been collected from the area.,Pothole is creating a safety problem for commuters.,152.3,2013.225,0,0.153976,sentence-transformers/all-MiniLM-L6-v2,cosine,synthetic_by_construction,Complaints 1 and 2 come from distinct source complaint instances and represent different benchmark issues. The pair is intentionally kept within the candidate search space to create a hard negative.
V2N0290,synthetic_negative_different_category,266,323,Blocked Drain,Other,False,Drain is blocked and water is not flowing.,A municipal issue has been reported.,168.742,1544.819,0,0.14261,sentence-transformers/all-MiniLM-L6-v2,cosine,synthetic_by_construction,Complaints 1 and 2 come from distinct source complaint instances and represent different benchmark issues. The pair is intentionally kept within the candidate search space to create a hard negative.
V2N0291,synthetic_negative_different_category,277,293,Road Damage,Garbage Accumulation,False,Road has cracks and damaged portions.,Waste has been dumped near the road.,228.296,2010.616,0,0.413219,sentence-transformers/all-MiniLM-L6-v2,cosine,synthetic_by_construction,Complaints 1 and 2 come from distinct source complaint instances and represent different benchmark issues. The pair is intentionally kept within the candidate search space to create a hard negative.
V2N0292,synthetic_negative_different_category,288,401,Water Leakage,Waterlogging,False,Water is leaking from a pipeline.,Standing water is causing difficulty for commuters.,203.948,2067.006,0,0.287088,sentence-transformers/all-MiniLM-L6-v2,cosine,synthetic_by_construction,Complaints 1 and 2 come from distinct source complaint instances and represent different benchmark issues. The pair is intentionally kept within the candidate search space to create a hard negative.
V2N0293,synthetic_negative_different_category,300,425,Water Leakage,Pothole,False,A water pipeline appears to be leaking.,Large pothole causing difficulty for vehicles.,212.041,2097.238,0,0.274196,sentence-transformers/all-MiniLM-L6-v2,cosine,synthetic_by_construction,Complaints 1 and 2 come from distinct source complaint instances and represent different benchmark issues. The pair is intentionally kept within the candidate search space to create a hard negative.
V2N0294,synthetic_negative_different_category,313,424,Road Damage,Pothole,False,Damaged portion of road requires maintenance.,Pothole is creating a safety problem for commuters.,223.057,1622.871,0,0.323663,sentence-transformers/all-MiniLM-L6-v2,cosine,synthetic_by_construction,Complaints 1 and 2 come from distinct source complaint instances and represent different benchmark issues. The pair is intentionally kept within the candidate search space to create a hard negative.
V2N0295,synthetic_negative_different_category,327,410,Streetlight,Road Damage,False,Streetlight requires repair.,Road surface is damaged and needs repair.,200.47,2019.338,0,0.543591,sentence-transformers/all-MiniLM-L6-v2,cosine,synthetic_by_construction,Complaints 1 and 2 come from distinct source complaint instances and represent different benchmark issues. The pair is intentionally kept within the candidate search space to create a hard negative.
V2N0296,synthetic_negative_different_category,342,421,Road Damage,Water Leakage,False,Damaged portion of road requires maintenance.,Water leakage is observed near the road.,283.203,1553.751,0,0.406162,sentence-transformers/all-MiniLM-L6-v2,cosine,synthetic_by_construction,Complaints 1 and 2 come from distinct source complaint instances and represent different benchmark issues. The pair is intentionally kept within the candidate search space to create a hard negative.
V2N0297,synthetic_negative_different_category,358,489,Waterlogging,Garbage Accumulation,False,Water is accumulated in the area.,Garbage has not been collected from the area.,266.933,1863.056,0,0.347313,sentence-transformers/all-MiniLM-L6-v2,cosine,synthetic_by_construction,Complaints 1 and 2 come from distinct source complaint instances and represent different benchmark issues. The pair is intentionally kept within the candidate search space to create a hard negative.
V2N0298,synthetic_negative_different_category,377,474,Pothole,Other,False,Deep pothole noticed on the road.,A municipal service-related issue has been reported.,270.791,1620.078,0,0.145054,sentence-transformers/all-MiniLM-L6-v2,cosine,synthetic_by_construction,Complaints 1 and 2 come from distinct source complaint instances and represent different benchmark issues. The pair is intentionally kept within the candidate search space to create a hard negative.
V2N0299,synthetic_negative_different_category,400,419,Streetlight,Garbage Accumulation,False,Streetlight is not working at night.,Garbage has not been collected from the area.,259.762,1716.985,0,0.19058,sentence-transformers/all-MiniLM-L6-v2,cosine,synthetic_by_construction,Complaints 1 and 2 come from distinct source complaint instances and represent different benchmark issues. The pair is intentionally kept within the candidate search space to create a hard negative.
V2N0300,synthetic_negative_different_category,429,450,Other,Garbage Accumulation,False,An issue with public infrastructure has been noticed.,Garbage has not been collected from the area.,261.623,1851.789,0,0.22775,sentence-transformers/all-MiniLM-L6-v2,cosine,synthetic_by_construction,Complaints 1 and 2 come from distinct source complaint instances and represent different benchmark issues. The pair is intentionally kept within the candidate search space to create a hard negative.
