benchmark_order,pair_id,pair_type,complaint_id_1,complaint_id_2,category_1,category_2,category_match,description_1,description_2,latitude_1,longitude_1,latitude_2,longitude_2,submitted_time_1,submitted_time_2,distance_meters,time_difference_hours,actual_duplicate,label_source,label_notes
1,DP0001,synthetic_positive,12,SYN_DUP_0012,Blocked Drain,Blocked Drain,True,Drain requires cleaning and maintenance.,The reported blocked drain problem is that Drain requires cleaning and maintenance.,18.711538,73.70901,18.712001979810548,73.7090876219797,2026-08-06T13:56:10+00:00,2026-08-07T10:27:47.493775146+00:00,52.236,20.527,1,synthetic_by_construction,Complaint 2 is a controlled synthetic variant of complaint 1 representing the same benchmark master issue.
2,DP0002,synthetic_positive,17,SYN_DUP_0017,Garbage Accumulation,Garbage Accumulation,True,Waste has been dumped near the road.,Waste has been left near the road.,18.721036,73.663815,18.72102058628786,73.6636240021989,2026-09-16T09:02:10+00:00,2026-09-18T10:04:54.388985296+00:00,20.187,49.046,1,synthetic_by_construction,Complaint 2 is a controlled synthetic variant of complaint 1 representing the same benchmark master issue.
3,DP0003,synthetic_positive,7,SYN_DUP_0007,Other,Other,True,An issue with public infrastructure has been noticed.,Residents report that An issue with public infrastructure has been noticed in this area.,18.735365,73.686964,18.73591596177792,73.68731770547754,2026-04-22T17:52:10+00:00,2026-04-24T00:49:33.217111555+00:00,71.698,30.956,1,synthetic_by_construction,Complaint 2 is a controlled synthetic variant of complaint 1 representing the same benchmark master issue.
4,DP0004,synthetic_positive,2,SYN_DUP_0002,Pothole,Pothole,True,Pothole is creating a safety problem for commuters.,The reported pothole problem is that Pothole is creating a safety problem for commuters.,18.711556,73.685263,18.711565321811754,73.68531229772742,2026-06-28T16:02:10+00:00,2026-06-30T04:54:58.811639219+00:00,5.294,36.88,1,synthetic_by_construction,Complaint 2 is a controlled synthetic variant of complaint 1 representing the same benchmark master issue.
5,DP0005,synthetic_positive,10,SYN_DUP_0010,Road Damage,Road Damage,True,Damaged portion of road requires maintenance.,Damaged portion of road requires maintenance.,18.735886,73.692573,18.735900330183924,73.69261843974795,2026-07-23T06:45:10+00:00,2026-07-25T05:53:40.462296446+00:00,5.043,47.142,1,synthetic_by_construction,Complaint 2 is a controlled synthetic variant of complaint 1 representing the same benchmark master issue.
6,DP0006,synthetic_positive,5,SYN_DUP_0005,Streetlight,Streetlight,True,Streetlight is not functioning.,Residents report that Streetlight has stopped working in this area.,18.718989,73.681604,18.71906366577646,73.68202357981666,2026-06-16T16:36:10+00:00,2026-06-18T11:26:26.308798682+00:00,44.96,42.838,1,synthetic_by_construction,Complaint 2 is a controlled synthetic variant of complaint 1 representing the same benchmark master issue.
7,DP0007,synthetic_positive,8,SYN_DUP_0008,Water Leakage,Water Leakage,True,Water is leaking from a pipeline.,The reported water leakage problem is that Water is leaking from a pipeline.,18.748939,73.700491,18.749526002435175,73.70051632625922,2026-08-15T10:01:10+00:00,2026-08-17T20:13:57.400768465+00:00,65.326,58.213,1,synthetic_by_construction,Complaint 2 is a controlled synthetic variant of complaint 1 representing the same benchmark master issue.
8,DP0008,synthetic_positive,1,SYN_DUP_0001,Waterlogging,Waterlogging,True,Standing water is causing difficulty for commuters.,Standing water is causing difficulty for commuters.,18.718913,73.695537,18.718638822284433,73.69599158085597,2026-07-03T11:23:10+00:00,2026-07-03T23:25:30.560151891+00:00,56.757,12.039,1,synthetic_by_construction,Complaint 2 is a controlled synthetic variant of complaint 1 representing the same benchmark master issue.
9,DP0009,synthetic_positive,13,SYN_DUP_0013,Blocked Drain,Blocked Drain,True,Waste has blocked the drainage system.,Residents report that Waste has blocked the drainage system in this area.,18.71345,73.681737,18.713092917733512,73.68236015968573,2026-05-25T18:02:10+00:00,2026-05-26T01:37:15.837567965+00:00,76.705,7.585,1,synthetic_by_construction,Complaint 2 is a controlled synthetic variant of complaint 1 representing the same benchmark master issue.
10,DP0010,synthetic_positive,22,SYN_DUP_0022,Garbage Accumulation,Garbage Accumulation,True,Garbage has accumulated near the roadside.,The reported garbage accumulation problem is that Garbage has accumulated near the roadside.,18.725686,73.692422,18.72574002107882,73.69234083356855,2026-07-08T09:35:10+00:00,2026-07-10T05:27:02.373617377+00:00,10.447,43.865,1,synthetic_by_construction,Complaint 2 is a controlled synthetic variant of complaint 1 representing the same benchmark master issue.
11,DP0011,synthetic_positive,21,SYN_DUP_0021,Other,Other,True,A municipal service-related issue has been reported.,A municipal service-related issue has been reported.,18.715538,73.705398,18.71546358803367,73.7047844015665,2026-08-03T09:05:10+00:00,2026-08-05T00:09:29.900175821+00:00,65.149,39.072,1,synthetic_by_construction,Complaint 2 is a controlled synthetic variant of complaint 1 representing the same benchmark master issue.
12,DP0012,synthetic_positive,3,SYN_DUP_0003,Pothole,Pothole,True,Large pothole causing difficulty for vehicles.,Residents report that Large pothole causing difficulty for vehicles in this area.,18.72155,73.681183,18.721043548813086,73.68169450665428,2026-04-03T08:07:10+00:00,2026-04-05T00:18:51.585353436+00:00,77.93,40.195,1,synthetic_by_construction,Complaint 2 is a controlled synthetic variant of complaint 1 representing the same benchmark master issue.
13,DP0013,synthetic_positive,11,SYN_DUP_0011,Road Damage,Road Damage,True,Damaged portion of road requires maintenance.,The reported road damage problem is that Damaged portion of road requires maintenance.,18.744647,73.672273,18.744204844330596,73.67184263360467,2026-06-20T01:20:10+00:00,2026-06-22T15:31:02.283719434+00:00,66.864,62.181,1,synthetic_by_construction,Complaint 2 is a controlled synthetic variant of complaint 1 representing the same benchmark master issue.
14,DP0014,synthetic_positive,45,SYN_DUP_0045,Streetlight,Streetlight,True,Streetlight is not working at night.,Streetlight has stopped working at night.,18.71092,73.676163,18.710799829186797,73.67573063377117,2026-05-08T03:56:10+00:00,2026-05-08T08:11:22.712462387+00:00,47.456,4.254,1,synthetic_by_construction,Complaint 2 is a controlled synthetic variant of complaint 1 representing the same benchmark master issue.
15,DP0015,synthetic_positive,15,SYN_DUP_0015,Water Leakage,Water Leakage,True,A water pipeline appears to be leaking.,Residents report that A water pipeline appears to be leaking in this area.,18.707491,73.689099,18.70744573221932,73.68928815735912,2026-07-09T09:38:10+00:00,2026-07-09T16:18:04.829301679+00:00,20.548,6.665,1,synthetic_by_construction,Complaint 2 is a controlled synthetic variant of complaint 1 representing the same benchmark master issue.
16,DP0016,synthetic_positive,4,SYN_DUP_0004,Waterlogging,Waterlogging,True,Water is accumulated in the area.,The reported waterlogging problem is that Water is accumulated in the area.,18.72176,73.674409,18.721911543552025,73.6745267993685,2026-08-02T05:13:10+00:00,2026-08-03T01:57:20.052954939+00:00,20.925,20.736,1,synthetic_by_construction,Complaint 2 is a controlled synthetic variant of complaint 1 representing the same benchmark master issue.
17,DP0017,synthetic_positive,19,SYN_DUP_0019,Blocked Drain,Blocked Drain,True,Waste has blocked the drainage system.,Waste has blocked the drainage system.,18.714201,73.702246,18.713892420054027,73.70261633971958,2026-06-08T13:23:10+00:00,2026-06-09T16:40:08.255195075+00:00,51.948,27.283,1,synthetic_by_construction,Complaint 2 is a controlled synthetic variant of complaint 1 representing the same benchmark master issue.
18,DP0018,synthetic_positive,30,SYN_DUP_0030,Garbage Accumulation,Garbage Accumulation,True,Garbage has accumulated near the roadside.,Residents report that Garbage has accumulated near the roadside in this area.,18.716238,73.682679,18.716219680475586,73.68285963249741,2026-07-24T23:29:10+00:00,2026-07-27T18:59:18.912619313+00:00,19.132,67.502,1,synthetic_by_construction,Complaint 2 is a controlled synthetic variant of complaint 1 representing the same benchmark master issue.
19,DP0019,synthetic_positive,23,SYN_DUP_0023,Other,Other,True,A municipal service-related issue has been reported.,The reported other problem is that A municipal service-related issue has been reported.,18.724337,73.696787,18.723968793754516,73.69646893027141,2026-04-11T04:35:10+00:00,2026-04-11T17:44:13.038479433+00:00,52.899,13.151,1,synthetic_by_construction,Complaint 2 is a controlled synthetic variant of complaint 1 representing the same benchmark master issue.
20,DP0020,synthetic_positive,26,SYN_DUP_0026,Pothole,Pothole,True,Deep pothole noticed on the road.,Deep pothole noticed on the road.,18.745232,73.679339,18.745507332371155,73.6798195646007,2026-05-11T09:20:10+00:00,2026-05-12T13:16:38.810913254+00:00,59.143,27.941,1,synthetic_by_construction,Complaint 2 is a controlled synthetic variant of complaint 1 representing the same benchmark master issue.
21,DP0021,synthetic_positive,14,SYN_DUP_0014,Road Damage,Road Damage,True,Damaged portion of road requires maintenance.,Residents report that Damaged portion of road requires maintenance in this area.,18.709432,73.68996,18.70897802425159,73.68938062356652,2026-09-13T00:24:10+00:00,2026-09-14T16:56:46.354508799+00:00,79.193,40.543,1,synthetic_by_construction,Complaint 2 is a controlled synthetic variant of complaint 1 representing the same benchmark master issue.
22,DP0022,synthetic_positive,48,SYN_DUP_0048,Streetlight,Streetlight,True,Streetlight is not working at night.,The reported streetlight problem is that Streetlight has stopped working at night.,18.74258,73.683168,18.7428560185575,73.68272640278458,2026-05-13T10:43:10+00:00,2026-05-15T18:48:55.577391220+00:00,55.715,56.096,1,synthetic_by_construction,Complaint 2 is a controlled synthetic variant of complaint 1 representing the same benchmark master issue.
23,DP0023,synthetic_positive,16,SYN_DUP_0016,Water Leakage,Water Leakage,True,A water pipeline appears to be leaking.,A water pipeline appears to be leaking.,18.706592,73.685354,18.706773828227504,73.68539325233861,2026-06-04T02:48:10+00:00,2026-06-05T02:11:59.799083901+00:00,20.637,23.397,1,synthetic_by_construction,Complaint 2 is a controlled synthetic variant of complaint 1 representing the same benchmark master issue.
24,DP0024,synthetic_positive,6,SYN_DUP_0006,Waterlogging,Waterlogging,True,Standing water is causing difficulty for commuters.,Residents report that Standing water is causing difficulty for commuters in this area.,18.707803,73.703354,18.707854546457853,73.70357152669621,2026-06-14T22:48:10+00:00,2026-06-17T18:44:57.722984039+00:00,23.616,67.947,1,synthetic_by_construction,Complaint 2 is a controlled synthetic variant of complaint 1 representing the same benchmark master issue.
25,DP0025,synthetic_positive,37,SYN_DUP_0037,Blocked Drain,Blocked Drain,True,Drain requires cleaning and maintenance.,The reported blocked drain problem is that Drain requires cleaning and maintenance.,18.704755,73.688437,18.704504447807413,73.68905168768504,2026-06-30T14:26:10+00:00,2026-07-02T13:58:20.122849371+00:00,70.48,47.536,1,synthetic_by_construction,Complaint 2 is a controlled synthetic variant of complaint 1 representing the same benchmark master issue.
26,DP0026,synthetic_positive,33,SYN_DUP_0033,Garbage Accumulation,Garbage Accumulation,True,Garbage has not been collected from the area.,Garbage has not been collected from the area.,18.715826,73.694564,18.71608460026552,73.69440147638996,2026-03-27T01:49:10+00:00,2026-03-28T11:23:52.533521339+00:00,33.464,33.578,1,synthetic_by_construction,Complaint 2 is a controlled synthetic variant of complaint 1 representing the same benchmark master issue.
27,DP0027,synthetic_positive,24,SYN_DUP_0024,Other,Other,True,A municipal service-related issue has been reported.,Residents report that A municipal service-related issue has been reported in this area.,18.727831,73.659978,18.727835458109766,73.660200116066,2026-07-25T12:51:10+00:00,2026-07-27T05:42:35.695092101+00:00,23.396,40.857,1,synthetic_by_construction,Complaint 2 is a controlled synthetic variant of complaint 1 representing the same benchmark master issue.
28,DP0028,synthetic_positive,27,SYN_DUP_0027,Pothole,Pothole,True,Large pothole causing difficulty for vehicles.,The reported pothole problem is that Large pothole causing difficulty for vehicles.,18.732264,73.671243,18.732083895724944,73.6711311957049,2026-08-12T16:50:10+00:00,2026-08-15T09:34:53.529048793+00:00,23.231,64.745,1,synthetic_by_construction,Complaint 2 is a controlled synthetic variant of complaint 1 representing the same benchmark master issue.
29,DP0029,synthetic_positive,18,SYN_DUP_0018,Road Damage,Road Damage,True,Damaged portion of road requires maintenance.,Damaged portion of road requires maintenance.,18.724494,73.67242,18.724552152685288,73.67273458319696,2026-07-31T19:11:10+00:00,2026-08-03T19:00:40.612220150+00:00,33.754,71.825,1,synthetic_by_construction,Complaint 2 is a controlled synthetic variant of complaint 1 representing the same benchmark master issue.
30,DP0030,synthetic_positive,49,SYN_DUP_0049,Streetlight,Streetlight,True,Streetlight requires repair.,Residents report that Streetlight requires repair in this area.,18.724511,73.699869,18.72483052047424,73.70008581986951,2026-05-10T13:53:10+00:00,2026-05-10T18:13:52.945558562+00:00,42.234,4.345,1,synthetic_by_construction,Complaint 2 is a controlled synthetic variant of complaint 1 representing the same benchmark master issue.
31,DP0031,synthetic_positive,28,SYN_DUP_0028,Water Leakage,Water Leakage,True,A water pipeline appears to be leaking.,The reported water leakage problem is that A water pipeline appears to be leaking.,18.721486,73.663696,18.721414359106923,73.6636179952342,2026-04-17T08:00:10+00:00,2026-04-19T17:14:25.485531173+00:00,11.443,57.238,1,synthetic_by_construction,Complaint 2 is a controlled synthetic variant of complaint 1 representing the same benchmark master issue.
32,DP0032,synthetic_positive,9,SYN_DUP_0009,Waterlogging,Waterlogging,True,Rainwater has accumulated on the road.,Rainwater has accumulated on the road.,18.738355,73.677477,18.738649214298945,73.6776080453316,2026-08-24T15:44:10+00:00,2026-08-25T19:49:51.889631070+00:00,35.506,28.095,1,synthetic_by_construction,Complaint 2 is a controlled synthetic variant of complaint 1 representing the same benchmark master issue.
33,DP0033,synthetic_positive,39,SYN_DUP_0039,Blocked Drain,Blocked Drain,True,Drain is blocked and water is not flowing.,Residents report that Drain is blocked and water is not flowing in this area.,18.74141,73.68025,18.74070518807338,73.68011230991864,2026-04-21T15:28:10+00:00,2026-04-24T13:24:57.633318040+00:00,79.701,69.947,1,synthetic_by_construction,Complaint 2 is a controlled synthetic variant of complaint 1 representing the same benchmark master issue.
34,DP0034,synthetic_positive,38,SYN_DUP_0038,Garbage Accumulation,Garbage Accumulation,True,Waste has been dumped near the road.,The reported garbage accumulation problem is that Waste has been left near the road.,18.743202,73.701678,18.743823429929297,73.70172542107575,2026-09-21T14:57:10+00:00,2026-09-23T19:07:26.497028465+00:00,69.28,52.171,1,synthetic_by_construction,Complaint 2 is a controlled synthetic variant of complaint 1 representing the same benchmark master issue.
35,DP0035,synthetic_positive,35,SYN_DUP_0035,Other,Other,True,A municipal service-related issue has been reported.,A municipal service-related issue has been reported.,18.740285,73.668394,18.739799354898118,73.66827268330638,2026-04-08T07:25:10+00:00,2026-04-09T03:21:50.518551869+00:00,55.492,19.945,1,synthetic_by_construction,Complaint 2 is a controlled synthetic variant of complaint 1 representing the same benchmark master issue.
36,DP0036,synthetic_positive,32,SYN_DUP_0032,Pothole,Pothole,True,Pothole is creating a safety problem for commuters.,Residents report that Pothole is creating a safety problem for commuters in this area.,18.723272,73.689378,18.723631837650714,73.68969860960716,2026-03-28T14:43:10+00:00,2026-03-29T22:35:15.998071023+00:00,52.354,31.868,1,synthetic_by_construction,Complaint 2 is a controlled synthetic variant of complaint 1 representing the same benchmark master issue.
37,DP0037,synthetic_positive,25,SYN_DUP_0025,Road Damage,Road Damage,True,Road surface is damaged and needs repair.,The reported road damage problem is that Road surface is damaged and needs repair.,18.714425,73.700506,18.71475190923154,73.70040293164709,2026-06-23T23:29:10+00:00,2026-06-26T14:40:18.011560666+00:00,37.937,63.186,1,synthetic_by_construction,Complaint 2 is a controlled synthetic variant of complaint 1 representing the same benchmark master issue.
38,DP0038,synthetic_positive,57,SYN_DUP_0057,Streetlight,Streetlight,True,Streetlight requires repair.,Streetlight requires repair.,18.725632,73.671015,18.7254226307442,73.67101418586665,2026-09-18T02:13:10+00:00,2026-09-18T15:54:13.420663501+00:00,23.281,13.684,1,synthetic_by_construction,Complaint 2 is a controlled synthetic variant of complaint 1 representing the same benchmark master issue.
39,DP0039,synthetic_positive,29,SYN_DUP_0029,Water Leakage,Water Leakage,True,A water pipeline appears to be leaking.,Residents report that A water pipeline appears to be leaking in this area.,18.749032,73.701772,18.749484647800717,73.70126627973612,2026-05-21T01:19:10+00:00,2026-05-21T23:30:32.488694270+00:00,73.272,22.19,1,synthetic_by_construction,Complaint 2 is a controlled synthetic variant of complaint 1 representing the same benchmark master issue.
40,DP0040,synthetic_positive,20,SYN_DUP_0020,Waterlogging,Waterlogging,True,Standing water is causing difficulty for commuters.,The reported waterlogging problem is that Standing water is causing difficulty for commuters.,18.742849,73.675648,18.742485363348727,73.67533449031389,2026-05-15T20:10:10+00:00,2026-05-16T08:01:15.717041286+00:00,52.199,11.852,1,synthetic_by_construction,Complaint 2 is a controlled synthetic variant of complaint 1 representing the same benchmark master issue.
41,DP0041,synthetic_positive,54,SYN_DUP_0054,Blocked Drain,Blocked Drain,True,Drain is blocked and water is not flowing.,Drain is blocked and water is not flowing.,18.746327,73.681773,18.745788900634494,73.68162946056717,2026-05-05T14:37:10+00:00,2026-05-07T22:54:06.927937970+00:00,61.713,56.282,1,synthetic_by_construction,Complaint 2 is a controlled synthetic variant of complaint 1 representing the same benchmark master issue.
42,DP0042,synthetic_positive,41,SYN_DUP_0041,Garbage Accumulation,Garbage Accumulation,True,Waste has been dumped near the road.,Residents report that Waste has been left near the road in this area.,18.704513,73.690248,18.704907235160437,73.69024949561367,2026-04-25T18:25:10+00:00,2026-04-26T18:26:04.288170394+00:00,43.837,24.015,1,synthetic_by_construction,Complaint 2 is a controlled synthetic variant of complaint 1 representing the same benchmark master issue.
43,DP0043,synthetic_positive,51,SYN_DUP_0051,Other,Other,True,A municipal service-related issue has been reported.,The reported other problem is that A municipal service-related issue has been reported.,18.69997,73.710779,18.700006517337098,73.7107605911592,2026-09-16T23:11:10+00:00,2026-09-19T14:34:31.311971605+00:00,4.5,63.389,1,synthetic_by_construction,Complaint 2 is a controlled synthetic variant of complaint 1 representing the same benchmark master issue.
44,DP0044,synthetic_positive,40,SYN_DUP_0040,Pothole,Pothole,True,Pothole is creating a safety problem for commuters.,Pothole is creating a safety problem for commuters.,18.745703,73.710214,18.745489843700636,73.7108095413482,2026-04-20T21:50:10+00:00,2026-04-21T02:56:55.672555914+00:00,67.038,5.113,1,synthetic_by_construction,Complaint 2 is a controlled synthetic variant of complaint 1 representing the same benchmark master issue.
45,DP0045,synthetic_positive,31,SYN_DUP_0031,Road Damage,Road Damage,True,Damaged portion of road requires maintenance.,Residents report that Damaged portion of road requires maintenance in this area.,18.736814,73.691387,18.737414031757485,73.69116761497786,2026-05-04T06:10:10+00:00,2026-05-04T13:15:03.022348549+00:00,70.607,7.081,1,synthetic_by_construction,Complaint 2 is a controlled synthetic variant of complaint 1 representing the same benchmark master issue.
46,DP0046,synthetic_positive,79,SYN_DUP_0079,Streetlight,Streetlight,True,Streetlight is not functioning.,The reported streetlight problem is that Streetlight has stopped working.,18.732956,73.693157,18.733285681970468,73.69331871550011,2026-06-29T04:54:10+00:00,2026-07-01T11:54:19.913439748+00:00,40.421,55.003,1,synthetic_by_construction,Complaint 2 is a controlled synthetic variant of complaint 1 representing the same benchmark master issue.
47,DP0047,synthetic_positive,47,SYN_DUP_0047,Water Leakage,Water Leakage,True,Water leakage is observed near the road.,Water leakage is observed near the road.,18.711668,73.677248,18.712053586429853,73.67767283454805,2026-08-02T22:40:10+00:00,2026-08-04T09:24:52.175842035+00:00,61.969,34.745,1,synthetic_by_construction,Complaint 2 is a controlled synthetic variant of complaint 1 representing the same benchmark master issue.
48,DP0048,synthetic_positive,43,SYN_DUP_0043,Waterlogging,Waterlogging,True,Standing water is causing difficulty for commuters.,Residents report that Standing water is causing difficulty for commuters in this area.,18.721757,73.689021,18.7217184870241,73.68944955896188,2026-08-20T17:17:10+00:00,2026-08-23T08:13:43.885301391+00:00,45.335,62.943,1,synthetic_by_construction,Complaint 2 is a controlled synthetic variant of complaint 1 representing the same benchmark master issue.
49,DP0049,synthetic_positive,60,SYN_DUP_0060,Blocked Drain,Blocked Drain,True,Drain requires cleaning and maintenance.,The reported blocked drain problem is that Drain requires cleaning and maintenance.,18.747178,73.699928,18.747254072225786,73.70025623346432,2026-08-26T00:24:10+00:00,2026-08-27T15:41:34.080292029+00:00,35.582,39.29,1,synthetic_by_construction,Complaint 2 is a controlled synthetic variant of complaint 1 representing the same benchmark master issue.
50,DP0050,synthetic_positive,44,SYN_DUP_0044,Garbage Accumulation,Garbage Accumulation,True,Garbage has accumulated near the roadside.,Garbage has accumulated near the roadside.,18.729336,73.678047,18.729496866597025,73.6785829378542,2026-05-22T20:38:10+00:00,2026-05-23T19:46:04.684056508+00:00,59.205,23.132,1,synthetic_by_construction,Complaint 2 is a controlled synthetic variant of complaint 1 representing the same benchmark master issue.
51,DP0051,synthetic_positive,58,SYN_DUP_0058,Other,Other,True,A municipal service-related issue has been reported.,Residents report that A municipal service-related issue has been reported in this area.,18.724645,73.682854,18.724223644211143,73.68224262845413,2026-08-12T04:51:10+00:00,2026-08-13T12:57:28.381448547+00:00,79.627,32.105,1,synthetic_by_construction,Complaint 2 is a controlled synthetic variant of complaint 1 representing the same benchmark master issue.
52,DP0052,synthetic_positive,42,SYN_DUP_0042,Pothole,Pothole,True,Large pothole causing difficulty for vehicles.,The reported pothole problem is that Large pothole causing difficulty for vehicles.,18.728986,73.669021,18.729265266592357,73.6693014340354,2026-08-10T08:17:10+00:00,2026-08-11T01:14:22.639345266+00:00,42.853,16.954,1,synthetic_by_construction,Complaint 2 is a controlled synthetic variant of complaint 1 representing the same benchmark master issue.
53,DP0053,synthetic_positive,34,SYN_DUP_0034,Road Damage,Road Damage,True,Road surface is damaged and needs repair.,Road surface is damaged and needs repair.,18.731321,73.660842,18.731099074852736,73.66069675518169,2026-07-01T08:55:10+00:00,2026-07-02T02:15:27.325651685+00:00,29.033,17.338,1,synthetic_by_construction,Complaint 2 is a controlled synthetic variant of complaint 1 representing the same benchmark master issue.
54,DP0054,synthetic_positive,81,SYN_DUP_0081,Streetlight,Streetlight,True,Streetlight requires repair.,Residents report that Streetlight requires repair in this area.,18.747218,73.690957,18.747379914092598,73.6910387667266,2026-04-29T02:45:10+00:00,2026-05-01T00:33:39.915878237+00:00,19.957,45.808,1,synthetic_by_construction,Complaint 2 is a controlled synthetic variant of complaint 1 representing the same benchmark master issue.
55,DP0055,synthetic_positive,66,SYN_DUP_0066,Water Leakage,Water Leakage,True,Water leakage is observed near the road.,The reported water leakage problem is that Water leakage is observed near the road.,18.717839,73.68523,18.71799271192139,73.68512032896969,2026-06-10T13:48:10+00:00,2026-06-13T03:50:12.808304857+00:00,20.629,62.034,1,synthetic_by_construction,Complaint 2 is a controlled synthetic variant of complaint 1 representing the same benchmark master issue.
56,DP0056,synthetic_positive,46,SYN_DUP_0046,Waterlogging,Waterlogging,True,Standing water is causing difficulty for commuters.,Standing water is causing difficulty for commuters.,18.71374,73.698561,18.713745726152798,73.69864106358075,2026-06-15T08:37:10+00:00,2026-06-17T09:07:00.720132529+00:00,8.456,48.497,1,synthetic_by_construction,Complaint 2 is a controlled synthetic variant of complaint 1 representing the same benchmark master issue.
57,DP0057,synthetic_positive,73,SYN_DUP_0073,Blocked Drain,Blocked Drain,True,Drain requires cleaning and maintenance.,Residents report that Drain requires cleaning and maintenance in this area.,18.740532,73.681583,18.740650155099157,73.68171979521337,2026-03-27T11:02:10+00:00,2026-03-30T06:27:27.439892419+00:00,19.496,67.422,1,synthetic_by_construction,Complaint 2 is a controlled synthetic variant of complaint 1 representing the same benchmark master issue.
58,DP0058,synthetic_positive,64,SYN_DUP_0064,Garbage Accumulation,Garbage Accumulation,True,Garbage has accumulated near the roadside.,The reported garbage accumulation problem is that Garbage has accumulated near the roadside.,18.71135,73.704399,18.710933798010412,73.70447520581733,2026-06-27T11:15:10+00:00,2026-06-29T19:57:38.724848716+00:00,46.97,56.708,1,synthetic_by_construction,Complaint 2 is a controlled synthetic variant of complaint 1 representing the same benchmark master issue.
59,DP0059,synthetic_positive,68,SYN_DUP_0068,Other,Other,True,A municipal issue has been reported.,A municipal issue has been reported.,18.742112,73.671598,18.742326373030114,73.67217409316079,2026-04-25T17:35:10+00:00,2026-04-26T01:28:05.516116887+00:00,65.177,7.882,1,synthetic_by_construction,Complaint 2 is a controlled synthetic variant of complaint 1 representing the same benchmark master issue.
60,DP0060,synthetic_positive,50,SYN_DUP_0050,Pothole,Pothole,True,Pothole is creating a safety problem for commuters.,Residents report that Pothole is creating a safety problem for commuters in this area.,18.729984,73.701845,18.729695332649328,73.70200375278479,2026-07-17T13:51:10+00:00,2026-07-19T00:00:41.505150174+00:00,36.191,34.159,1,synthetic_by_construction,Complaint 2 is a controlled synthetic variant of complaint 1 representing the same benchmark master issue.
61,DP0061,synthetic_positive,36,SYN_DUP_0036,Road Damage,Road Damage,True,Damaged portion of road requires maintenance.,The reported road damage problem is that Damaged portion of road requires maintenance.,18.73499,73.696539,18.734743689201864,73.69604125224487,2026-05-27T03:52:10+00:00,2026-05-30T02:44:42.628025140+00:00,59.139,70.876,1,synthetic_by_construction,Complaint 2 is a controlled synthetic variant of complaint 1 representing the same benchmark master issue.
62,DP0062,synthetic_positive,85,SYN_DUP_0085,Streetlight,Streetlight,True,Streetlight is not functioning.,Streetlight has stopped working.,18.733553,73.681752,18.733475126264043,73.68180969871256,2026-05-30T08:50:10+00:00,2026-05-31T09:55:35.745938952+00:00,10.578,25.09,1,synthetic_by_construction,Complaint 2 is a controlled synthetic variant of complaint 1 representing the same benchmark master issue.
63,DP0063,synthetic_positive,67,SYN_DUP_0067,Water Leakage,Water Leakage,True,Water is leaking from a pipeline.,Residents report that Water is leaking from a pipeline in this area.,18.704701,73.700546,18.704706265261542,73.70120442159916,2026-07-27T17:50:10+00:00,2026-07-28T08:20:27.396997471+00:00,69.349,14.505,1,synthetic_by_construction,Complaint 2 is a controlled synthetic variant of complaint 1 representing the same benchmark master issue.
64,DP0064,synthetic_positive,52,SYN_DUP_0052,Waterlogging,Waterlogging,True,Rainwater has accumulated on the road.,The reported waterlogging problem is that Rainwater has accumulated on the road.,18.739938,73.682166,18.73964022631729,73.68233405663729,2026-07-30T13:52:10+00:00,2026-07-31T10:38:46.138976869+00:00,37.543,20.777,1,synthetic_by_construction,Complaint 2 is a controlled synthetic variant of complaint 1 representing the same benchmark master issue.
65,DP0065,synthetic_positive,86,SYN_DUP_0086,Blocked Drain,Blocked Drain,True,Drain is blocked and water is not flowing.,Drain is blocked and water is not flowing.,18.723963,73.698702,18.724140170278897,73.6986041003558,2026-08-10T14:35:10+00:00,2026-08-11T23:02:54.218435663+00:00,22.235,32.462,1,synthetic_by_construction,Complaint 2 is a controlled synthetic variant of complaint 1 representing the same benchmark master issue.
66,DP0066,synthetic_positive,71,SYN_DUP_0071,Garbage Accumulation,Garbage Accumulation,True,Garbage has accumulated near the roadside.,Residents report that Garbage has accumulated near the roadside in this area.,18.72379,73.69997,18.723197463936938,73.69976530014888,2026-09-01T23:34:10+00:00,2026-09-02T04:09:40.377026559+00:00,69.324,4.592,1,synthetic_by_construction,Complaint 2 is a controlled synthetic variant of complaint 1 representing the same benchmark master issue.
67,DP0067,synthetic_positive,77,SYN_DUP_0077,Other,Other,True,An issue with public infrastructure has been noticed.,The reported other problem is that An issue with public infrastructure has been noticed.,18.72682,73.695278,18.727189968510572,73.69462707657429,2026-06-05T05:28:10+00:00,2026-06-08T03:16:05.443361982+00:00,79.945,69.799,1,synthetic_by_construction,Complaint 2 is a controlled synthetic variant of complaint 1 representing the same benchmark master issue.
68,DP0068,synthetic_positive,55,SYN_DUP_0055,Pothole,Pothole,True,Deep pothole noticed on the road.,Deep pothole noticed on the road.,18.74256,73.689952,18.74294847068621,73.68937753335025,2026-05-08T09:14:10+00:00,2026-05-08T22:02:39.119870360+00:00,74.33,12.808,1,synthetic_by_construction,Complaint 2 is a controlled synthetic variant of complaint 1 representing the same benchmark master issue.
69,DP0069,synthetic_positive,53,SYN_DUP_0053,Road Damage,Road Damage,True,Road surface is damaged and needs repair.,Residents report that Road surface is damaged and needs repair in this area.,18.738965,73.698919,18.739047034020924,73.69929270083126,2026-08-18T07:50:10+00:00,2026-08-19T13:18:35.898775640+00:00,40.394,29.474,1,synthetic_by_construction,Complaint 2 is a controlled synthetic variant of complaint 1 representing the same benchmark master issue.
70,DP0070,synthetic_positive,89,SYN_DUP_0089,Streetlight,Streetlight,True,Streetlight is not working at night.,The reported streetlight problem is that Streetlight has stopped working at night.,18.750156,73.712589,18.750107033379624,73.71263819152247,2026-03-28T21:18:10+00:00,2026-03-31T20:15:34.940470097+00:00,7.515,70.957,1,synthetic_by_construction,Complaint 2 is a controlled synthetic variant of complaint 1 representing the same benchmark master issue.
71,DP0071,synthetic_positive,69,SYN_DUP_0069,Water Leakage,Water Leakage,True,A water pipeline appears to be leaking.,A water pipeline appears to be leaking.,18.728124,73.666805,18.728168745693374,73.66658767413897,2026-04-17T04:38:10+00:00,2026-04-18T13:56:30.138691885+00:00,23.421,33.306,1,synthetic_by_construction,Complaint 2 is a controlled synthetic variant of complaint 1 representing the same benchmark master issue.
72,DP0072,synthetic_positive,59,SYN_DUP_0059,Waterlogging,Waterlogging,True,Standing water is causing difficulty for commuters.,Residents report that Standing water is causing difficulty for commuters in this area.,18.746221,73.675831,18.7465294677652,73.67574148405461,2026-06-12T11:55:10+00:00,2026-06-15T11:35:40.039434337+00:00,35.572,71.675,1,synthetic_by_construction,Complaint 2 is a controlled synthetic variant of complaint 1 representing the same benchmark master issue.
73,DP0073,synthetic_positive,88,SYN_DUP_0088,Blocked Drain,Blocked Drain,True,Drain requires cleaning and maintenance.,The reported blocked drain problem is that Drain requires cleaning and maintenance.,18.744799,73.695336,18.744717787543223,73.69490963530711,2026-08-13T12:07:10+00:00,2026-08-14T00:06:36.068540050+00:00,45.794,11.991,1,synthetic_by_construction,Complaint 2 is a controlled synthetic variant of complaint 1 representing the same benchmark master issue.
74,DP0074,synthetic_positive,75,SYN_DUP_0075,Garbage Accumulation,Garbage Accumulation,True,Garbage has not been collected from the area.,Garbage has not been collected from the area.,18.703196,73.688815,18.703423965265944,73.68876706293825,2026-09-20T07:40:10+00:00,2026-09-22T01:47:28.482332635+00:00,25.847,42.122,1,synthetic_by_construction,Complaint 2 is a controlled synthetic variant of complaint 1 representing the same benchmark master issue.
75,DP0075,synthetic_positive,78,SYN_DUP_0078,Other,Other,True,A municipal issue has been reported.,Residents report that A municipal issue has been reported in this area.,18.733245,73.663524,18.733239881158955,73.66309908457389,2026-07-19T23:31:10+00:00,2026-07-20T04:34:41.443755152+00:00,44.749,5.059,1,synthetic_by_construction,Complaint 2 is a controlled synthetic variant of complaint 1 representing the same benchmark master issue.
76,DP0076,synthetic_positive,65,SYN_DUP_0065,Pothole,Pothole,True,Deep pothole noticed on the road.,The reported pothole problem is that Deep pothole noticed on the road.,18.702321,73.692826,18.701889559633297,73.69281784150894,2026-06-01T21:31:10+00:00,2026-06-04T11:03:45.204407541+00:00,47.982,61.543,1,synthetic_by_construction,Complaint 2 is a controlled synthetic variant of complaint 1 representing the same benchmark master issue.
77,DP0077,synthetic_positive,56,SYN_DUP_0056,Road Damage,Road Damage,True,Damaged portion of road requires maintenance.,Damaged portion of road requires maintenance.,18.730533,73.674342,18.730664889598692,73.67430696836696,2026-08-11T14:16:10+00:00,2026-08-11T20:57:26.490515494+00:00,15.122,6.688,1,synthetic_by_construction,Complaint 2 is a controlled synthetic variant of complaint 1 representing the same benchmark master issue.
78,DP0078,synthetic_positive,95,SYN_DUP_0095,Streetlight,Streetlight,True,Streetlight requires repair.,Residents report that Streetlight requires repair in this area.,18.7425,73.673887,18.742371276537458,73.67379457712954,2026-07-01T13:59:10+00:00,2026-07-03T14:55:34.328701205+00:00,17.309,48.94,1,synthetic_by_construction,Complaint 2 is a controlled synthetic variant of complaint 1 representing the same benchmark master issue.
79,DP0079,synthetic_positive,74,SYN_DUP_0074,Water Leakage,Water Leakage,True,Water leakage is observed near the road.,The reported water leakage problem is that Water leakage is observed near the road.,18.724026,73.679415,18.72416448949725,73.67955212181904,2026-06-06T15:34:10+00:00,2026-06-09T07:46:47.437491484+00:00,21.111,64.21,1,synthetic_by_construction,Complaint 2 is a controlled synthetic variant of complaint 1 representing the same benchmark master issue.
80,DP0080,synthetic_positive,62,SYN_DUP_0062,Waterlogging,Waterlogging,True,Water is accumulated in the area.,Water is accumulated in the area.,18.733725,73.677143,18.73356133494853,73.67702631278887,2026-09-19T00:20:10+00:00,2026-09-20T21:18:43.914040885+00:00,21.959,44.976,1,synthetic_by_construction,Complaint 2 is a controlled synthetic variant of complaint 1 representing the same benchmark master issue.
81,DP0081,synthetic_positive,102,SYN_DUP_0102,Blocked Drain,Blocked Drain,True,Drain is blocked and water is not flowing.,Residents report that Drain is blocked and water is not flowing in this area.,18.724277,73.701108,18.72400256289157,73.7009398752905,2026-05-19T02:29:10+00:00,2026-05-20T16:36:13.262089968+00:00,35.28,38.118,1,synthetic_by_construction,Complaint 2 is a controlled synthetic variant of complaint 1 representing the same benchmark master issue.
82,DP0082,synthetic_positive,90,SYN_DUP_0090,Garbage Accumulation,Garbage Accumulation,True,Waste has been dumped near the road.,The reported garbage accumulation problem is that Waste has been left near the road.,18.715866,73.708556,18.716057119414764,73.70923868810708,2026-07-16T23:38:10+00:00,2026-07-19T03:29:08.624281774+00:00,74.972,51.85,1,synthetic_by_construction,Complaint 2 is a controlled synthetic variant of complaint 1 representing the same benchmark master issue.
83,DP0083,synthetic_positive,83,SYN_DUP_0083,Other,Other,True,An issue with public infrastructure has been noticed.,An issue with public infrastructure has been noticed.,18.722392,73.671198,18.722239501378134,73.67132163053712,2026-06-22T16:12:10+00:00,2026-06-24T16:53:34.020988568+00:00,21.379,48.69,1,synthetic_by_construction,Complaint 2 is a controlled synthetic variant of complaint 1 representing the same benchmark master issue.
84,DP0084,synthetic_positive,70,SYN_DUP_0070,Pothole,Pothole,True,Pothole is creating a safety problem for commuters.,Residents report that Pothole is creating a safety problem for commuters in this area.,18.744199,73.702924,18.744104190312306,73.70315074687221,2026-07-01T07:14:10+00:00,2026-07-03T13:37:06.564261121+00:00,26.1,54.382,1,synthetic_by_construction,Complaint 2 is a controlled synthetic variant of complaint 1 representing the same benchmark master issue.
85,DP0085,synthetic_positive,61,SYN_DUP_0061,Road Damage,Road Damage,True,Damaged portion of road requires maintenance.,The reported road damage problem is that Damaged portion of road requires maintenance.,18.739684,73.681993,18.739609422881895,73.6820141268701,2026-09-13T08:43:10+00:00,2026-09-16T08:36:34.955082395+00:00,8.586,71.89,1,synthetic_by_construction,Complaint 2 is a controlled synthetic variant of complaint 1 representing the same benchmark master issue.
86,DP0086,synthetic_positive,100,SYN_DUP_0100,Streetlight,Streetlight,True,Streetlight requires repair.,Streetlight requires repair.,18.721975,73.698412,18.7226171504652,73.69874818991188,2026-09-08T05:48:10+00:00,2026-09-08T21:56:12.242215455+00:00,79.699,16.134,1,synthetic_by_construction,Complaint 2 is a controlled synthetic variant of complaint 1 representing the same benchmark master issue.
87,DP0087,synthetic_positive,93,SYN_DUP_0093,Water Leakage,Water Leakage,True,A water pipeline appears to be leaking.,Residents report that A water pipeline appears to be leaking in this area.,18.746709,73.693052,18.746901375687234,73.69296143720749,2026-05-03T17:02:10+00:00,2026-05-06T08:34:38.882794253+00:00,23.42,63.541,1,synthetic_by_construction,Complaint 2 is a controlled synthetic variant of complaint 1 representing the same benchmark master issue.
88,DP0088,synthetic_positive,63,SYN_DUP_0063,Waterlogging,Waterlogging,True,Standing water is causing difficulty for commuters.,The reported waterlogging problem is that Standing water is causing difficulty for commuters.,18.731818,73.6685,18.73138410676696,73.66899080638092,2026-06-11T09:59:10+00:00,2026-06-11T22:11:10.090350508+00:00,70.704,12.2,1,synthetic_by_construction,Complaint 2 is a controlled synthetic variant of complaint 1 representing the same benchmark master issue.
89,DP0089,synthetic_positive,112,SYN_DUP_0112,Blocked Drain,Blocked Drain,True,Drain requires cleaning and maintenance.,Drain requires cleaning and maintenance.,18.727578,73.664462,18.727404080710702,73.66385088234807,2026-09-11T07:10:10+00:00,2026-09-13T03:35:54.836919552+00:00,67.198,44.429,1,synthetic_by_construction,Complaint 2 is a controlled synthetic variant of complaint 1 representing the same benchmark master issue.
90,DP0090,synthetic_positive,94,SYN_DUP_0094,Garbage Accumulation,Garbage Accumulation,True,Waste has been dumped near the road.,Residents report that Waste has been left near the road in this area.,18.705952,73.713198,18.705548802267863,73.7125802106576,2026-04-17T07:46:10+00:00,2026-04-17T09:19:29.586188091+00:00,79.017,1.555,1,synthetic_by_construction,Complaint 2 is a controlled synthetic variant of complaint 1 representing the same benchmark master issue.
91,DP0091,synthetic_positive,101,SYN_DUP_0101,Other,Other,True,A municipal issue has been reported.,The reported other problem is that A municipal issue has been reported.,18.72554,73.680751,18.72535901497935,73.68134705349658,2026-08-08T07:13:10+00:00,2026-08-10T07:19:12.155545329+00:00,65.917,48.101,1,synthetic_by_construction,Complaint 2 is a controlled synthetic variant of complaint 1 representing the same benchmark master issue.
92,DP0092,synthetic_positive,76,SYN_DUP_0076,Pothole,Pothole,True,Pothole is creating a safety problem for commuters.,Pothole is creating a safety problem for commuters.,18.735849,73.666246,18.73629907701478,73.66678026215057,2026-09-12T23:28:10+00:00,2026-09-13T08:39:53.568159122+00:00,75.298,9.195,1,synthetic_by_construction,Complaint 2 is a controlled synthetic variant of complaint 1 representing the same benchmark master issue.
93,DP0093,synthetic_positive,80,SYN_DUP_0080,Road Damage,Road Damage,True,Road surface is damaged and needs repair.,Residents report that Road surface is damaged and needs repair in this area.,18.733849,73.677797,18.733753500968856,73.67776196116999,2026-08-21T11:35:10+00:00,2026-08-22T07:55:22.203067667+00:00,11.242,20.337,1,synthetic_by_construction,Complaint 2 is a controlled synthetic variant of complaint 1 representing the same benchmark master issue.
94,DP0094,synthetic_positive,119,SYN_DUP_0119,Streetlight,Streetlight,True,Streetlight is not functioning.,The reported streetlight problem is that Streetlight has stopped working.,18.709212,73.685721,18.70912190298017,73.68526003005745,2026-06-23T15:34:10+00:00,2026-06-24T07:01:29.473030896+00:00,49.572,15.455,1,synthetic_by_construction,Complaint 2 is a controlled synthetic variant of complaint 1 representing the same benchmark master issue.
95,DP0095,synthetic_positive,103,SYN_DUP_0103,Water Leakage,Water Leakage,True,Water is leaking from a pipeline.,Water is leaking from a pipeline.,18.711014,73.694151,18.710973092917474,73.69464128944486,2026-08-23T06:33:10+00:00,2026-08-24T18:14:18.741409380+00:00,51.836,35.686,1,synthetic_by_construction,Complaint 2 is a controlled synthetic variant of complaint 1 representing the same benchmark master issue.
96,DP0096,synthetic_positive,72,SYN_DUP_0072,Waterlogging,Waterlogging,True,Standing water is causing difficulty for commuters.,Residents report that Standing water is causing difficulty for commuters in this area.,18.731674,73.699532,18.73204529080032,73.6989636246189,2026-08-15T14:37:10+00:00,2026-08-15T22:10:21.488347374+00:00,72.711,7.553,1,synthetic_by_construction,Complaint 2 is a controlled synthetic variant of complaint 1 representing the same benchmark master issue.
97,DP0097,synthetic_positive,113,SYN_DUP_0113,Blocked Drain,Blocked Drain,True,Waste has blocked the drainage system.,The reported blocked drain problem is that Waste has blocked the drainage system.,18.741849,73.687401,18.741795557669562,73.68773448942156,2026-08-19T05:33:10+00:00,2026-08-19T06:48:16.278130837+00:00,35.615,1.252,1,synthetic_by_construction,Complaint 2 is a controlled synthetic variant of complaint 1 representing the same benchmark master issue.
98,DP0098,synthetic_positive,98,SYN_DUP_0098,Garbage Accumulation,Garbage Accumulation,True,Garbage has accumulated near the roadside.,Garbage has accumulated near the roadside.,18.747353,73.705085,18.746987648890688,73.70463547763859,2026-09-19T02:50:10+00:00,2026-09-19T22:26:05.765078219+00:00,62.376,19.599,1,synthetic_by_construction,Complaint 2 is a controlled synthetic variant of complaint 1 representing the same benchmark master issue.
99,DP0099,synthetic_positive,129,SYN_DUP_0129,Other,Other,True,A municipal service-related issue has been reported.,Residents report that A municipal service-related issue has been reported in this area.,18.730024,73.673977,18.729511968343434,73.67379499441978,2026-09-08T08:06:10+00:00,2026-09-09T15:28:06.776491461+00:00,60.075,31.366,1,synthetic_by_construction,Complaint 2 is a controlled synthetic variant of complaint 1 representing the same benchmark master issue.
100,DP0100,synthetic_positive,84,SYN_DUP_0084,Pothole,Pothole,True,Pothole is creating a safety problem for commuters.,The reported pothole problem is that Pothole is creating a safety problem for commuters.,18.733102,73.692631,18.733131981806984,73.69264719218693,2026-08-23T12:36:10+00:00,2026-08-26T04:18:11.994127516+00:00,3.745,63.701,1,synthetic_by_construction,Complaint 2 is a controlled synthetic variant of complaint 1 representing the same benchmark master issue.
101,DP0101,synthetic_positive,92,SYN_DUP_0092,Road Damage,Road Damage,True,Road has cracks and damaged portions.,Road has cracks and damaged portions.,18.707791,73.68375,18.707164675403224,73.68355522341398,2026-07-19T22:45:10+00:00,2026-07-22T11:00:32.487082865+00:00,72.603,60.256,1,synthetic_by_construction,Complaint 2 is a controlled synthetic variant of complaint 1 representing the same benchmark master issue.
102,DP0102,synthetic_positive,125,SYN_DUP_0125,Streetlight,Streetlight,True,Streetlight requires repair.,Residents report that Streetlight requires repair in this area.,18.726841,73.664112,18.72709810777891,73.66447640091452,2026-07-22T07:56:10+00:00,2026-07-22T17:59:05.074728514+00:00,47.853,10.049,1,synthetic_by_construction,Complaint 2 is a controlled synthetic variant of complaint 1 representing the same benchmark master issue.
103,DP0103,synthetic_positive,109,SYN_DUP_0109,Water Leakage,Water Leakage,True,Water leakage is observed near the road.,The reported water leakage problem is that Water leakage is observed near the road.,18.726379,73.661032,18.726572612985333,73.66088146084448,2026-07-18T10:49:10+00:00,2026-07-20T20:20:38.861129383+00:00,26.736,57.525,1,synthetic_by_construction,Complaint 2 is a controlled synthetic variant of complaint 1 representing the same benchmark master issue.
104,DP0104,synthetic_positive,82,SYN_DUP_0082,Waterlogging,Waterlogging,True,Standing water is causing difficulty for commuters.,Standing water is causing difficulty for commuters.,18.747555,73.711733,18.748056529396013,73.71134270704619,2026-08-25T12:09:10+00:00,2026-08-26T04:04:05.563199641+00:00,69.274,15.915,1,synthetic_by_construction,Complaint 2 is a controlled synthetic variant of complaint 1 representing the same benchmark master issue.
105,DP0105,synthetic_positive,114,SYN_DUP_0114,Blocked Drain,Blocked Drain,True,Waste has blocked the drainage system.,Residents report that Waste has blocked the drainage system in this area.,18.716845,73.692027,18.717004534171615,73.69215395649314,2026-05-16T17:21:10+00:00,2026-05-19T01:44:27.711422340+00:00,22.214,56.388,1,synthetic_by_construction,Complaint 2 is a controlled synthetic variant of complaint 1 representing the same benchmark master issue.
106,DP0106,synthetic_positive,118,SYN_DUP_0118,Garbage Accumulation,Garbage Accumulation,True,Waste has been dumped near the road.,The reported garbage accumulation problem is that Waste has been left near the road.,18.729343,73.688705,18.728811221286378,73.68907954130489,2026-08-28T23:49:10+00:00,2026-08-30T20:53:11.081994522+00:00,71.078,45.067,1,synthetic_by_construction,Complaint 2 is a controlled synthetic variant of complaint 1 representing the same benchmark master issue.
107,DP0107,synthetic_positive,139,SYN_DUP_0139,Other,Other,True,A municipal service-related issue has been reported.,A municipal service-related issue has been reported.,18.719177,73.692476,18.719298208097744,73.69241566134019,2026-06-01T14:28:10+00:00,2026-06-04T04:51:23.215953822+00:00,14.901,62.387,1,synthetic_by_construction,Complaint 2 is a controlled synthetic variant of complaint 1 representing the same benchmark master issue.
108,DP0108,synthetic_positive,87,SYN_DUP_0087,Pothole,Pothole,True,Large pothole causing difficulty for vehicles.,Residents report that Large pothole causing difficulty for vehicles in this area.,18.701828,73.702407,18.70208995061147,73.701718283559,2026-08-13T23:33:10+00:00,2026-08-16T15:07:59.981911945+00:00,78.168,63.581,1,synthetic_by_construction,Complaint 2 is a controlled synthetic variant of complaint 1 representing the same benchmark master issue.
109,DP0109,synthetic_positive,104,SYN_DUP_0104,Road Damage,Road Damage,True,Road has cracks and damaged portions.,The reported road damage problem is that Road has cracks and damaged portions.,18.733586,73.6618,18.733582277909726,73.6617535528822,2026-03-27T21:51:10+00:00,2026-03-28T22:26:16.605607107+00:00,4.909,24.585,1,synthetic_by_construction,Complaint 2 is a controlled synthetic variant of complaint 1 representing the same benchmark master issue.
110,DP0110,synthetic_positive,128,SYN_DUP_0128,Streetlight,Streetlight,True,Streetlight is not working at night.,Streetlight has stopped working at night.,18.742852,73.699448,18.743068468744774,73.69877669732975,2026-03-31T03:28:10+00:00,2026-04-02T17:49:04.765652721+00:00,74.673,62.349,1,synthetic_by_construction,Complaint 2 is a controlled synthetic variant of complaint 1 representing the same benchmark master issue.
111,DP0111,synthetic_positive,111,SYN_DUP_0111,Water Leakage,Water Leakage,True,A water pipeline appears to be leaking.,Residents report that A water pipeline appears to be leaking in this area.,18.704281,73.691613,18.704218983675272,73.6922307539772,2026-05-23T11:49:10+00:00,2026-05-25T20:43:22.924535026+00:00,65.428,56.904,1,synthetic_by_construction,Complaint 2 is a controlled synthetic variant of complaint 1 representing the same benchmark master issue.
112,DP0112,synthetic_positive,91,SYN_DUP_0091,Waterlogging,Waterlogging,True,Water is accumulated in the area.,The reported waterlogging problem is that Water is accumulated in the area.,18.72561,73.668609,18.725680713939013,73.66853162690887,2026-08-10T19:34:10+00:00,2026-08-13T09:31:46.435041937+00:00,11.323,61.96,1,synthetic_by_construction,Complaint 2 is a controlled synthetic variant of complaint 1 representing the same benchmark master issue.
113,DP0113,synthetic_positive,120,SYN_DUP_0120,Blocked Drain,Blocked Drain,True,Drain is blocked and water is not flowing.,Drain is blocked and water is not flowing.,18.707197,73.705235,18.70727054021699,73.70506037675457,2026-03-28T03:02:10+00:00,2026-03-29T12:43:03.506783937+00:00,20.127,33.682,1,synthetic_by_construction,Complaint 2 is a controlled synthetic variant of complaint 1 representing the same benchmark master issue.
114,DP0114,synthetic_positive,123,SYN_DUP_0123,Garbage Accumulation,Garbage Accumulation,True,Garbage has not been collected from the area.,Residents report that Garbage has not been collected from the area in this area.,18.729791,73.685719,18.729857985111526,73.68547750113808,2026-05-23T00:21:10+00:00,2026-05-23T17:30:43.406581426+00:00,26.5,17.159,1,synthetic_by_construction,Complaint 2 is a controlled synthetic variant of complaint 1 representing the same benchmark master issue.
115,DP0115,synthetic_positive,141,SYN_DUP_0141,Other,Other,True,A municipal issue has been reported.,The reported other problem is that A municipal issue has been reported.,18.727946,73.693161,18.72796116840469,73.69320389882911,2026-05-29T14:18:10+00:00,2026-05-30T14:36:33.754726133+00:00,4.822,24.307,1,synthetic_by_construction,Complaint 2 is a controlled synthetic variant of complaint 1 representing the same benchmark master issue.
116,DP0116,synthetic_positive,96,SYN_DUP_0096,Pothole,Pothole,True,Pothole is creating a safety problem for commuters.,Pothole is creating a safety problem for commuters.,18.700618,73.710745,18.701230036682148,73.71060860039184,2026-04-08T21:22:10+00:00,2026-04-09T18:11:14.348139710+00:00,69.555,20.818,1,synthetic_by_construction,Complaint 2 is a controlled synthetic variant of complaint 1 representing the same benchmark master issue.
117,DP0117,synthetic_positive,105,SYN_DUP_0105,Road Damage,Road Damage,True,Road surface is damaged and needs repair.,Residents report that Road surface is damaged and needs repair in this area.,18.720734,73.67043,18.72035335859389,73.67072324339348,2026-03-29T16:45:10+00:00,2026-04-01T15:24:51.860047875+00:00,52.394,70.662,1,synthetic_by_construction,Complaint 2 is a controlled synthetic variant of complaint 1 representing the same benchmark master issue.
118,DP0118,synthetic_positive,137,SYN_DUP_0137,Streetlight,Streetlight,True,Streetlight is not functioning.,The reported streetlight problem is that Streetlight has stopped working.,18.699874,73.696841,18.700243620189976,73.69668433344552,2026-09-19T16:18:10+00:00,2026-09-20T01:29:31.351773224+00:00,44.289,9.189,1,synthetic_by_construction,Complaint 2 is a controlled synthetic variant of complaint 1 representing the same benchmark master issue.
119,DP0119,synthetic_positive,122,SYN_DUP_0122,Water Leakage,Water Leakage,True,A water pipeline appears to be leaking.,A water pipeline appears to be leaking.,18.742823,73.693833,18.74312628183215,73.69449799930585,2026-05-03T03:32:10+00:00,2026-05-06T00:52:33.771108653+00:00,77.721,69.34,1,synthetic_by_construction,Complaint 2 is a controlled synthetic variant of complaint 1 representing the same benchmark master issue.
120,DP0120,synthetic_positive,97,SYN_DUP_0097,Waterlogging,Waterlogging,True,Standing water is causing difficulty for commuters.,Residents report that Standing water is causing difficulty for commuters in this area.,18.715758,73.681486,18.715921771783165,73.68162614850564,2026-05-28T21:57:10+00:00,2026-05-30T05:48:24.496689123+00:00,23.441,31.854,1,synthetic_by_construction,Complaint 2 is a controlled synthetic variant of complaint 1 representing the same benchmark master issue.
121,DP0121,synthetic_positive,121,SYN_DUP_0121,Blocked Drain,Blocked Drain,True,Drain requires cleaning and maintenance.,The reported blocked drain problem is that Drain requires cleaning and maintenance.,18.72955,73.671712,18.729342984451826,73.67222887765742,2026-08-11T08:10:10+00:00,2026-08-13T04:12:36.982905050+00:00,59.098,44.041,1,synthetic_by_construction,Complaint 2 is a controlled synthetic variant of complaint 1 representing the same benchmark master issue.
122,DP0122,synthetic_positive,126,SYN_DUP_0126,Garbage Accumulation,Garbage Accumulation,True,Garbage has not been collected from the area.,Garbage has not been collected from the area.,18.741783,73.701445,18.741496801876906,73.70171078668804,2026-03-31T20:58:10+00:00,2026-04-02T14:54:25.903917730+00:00,42.38,41.938,1,synthetic_by_construction,Complaint 2 is a controlled synthetic variant of complaint 1 representing the same benchmark master issue.
123,DP0123,synthetic_positive,144,SYN_DUP_0144,Other,Other,True,An issue with public infrastructure has been noticed.,Residents report that An issue with public infrastructure has been noticed in this area.,18.726595,73.666426,18.72654292219421,73.66621842282183,2026-08-27T04:37:10+00:00,2026-08-27T05:44:22.290712681+00:00,22.614,1.12,1,synthetic_by_construction,Complaint 2 is a controlled synthetic variant of complaint 1 representing the same benchmark master issue.
124,DP0124,synthetic_positive,99,SYN_DUP_0099,Pothole,Pothole,True,Deep pothole noticed on the road.,The reported pothole problem is that Deep pothole noticed on the road.,18.741034,73.663238,18.740385479201343,73.66306924806265,2026-03-27T08:23:10+00:00,2026-03-29T12:27:56.307781422+00:00,74.269,52.08,1,synthetic_by_construction,Complaint 2 is a controlled synthetic variant of complaint 1 representing the same benchmark master issue.
125,DP0125,synthetic_positive,107,SYN_DUP_0107,Road Damage,Road Damage,True,Road has cracks and damaged portions.,Road has cracks and damaged portions.,18.703185,73.692243,18.70292635856663,73.6917416238227,2026-09-01T13:30:10+00:00,2026-09-02T16:21:45.008187291+00:00,60.13,26.86,1,synthetic_by_construction,Complaint 2 is a controlled synthetic variant of complaint 1 representing the same benchmark master issue.
126,DP0126,synthetic_positive,140,SYN_DUP_0140,Streetlight,Streetlight,True,Streetlight is not functioning.,Residents report that Streetlight has stopped working in this area.,18.746309,73.670392,18.74627028992947,73.6703236275371,2026-09-04T16:00:10+00:00,2026-09-05T16:26:49.129212487+00:00,8.388,24.444,1,synthetic_by_construction,Complaint 2 is a controlled synthetic variant of complaint 1 representing the same benchmark master issue.
127,DP0127,synthetic_positive,134,SYN_DUP_0134,Water Leakage,Water Leakage,True,Water is leaking from a pipeline.,The reported water leakage problem is that Water is leaking from a pipeline.,18.731247,73.680002,18.73138815436099,73.67979137800043,2026-04-26T07:56:10+00:00,2026-04-28T12:02:19.189626365+00:00,27.172,52.103,1,synthetic_by_construction,Complaint 2 is a controlled synthetic variant of complaint 1 representing the same benchmark master issue.
128,DP0128,synthetic_positive,106,SYN_DUP_0106,Waterlogging,Waterlogging,True,Standing water is causing difficulty for commuters.,Standing water is causing difficulty for commuters.,18.746247,73.68768,18.746161493274837,73.6879110931053,2026-06-04T02:33:10+00:00,2026-06-05T08:32:55.227443071+00:00,26.125,29.996,1,synthetic_by_construction,Complaint 2 is a controlled synthetic variant of complaint 1 representing the same benchmark master issue.
129,DP0129,synthetic_positive,135,SYN_DUP_0135,Blocked Drain,Blocked Drain,True,Waste has blocked the drainage system.,Residents report that Waste has blocked the drainage system in this area.,18.704764,73.685684,18.704677523602502,73.68599348998485,2026-06-11T23:19:10+00:00,2026-06-12T09:21:24.761439519+00:00,33.985,10.037,1,synthetic_by_construction,Complaint 2 is a controlled synthetic variant of complaint 1 representing the same benchmark master issue.
130,DP0130,synthetic_positive,127,SYN_DUP_0127,Garbage Accumulation,Garbage Accumulation,True,Garbage has accumulated near the roadside.,The reported garbage accumulation problem is that Garbage has accumulated near the roadside.,18.703099,73.712564,18.70339505600002,73.71244107358547,2026-07-30T22:37:10+00:00,2026-08-01T23:42:32.466811710+00:00,35.374,49.09,1,synthetic_by_construction,Complaint 2 is a controlled synthetic variant of complaint 1 representing the same benchmark master issue.
131,DP0131,synthetic_positive,158,SYN_DUP_0158,Other,Other,True,An issue with public infrastructure has been noticed.,An issue with public infrastructure has been noticed.,18.741628,73.682274,18.741140211212134,73.68181690714054,2026-04-12T13:00:10+00:00,2026-04-13T11:22:12.787938958+00:00,72.516,22.367,1,synthetic_by_construction,Complaint 2 is a controlled synthetic variant of complaint 1 representing the same benchmark master issue.
132,DP0132,synthetic_positive,110,SYN_DUP_0110,Pothole,Pothole,True,Large pothole causing difficulty for vehicles.,Residents report that Large pothole causing difficulty for vehicles in this area.,18.708814,73.684291,18.709220412592543,73.68429209442425,2026-07-15T03:12:10+00:00,2026-07-16T00:34:25.146031697+00:00,45.191,21.371,1,synthetic_by_construction,Complaint 2 is a controlled synthetic variant of complaint 1 representing the same benchmark master issue.
133,DP0133,synthetic_positive,116,SYN_DUP_0116,Road Damage,Road Damage,True,Road has cracks and damaged portions.,The reported road damage problem is that Road has cracks and damaged portions.,18.741645,73.667358,18.741360476677364,73.66719286125449,2026-04-14T06:13:10+00:00,2026-04-16T05:42:12.757418505+00:00,36.101,47.484,1,synthetic_by_construction,Complaint 2 is a controlled synthetic variant of complaint 1 representing the same benchmark master issue.
134,DP0134,synthetic_positive,145,SYN_DUP_0145,Streetlight,Streetlight,True,Streetlight is not functioning.,Streetlight has stopped working.,18.705366,73.702745,18.70503981917477,73.70287596861733,2026-07-14T18:38:10+00:00,2026-07-15T10:48:32.078092814+00:00,38.804,16.173,1,synthetic_by_construction,Complaint 2 is a controlled synthetic variant of complaint 1 representing the same benchmark master issue.
135,DP0135,synthetic_positive,156,SYN_DUP_0156,Water Leakage,Water Leakage,True,Water is leaking from a pipeline.,Residents report that Water is leaking from a pipeline in this area.,18.733527,73.70074,18.733815456995146,73.70052213414391,2026-05-01T15:53:10+00:00,2026-05-04T01:24:13.928688405+00:00,39.435,57.518,1,synthetic_by_construction,Complaint 2 is a controlled synthetic variant of complaint 1 representing the same benchmark master issue.
136,DP0136,synthetic_positive,108,SYN_DUP_0108,Waterlogging,Waterlogging,True,Water is accumulated in the area.,The reported waterlogging problem is that Water is accumulated in the area.,18.739159,73.679611,18.739283460543735,73.67968849821774,2026-07-21T09:22:10+00:00,2026-07-22T22:57:59.533734329+00:00,16.066,37.597,1,synthetic_by_construction,Complaint 2 is a controlled synthetic variant of complaint 1 representing the same benchmark master issue.
137,DP0137,synthetic_positive,147,SYN_DUP_0147,Blocked Drain,Blocked Drain,True,Drain requires cleaning and maintenance.,Drain requires cleaning and maintenance.,18.722607,73.688217,18.72236968117529,73.6886395635683,2026-04-17T13:56:10+00:00,2026-04-20T01:02:39.037535571+00:00,51.736,59.108,1,synthetic_by_construction,Complaint 2 is a controlled synthetic variant of complaint 1 representing the same benchmark master issue.
138,DP0138,synthetic_positive,143,SYN_DUP_0143,Garbage Accumulation,Garbage Accumulation,True,Waste has been dumped near the road.,Residents report that Waste has been left near the road in this area.,18.732905,73.700567,18.732649882150273,73.70005592010612,2026-08-14T19:23:10+00:00,2026-08-15T12:20:08.154228906+00:00,60.838,16.949,1,synthetic_by_construction,Complaint 2 is a controlled synthetic variant of complaint 1 representing the same benchmark master issue.
139,DP0139,synthetic_positive,162,SYN_DUP_0162,Other,Other,True,An issue with public infrastructure has been noticed.,The reported other problem is that An issue with public infrastructure has been noticed.,18.709213,73.684581,18.709375934874114,73.68460760976916,2026-07-14T00:47:10+00:00,2026-07-14T19:10:11.754266426+00:00,18.333,18.384,1,synthetic_by_construction,Complaint 2 is a controlled synthetic variant of complaint 1 representing the same benchmark master issue.
140,DP0140,synthetic_positive,117,SYN_DUP_0117,Pothole,Pothole,True,Large pothole causing difficulty for vehicles.,Large pothole causing difficulty for vehicles.,18.723623,73.696094,18.723831777144422,73.69578953163693,2026-07-25T17:15:10+00:00,2026-07-25T23:25:24.895379575+00:00,39.585,6.171,1,synthetic_by_construction,Complaint 2 is a controlled synthetic variant of complaint 1 representing the same benchmark master issue.
141,DP0141,synthetic_positive,124,SYN_DUP_0124,Road Damage,Road Damage,True,Road surface is damaged and needs repair.,Residents report that Road surface is damaged and needs repair in this area.,18.74758,73.713316,18.747364735047583,73.71307463637773,2026-06-05T04:07:10+00:00,2026-06-05T18:55:27.646510669+00:00,34.912,14.805,1,synthetic_by_construction,Complaint 2 is a controlled synthetic variant of complaint 1 representing the same benchmark master issue.
142,DP0142,synthetic_positive,150,SYN_DUP_0150,Streetlight,Streetlight,True,Streetlight is not functioning.,The reported streetlight problem is that Streetlight has stopped working.,18.732903,73.691252,18.732394128347764,73.69127099161922,2026-07-28T19:09:10+00:00,2026-07-29T13:28:32.422756248+00:00,56.619,18.323,1,synthetic_by_construction,Complaint 2 is a controlled synthetic variant of complaint 1 representing the same benchmark master issue.
143,DP0143,synthetic_positive,160,SYN_DUP_0160,Water Leakage,Water Leakage,True,A water pipeline appears to be leaking.,A water pipeline appears to be leaking.,18.742126,73.661901,18.74260699309534,73.66191870286619,2026-04-14T04:30:10+00:00,2026-04-16T10:49:16.520223681+00:00,53.516,54.318,1,synthetic_by_construction,Complaint 2 is a controlled synthetic variant of complaint 1 representing the same benchmark master issue.
144,DP0144,synthetic_positive,115,SYN_DUP_0115,Waterlogging,Waterlogging,True,Standing water is causing difficulty for commuters.,Residents report that Standing water is causing difficulty for commuters in this area.,18.743469,73.701299,18.74390821377007,73.70166623575405,2026-07-30T05:57:10+00:00,2026-07-31T13:08:17.367171762+00:00,62.294,31.185,1,synthetic_by_construction,Complaint 2 is a controlled synthetic variant of complaint 1 representing the same benchmark master issue.
145,DP0145,synthetic_positive,151,SYN_DUP_0151,Blocked Drain,Blocked Drain,True,Drain requires cleaning and maintenance.,The reported blocked drain problem is that Drain requires cleaning and maintenance.,18.722971,73.676385,18.723114618534243,73.67634399200126,2026-08-09T07:04:10+00:00,2026-08-10T20:50:40.001013420+00:00,16.543,37.775,1,synthetic_by_construction,Complaint 2 is a controlled synthetic variant of complaint 1 representing the same benchmark master issue.
146,DP0146,synthetic_positive,149,SYN_DUP_0149,Garbage Accumulation,Garbage Accumulation,True,Garbage has not been collected from the area.,Garbage has not been collected from the area.,18.719472,73.701042,18.719472311079468,73.70110720313694,2026-09-06T00:28:10+00:00,2026-09-08T13:42:04.770383084+00:00,6.867,61.232,1,synthetic_by_construction,Complaint 2 is a controlled synthetic variant of complaint 1 representing the same benchmark master issue.
147,DP0147,synthetic_positive,176,SYN_DUP_0176,Other,Other,True,A municipal service-related issue has been reported.,Residents report that A municipal service-related issue has been reported in this area.,18.745217,73.678675,18.745325914120098,73.67833145563282,2026-08-26T18:57:10+00:00,2026-08-28T19:21:02.868449071+00:00,38.148,48.398,1,synthetic_by_construction,Complaint 2 is a controlled synthetic variant of complaint 1 representing the same benchmark master issue.
148,DP0148,synthetic_positive,130,SYN_DUP_0130,Pothole,Pothole,True,Pothole is creating a safety problem for commuters.,The reported pothole problem is that Pothole is creating a safety problem for commuters.,18.74545,73.709165,18.744863023540393,73.70874116582863,2026-07-14T23:34:10+00:00,2026-07-17T20:01:20.123918070+00:00,79.068,68.453,1,synthetic_by_construction,Complaint 2 is a controlled synthetic variant of complaint 1 representing the same benchmark master issue.
149,DP0149,synthetic_positive,131,SYN_DUP_0131,Road Damage,Road Damage,True,Road surface is damaged and needs repair.,Road surface is damaged and needs repair.,18.738144,73.699735,18.737654492284843,73.6992926647512,2026-09-10T18:34:10+00:00,2026-09-12T22:38:16.424502137+00:00,71.64,52.068,1,synthetic_by_construction,Complaint 2 is a controlled synthetic variant of complaint 1 representing the same benchmark master issue.
150,DP0150,synthetic_positive,153,SYN_DUP_0153,Streetlight,Streetlight,True,Streetlight is not functioning.,Residents report that Streetlight has stopped working in this area.,18.742628,73.68404,18.74281057219694,73.683692257186,2026-04-29T20:39:10+00:00,2026-05-01T12:33:06.070576127+00:00,41.868,39.899,1,synthetic_by_construction,Complaint 2 is a controlled synthetic variant of complaint 1 representing the same benchmark master issue.
151,DP0151,synthetic_negative,70,152,Pothole,Pothole,True,Pothole is creating a safety problem for commuters.,Pothole is creating a safety problem for commuters.,18.744199,73.702924,18.744242,73.702914,2026-07-01T07:14:10+00:00,2026-04-11T11:02:10+00:00,4.896,1940.2,0,synthetic_by_construction,Complaints 1 and 2 are independent synthetic source complaint instances; they are treated as different benchmark issues even when category and location are similar.
152,DP0152,synthetic_negative,198,331,Waterlogging,Waterlogging,True,Standing water is causing difficulty for commuters.,Standing water is causing difficulty for commuters.,18.723304,73.680961,18.723705,73.68095,2026-04-29T10:26:10+00:00,2026-05-23T17:25:10+00:00,44.604,582.983,0,synthetic_by_construction,Complaints 1 and 2 are independent synthetic source complaint instances; they are treated as different benchmark issues even when category and location are similar.
153,DP0153,synthetic_negative,370,418,Pothole,Pothole,True,Large pothole causing difficulty for vehicles.,Pothole is creating a safety problem for commuters.,18.733186,73.702844,18.7336,73.702835,2026-09-16T05:20:10+00:00,2026-06-17T00:58:10+00:00,46.044,2188.367,0,synthetic_by_construction,Complaints 1 and 2 are independent synthetic source complaint instances; they are treated as different benchmark issues even when category and location are similar.
154,DP0154,synthetic_negative,7,356,Other,Other,True,An issue with public infrastructure has been noticed.,An issue with public infrastructure has been noticed.,18.735365,73.686964,18.735645,73.687316,2026-04-22T17:52:10+00:00,2026-08-17T21:01:10+00:00,48.408,2811.15,0,synthetic_by_construction,Complaints 1 and 2 are independent synthetic source complaint instances; they are treated as different benchmark issues even when category and location are similar.
155,DP0155,synthetic_negative,195,227,Garbage Accumulation,Garbage Accumulation,True,Waste has been dumped near the road.,Garbage has accumulated near the roadside.,18.748926,73.679425,18.748471,73.679676,2026-08-15T18:47:10+00:00,2026-09-20T08:05:10+00:00,57.081,853.3,0,synthetic_by_construction,Complaints 1 and 2 are independent synthetic source complaint instances; they are treated as different benchmark issues even when category and location are similar.
156,DP0156,synthetic_negative,113,168,Blocked Drain,Blocked Drain,True,Waste has blocked the drainage system.,Drain requires cleaning and maintenance.,18.741849,73.687401,18.741575,73.686887,2026-08-19T05:33:10+00:00,2026-05-17T08:58:10+00:00,62.11,2252.583,0,synthetic_by_construction,Complaints 1 and 2 are independent synthetic source complaint instances; they are treated as different benchmark issues even when category and location are similar.
157,DP0157,synthetic_negative,43,211,Waterlogging,Waterlogging,True,Standing water is causing difficulty for commuters.,Rainwater has accumulated on the road.,18.721757,73.689021,18.721894,73.689609,2026-08-20T17:17:10+00:00,2026-07-07T21:20:10+00:00,63.769,1051.95,0,synthetic_by_construction,Complaints 1 and 2 are independent synthetic source complaint instances; they are treated as different benchmark issues even when category and location are similar.
158,DP0158,synthetic_negative,172,242,Blocked Drain,Blocked Drain,True,Waste has blocked the drainage system.,Drain requires cleaning and maintenance.,18.719217,73.664032,18.719762,73.664312,2026-04-22T10:10:10+00:00,2026-06-01T10:59:10+00:00,67.395,960.817,0,synthetic_by_construction,Complaints 1 and 2 are independent synthetic source complaint instances; they are treated as different benchmark issues even when category and location are similar.
159,DP0159,synthetic_negative,22,193,Garbage Accumulation,Garbage Accumulation,True,Garbage has accumulated near the roadside.,Garbage has accumulated near the roadside.,18.725686,73.692422,18.72646,73.692226,2026-07-08T09:35:10+00:00,2026-03-29T06:19:10+00:00,88.505,2427.267,0,synthetic_by_construction,Complaints 1 and 2 are independent synthetic source complaint instances; they are treated as different benchmark issues even when category and location are similar.
160,DP0160,synthetic_negative,48,153,Streetlight,Streetlight,True,Streetlight is not working at night.,Streetlight is not functioning.,18.74258,73.683168,18.742628,73.68404,2026-05-13T10:43:10+00:00,2026-04-29T20:39:10+00:00,91.975,326.067,0,synthetic_by_construction,Complaints 1 and 2 are independent synthetic source complaint instances; they are treated as different benchmark issues even when category and location are similar.
161,DP0161,synthetic_negative,23,474,Other,Other,True,A municipal service-related issue has been reported.,A municipal service-related issue has been reported.,18.724337,73.696787,18.725149,73.696585,2026-04-11T04:35:10+00:00,2026-06-25T20:11:10+00:00,92.762,1815.6,0,synthetic_by_construction,Complaints 1 and 2 are independent synthetic source complaint instances; they are treated as different benchmark issues even when category and location are similar.
162,DP0162,synthetic_negative,45,291,Streetlight,Streetlight,True,Streetlight is not working at night.,Streetlight is not functioning.,18.71092,73.676163,18.710444,73.676972,2026-05-08T03:56:10+00:00,2026-06-04T00:53:10+00:00,100.304,644.95,0,synthetic_by_construction,Complaints 1 and 2 are independent synthetic source complaint instances; they are treated as different benchmark issues even when category and location are similar.
163,DP0163,synthetic_negative,270,361,Waterlogging,Waterlogging,True,Rainwater has accumulated on the road.,Standing water is causing difficulty for commuters.,18.724825,73.658499,18.724037,73.657895,2026-04-24T06:28:10+00:00,2026-09-16T15:54:10+00:00,108.275,3489.433,0,synthetic_by_construction,Complaints 1 and 2 are independent synthetic source complaint instances; they are treated as different benchmark issues even when category and location are similar.
164,DP0164,synthetic_negative,248,274,Other,Other,True,An issue with public infrastructure has been noticed.,A municipal issue has been reported.,18.729474,73.672145,18.730377,73.671703,2026-08-10T08:02:10+00:00,2026-09-14T14:45:10+00:00,110.673,846.717,0,synthetic_by_construction,Complaints 1 and 2 are independent synthetic source complaint instances; they are treated as different benchmark issues even when category and location are similar.
165,DP0165,synthetic_negative,79,454,Streetlight,Streetlight,True,Streetlight is not functioning.,Streetlight is not functioning.,18.732956,73.693157,18.733636,73.69235,2026-06-29T04:54:10+00:00,2026-07-03T10:24:10+00:00,113.749,101.5,0,synthetic_by_construction,Complaints 1 and 2 are independent synthetic source complaint instances; they are treated as different benchmark issues even when category and location are similar.
166,DP0166,synthetic_negative,40,130,Pothole,Pothole,True,Pothole is creating a safety problem for commuters.,Pothole is creating a safety problem for commuters.,18.745703,73.710214,18.74545,73.709165,2026-04-20T21:50:10+00:00,2026-07-14T23:34:10+00:00,113.982,2041.733,0,synthetic_by_construction,Complaints 1 and 2 are independent synthetic source complaint instances; they are treated as different benchmark issues even when category and location are similar.
167,DP0167,synthetic_negative,33,251,Garbage Accumulation,Garbage Accumulation,True,Garbage has not been collected from the area.,Garbage has accumulated near the roadside.,18.715826,73.694564,18.715874,73.693443,2026-03-27T01:49:10+00:00,2026-04-02T23:13:10+00:00,118.179,165.4,0,synthetic_by_construction,Complaints 1 and 2 are independent synthetic source complaint instances; they are treated as different benchmark issues even when category and location are similar.
168,DP0168,synthetic_negative,32,365,Pothole,Pothole,True,Pothole is creating a safety problem for commuters.,Large pothole causing difficulty for vehicles.,18.723272,73.689378,18.724155,73.690029,2026-03-28T14:43:10+00:00,2026-09-03T00:02:10+00:00,119.751,3801.317,0,synthetic_by_construction,Complaints 1 and 2 are independent synthetic source complaint instances; they are treated as different benchmark issues even when category and location are similar.
169,DP0169,synthetic_negative,47,209,Water Leakage,Water Leakage,True,Water leakage is observed near the road.,Water leakage is observed near the road.,18.711668,73.677248,18.712423,73.676394,2026-08-02T22:40:10+00:00,2026-06-18T21:08:10+00:00,123.034,1081.533,0,synthetic_by_construction,Complaints 1 and 2 are independent synthetic source complaint instances; they are treated as different benchmark issues even when category and location are similar.
170,DP0170,synthetic_negative,132,486,Pothole,Pothole,True,Deep pothole noticed on the road.,Deep pothole noticed on the road.,18.73591,73.686803,18.735588,73.687928,2026-04-01T16:18:10+00:00,2026-06-06T00:30:10+00:00,123.758,1568.2,0,synthetic_by_construction,Complaints 1 and 2 are independent synthetic source complaint instances; they are treated as different benchmark issues even when category and location are similar.
171,DP0171,synthetic_negative,79,166,Streetlight,Streetlight,True,Streetlight is not functioning.,Streetlight is not working at night.,18.732956,73.693157,18.733933,73.693743,2026-06-29T04:54:10+00:00,2026-06-05T09:23:10+00:00,124.94,571.517,0,synthetic_by_construction,Complaints 1 and 2 are independent synthetic source complaint instances; they are treated as different benchmark issues even when category and location are similar.
172,DP0172,synthetic_negative,53,131,Road Damage,Road Damage,True,Road surface is damaged and needs repair.,Road surface is damaged and needs repair.,18.738965,73.698919,18.738144,73.699735,2026-08-18T07:50:10+00:00,2026-09-10T18:34:10+00:00,125.368,562.733,0,synthetic_by_construction,Complaints 1 and 2 are independent synthetic source complaint instances; they are treated as different benchmark issues even when category and location are similar.
173,DP0173,synthetic_negative,189,248,Other,Other,True,A municipal service-related issue has been reported.,An issue with public infrastructure has been noticed.,18.728528,73.672879,18.729474,73.672145,2026-09-13T06:15:10+00:00,2026-08-10T08:02:10+00:00,130.536,814.217,0,synthetic_by_construction,Complaints 1 and 2 are independent synthetic source complaint instances; they are treated as different benchmark issues even when category and location are similar.
174,DP0174,synthetic_negative,252,440,Pothole,Pothole,True,Pothole is creating a safety problem for commuters.,Large pothole causing difficulty for vehicles.,18.704392,73.704792,18.703462,73.703968,2026-08-05T03:10:10+00:00,2026-06-07T00:22:10+00:00,135.002,1418.8,0,synthetic_by_construction,Complaints 1 and 2 are independent synthetic source complaint instances; they are treated as different benchmark issues even when category and location are similar.
175,DP0175,synthetic_negative,8,29,Water Leakage,Water Leakage,True,Water is leaking from a pipeline.,A water pipeline appears to be leaking.,18.748939,73.700491,18.749032,73.701772,2026-08-15T10:01:10+00:00,2026-05-21T01:19:10+00:00,135.278,2072.7,0,synthetic_by_construction,Complaints 1 and 2 are independent synthetic source complaint instances; they are treated as different benchmark issues even when category and location are similar.
176,DP0176,synthetic_negative,42,350,Pothole,Pothole,True,Large pothole causing difficulty for vehicles.,Deep pothole noticed on the road.,18.728986,73.669021,18.729533,73.667872,2026-08-10T08:17:10+00:00,2026-03-28T02:20:10+00:00,135.425,3245.95,0,synthetic_by_construction,Complaints 1 and 2 are independent synthetic source complaint instances; they are treated as different benchmark issues even when category and location are similar.
177,DP0177,synthetic_negative,311,395,Blocked Drain,Blocked Drain,True,Drain requires cleaning and maintenance.,Waste has blocked the drainage system.,18.718204,73.685532,18.719175,73.686336,2026-06-24T20:52:10+00:00,2026-05-06T01:55:10+00:00,137.211,1194.95,0,synthetic_by_construction,Complaints 1 and 2 are independent synthetic source complaint instances; they are treated as different benchmark issues even when category and location are similar.
178,DP0178,synthetic_negative,272,383,Streetlight,Streetlight,True,Streetlight is not functioning.,Streetlight is not functioning.,18.745933,73.675162,18.747069,73.674628,2026-06-28T04:40:10+00:00,2026-05-12T11:18:10+00:00,138.267,1121.367,0,synthetic_by_construction,Complaints 1 and 2 are independent synthetic source complaint instances; they are treated as different benchmark issues even when category and location are similar.
179,DP0179,synthetic_negative,324,472,Waterlogging,Waterlogging,True,Water is accumulated in the area.,Standing water is causing difficulty for commuters.,18.739631,73.705332,18.73839,73.705235,2026-09-17T03:19:10+00:00,2026-06-26T11:21:10+00:00,138.37,1983.967,0,synthetic_by_construction,Complaints 1 and 2 are independent synthetic source complaint instances; they are treated as different benchmark issues even when category and location are similar.
180,DP0180,synthetic_negative,150,454,Streetlight,Streetlight,True,Streetlight is not functioning.,Streetlight is not functioning.,18.732903,73.691252,18.733636,73.69235,2026-07-28T19:09:10+00:00,2026-07-03T10:24:10+00:00,141.464,608.75,0,synthetic_by_construction,Complaints 1 and 2 are independent synthetic source complaint instances; they are treated as different benchmark issues even when category and location are similar.
181,DP0181,synthetic_negative,82,309,Waterlogging,Waterlogging,True,Standing water is causing difficulty for commuters.,Standing water is causing difficulty for commuters.,18.747555,73.711733,18.748823,73.711924,2026-08-25T12:09:10+00:00,2026-06-20T16:19:10+00:00,142.422,1579.833,0,synthetic_by_construction,Complaints 1 and 2 are independent synthetic source complaint instances; they are treated as different benchmark issues even when category and location are similar.
182,DP0182,synthetic_negative,54,348,Blocked Drain,Blocked Drain,True,Drain is blocked and water is not flowing.,Drain requires cleaning and maintenance.,18.746327,73.681773,18.747447,73.682489,2026-05-05T14:37:10+00:00,2026-04-02T14:38:10+00:00,145.581,791.983,0,synthetic_by_construction,Complaints 1 and 2 are independent synthetic source complaint instances; they are treated as different benchmark issues even when category and location are similar.
183,DP0183,synthetic_negative,40,205,Pothole,Pothole,True,Pothole is creating a safety problem for commuters.,Deep pothole noticed on the road.,18.745703,73.710214,18.745043,73.711412,2026-04-20T21:50:10+00:00,2026-07-02T22:33:10+00:00,145.94,1752.717,0,synthetic_by_construction,Complaints 1 and 2 are independent synthetic source complaint instances; they are treated as different benchmark issues even when category and location are similar.
184,DP0184,synthetic_negative,50,181,Pothole,Pothole,True,Pothole is creating a safety problem for commuters.,Large pothole causing difficulty for vehicles.,18.729984,73.701845,18.729698,73.703231,2026-07-17T13:51:10+00:00,2026-05-21T12:42:10+00:00,149.379,1369.15,0,synthetic_by_construction,Complaints 1 and 2 are independent synthetic source complaint instances; they are treated as different benchmark issues even when category and location are similar.
185,DP0185,synthetic_negative,166,454,Streetlight,Streetlight,True,Streetlight is not working at night.,Streetlight is not functioning.,18.733933,73.693743,18.733636,73.69235,2026-06-05T09:23:10+00:00,2026-07-03T10:24:10+00:00,150.36,673.017,0,synthetic_by_construction,Complaints 1 and 2 are independent synthetic source complaint instances; they are treated as different benchmark issues even when category and location are similar.
186,DP0186,synthetic_negative,318,413,Water Leakage,Water Leakage,True,Water is leaking from a pipeline.,Water is leaking from a pipeline.,18.746725,73.676946,18.748095,73.67701,2026-08-24T02:16:10+00:00,2026-06-19T21:45:10+00:00,152.486,1564.517,0,synthetic_by_construction,Complaints 1 and 2 are independent synthetic source complaint instances; they are treated as different benchmark issues even when category and location are similar.
187,DP0187,synthetic_negative,137,327,Streetlight,Streetlight,True,Streetlight is not functioning.,Streetlight requires repair.,18.699874,73.696841,18.701216,73.696518,2026-09-19T16:18:10+00:00,2026-04-24T08:58:10+00:00,153.052,3559.333,0,synthetic_by_construction,Complaints 1 and 2 are independent synthetic source complaint instances; they are treated as different benchmark issues even when category and location are similar.
188,DP0188,synthetic_negative,25,308,Road Damage,Road Damage,True,Road surface is damaged and needs repair.,Road surface is damaged and needs repair.,18.714425,73.700506,18.715665,73.701143,2026-06-23T23:29:10+00:00,2026-05-29T06:22:10+00:00,153.336,617.117,0,synthetic_by_construction,Complaints 1 and 2 are independent synthetic source complaint instances; they are treated as different benchmark issues even when category and location are similar.
189,DP0189,synthetic_negative,363,461,Pothole,Pothole,True,Deep pothole noticed on the road.,Pothole is creating a safety problem for commuters.,18.740527,73.678478,18.741407,73.679615,2026-07-16T22:40:10+00:00,2026-05-07T08:37:10+00:00,154.626,1694.05,0,synthetic_by_construction,Complaints 1 and 2 are independent synthetic source complaint instances; they are treated as different benchmark issues even when category and location are similar.
190,DP0190,synthetic_negative,246,369,Streetlight,Streetlight,True,Streetlight is not working at night.,Streetlight requires repair.,18.736832,73.696764,18.735545,73.697363,2026-09-01T14:23:10+00:00,2026-05-28T21:28:10+00:00,156.392,2296.917,0,synthetic_by_construction,Complaints 1 and 2 are independent synthetic source complaint instances; they are treated as different benchmark issues even when category and location are similar.
191,DP0191,synthetic_negative,91,330,Waterlogging,Waterlogging,True,Water is accumulated in the area.,Standing water is causing difficulty for commuters.,18.72561,73.668609,18.724223,73.668931,2026-08-10T19:34:10+00:00,2026-06-25T01:50:10+00:00,157.911,1121.733,0,synthetic_by_construction,Complaints 1 and 2 are independent synthetic source complaint instances; they are treated as different benchmark issues even when category and location are similar.
192,DP0192,synthetic_negative,183,318,Water Leakage,Water Leakage,True,Water leakage is observed near the road.,Water is leaking from a pipeline.,18.745784,73.678086,18.746725,73.676946,2026-06-12T20:30:10+00:00,2026-08-24T02:16:10+00:00,159.24,1733.767,0,synthetic_by_construction,Complaints 1 and 2 are independent synthetic source complaint instances; they are treated as different benchmark issues even when category and location are similar.
193,DP0193,synthetic_negative,38,126,Garbage Accumulation,Garbage Accumulation,True,Waste has been dumped near the road.,Garbage has not been collected from the area.,18.743202,73.701678,18.741783,73.701445,2026-09-21T14:57:10+00:00,2026-03-31T20:58:10+00:00,159.682,4169.983,0,synthetic_by_construction,Complaints 1 and 2 are independent synthetic source complaint instances; they are treated as different benchmark issues even when category and location are similar.
194,DP0194,synthetic_negative,2,303,Pothole,Pothole,True,Pothole is creating a safety problem for commuters.,Deep pothole noticed on the road.,18.711556,73.685263,18.712143,73.68387,2026-06-28T16:02:10+00:00,2026-04-27T08:14:10+00:00,160.572,1495.8,0,synthetic_by_construction,Complaints 1 and 2 are independent synthetic source complaint instances; they are treated as different benchmark issues even when category and location are similar.
195,DP0195,synthetic_negative,10,31,Road Damage,Road Damage,True,Damaged portion of road requires maintenance.,Damaged portion of road requires maintenance.,18.735886,73.692573,18.736814,73.691387,2026-07-23T06:45:10+00:00,2026-05-04T06:10:10+00:00,162.003,1920.583,0,synthetic_by_construction,Complaints 1 and 2 are independent synthetic source complaint instances; they are treated as different benchmark issues even when category and location are similar.
196,DP0196,synthetic_negative,273,466,Road Damage,Road Damage,True,Road has cracks and damaged portions.,Damaged portion of road requires maintenance.,18.71441,73.71305,18.715657,73.712237,2026-08-07T11:05:10+00:00,2026-06-23T11:29:10+00:00,162.965,1079.6,0,synthetic_by_construction,Complaints 1 and 2 are independent synthetic source complaint instances; they are treated as different benchmark issues even when category and location are similar.
197,DP0197,synthetic_negative,89,271,Streetlight,Streetlight,True,Streetlight is not working at night.,Streetlight requires repair.,18.750156,73.712589,18.748955,73.713485,2026-03-28T21:18:10+00:00,2026-04-02T20:49:10+00:00,163.508,119.517,0,synthetic_by_construction,Complaints 1 and 2 are independent synthetic source complaint instances; they are treated as different benchmark issues even when category and location are similar.
198,DP0198,synthetic_negative,184,237,Garbage Accumulation,Garbage Accumulation,True,Garbage has accumulated near the roadside.,Garbage has not been collected from the area.,18.744246,73.666605,18.744636,73.668135,2026-07-10T19:02:10+00:00,2026-04-09T03:14:10+00:00,166.839,2223.8,0,synthetic_by_construction,Complaints 1 and 2 are independent synthetic source complaint instances; they are treated as different benchmark issues even when category and location are similar.
199,DP0199,synthetic_negative,60,276,Blocked Drain,Blocked Drain,True,Drain requires cleaning and maintenance.,Waste has blocked the drainage system.,18.747178,73.699928,18.748492,73.699151,2026-08-26T00:24:10+00:00,2026-06-14T10:26:10+00:00,167.457,1741.967,0,synthetic_by_construction,Complaints 1 and 2 are independent synthetic source complaint instances; they are treated as different benchmark issues even when category and location are similar.
200,DP0200,synthetic_negative,71,373,Garbage Accumulation,Garbage Accumulation,True,Garbage has accumulated near the roadside.,Garbage has accumulated near the roadside.,18.72379,73.69997,18.725221,73.700488,2026-09-01T23:34:10+00:00,2026-08-23T02:55:10+00:00,168.211,236.65,0,synthetic_by_construction,Complaints 1 and 2 are independent synthetic source complaint instances; they are treated as different benchmark issues even when category and location are similar.
201,DP0201,synthetic_negative,109,379,Water Leakage,Water Leakage,True,Water leakage is observed near the road.,Water leakage is observed near the road.,18.726379,73.661032,18.727174,73.662417,2026-07-18T10:49:10+00:00,2026-07-21T06:01:10+00:00,170.55,67.2,0,synthetic_by_construction,Complaints 1 and 2 are independent synthetic source complaint instances; they are treated as different benchmark issues even when category and location are similar.
202,DP0202,synthetic_negative,107,167,Road Damage,Road Damage,True,Road has cracks and damaged portions.,Road has cracks and damaged portions.,18.703185,73.692243,18.702787,73.690677,2026-09-01T13:30:10+00:00,2026-09-17T13:30:10+00:00,170.77,384.0,0,synthetic_by_construction,Complaints 1 and 2 are independent synthetic source complaint instances; they are treated as different benchmark issues even when category and location are similar.
203,DP0203,synthetic_negative,39,73,Blocked Drain,Blocked Drain,True,Drain is blocked and water is not flowing.,Drain requires cleaning and maintenance.,18.74141,73.68025,18.740532,73.681583,2026-04-21T15:28:10+00:00,2026-03-27T11:02:10+00:00,170.978,604.433,0,synthetic_by_construction,Complaints 1 and 2 are independent synthetic source complaint instances; they are treated as different benchmark issues even when category and location are similar.
204,DP0204,synthetic_negative,74,215,Water Leakage,Water Leakage,True,Water leakage is observed near the road.,Water is leaking from a pipeline.,18.724026,73.679415,18.725295,73.680354,2026-06-06T15:34:10+00:00,2026-04-17T21:13:10+00:00,172.306,1194.35,0,synthetic_by_construction,Complaints 1 and 2 are independent synthetic source complaint instances; they are treated as different benchmark issues even when category and location are similar.
205,DP0205,synthetic_negative,59,221,Waterlogging,Waterlogging,True,Standing water is causing difficulty for commuters.,Water is accumulated in the area.,18.746221,73.675831,18.747673,73.675254,2026-06-12T11:55:10+00:00,2026-09-18T19:56:10+00:00,172.508,2360.017,0,synthetic_by_construction,Complaints 1 and 2 are independent synthetic source complaint instances; they are treated as different benchmark issues even when category and location are similar.
206,DP0206,synthetic_negative,128,459,Streetlight,Streetlight,True,Streetlight is not working at night.,Streetlight is not working at night.,18.742852,73.699448,18.741429,73.698755,2026-03-31T03:28:10+00:00,2026-07-03T02:22:10+00:00,174.246,2254.9,0,synthetic_by_construction,Complaints 1 and 2 are independent synthetic source complaint instances; they are treated as different benchmark issues even when category and location are similar.
207,DP0207,synthetic_negative,117,481,Pothole,Pothole,True,Large pothole causing difficulty for vehicles.,Pothole is creating a safety problem for commuters.,18.723623,73.696094,18.724128,73.697662,2026-07-25T17:15:10+00:00,2026-06-28T04:15:10+00:00,174.413,661.0,0,synthetic_by_construction,Complaints 1 and 2 are independent synthetic source complaint instances; they are treated as different benchmark issues even when category and location are similar.
208,DP0208,synthetic_negative,398,429,Other,Other,True,A municipal service-related issue has been reported.,An issue with public infrastructure has been noticed.,18.74887,73.705229,18.749773,73.706584,2026-08-29T11:49:10+00:00,2026-05-12T06:18:10+00:00,174.464,2621.517,0,synthetic_by_construction,Complaints 1 and 2 are independent synthetic source complaint instances; they are treated as different benchmark issues even when category and location are similar.
209,DP0209,synthetic_negative,411,480,Pothole,Pothole,True,Large pothole causing difficulty for vehicles.,Large pothole causing difficulty for vehicles.,18.719417,73.667296,18.718566,73.665891,2026-05-04T16:36:10+00:00,2026-06-09T21:08:10+00:00,175.636,868.533,0,synthetic_by_construction,Complaints 1 and 2 are independent synthetic source complaint instances; they are treated as different benchmark issues even when category and location are similar.
210,DP0210,synthetic_negative,134,484,Water Leakage,Water Leakage,True,Water is leaking from a pipeline.,A water pipeline appears to be leaking.,18.731247,73.680002,18.731125,73.681692,2026-04-26T07:56:10+00:00,2026-08-02T05:09:10+00:00,178.483,2349.217,0,synthetic_by_construction,Complaints 1 and 2 are independent synthetic source complaint instances; they are treated as different benchmark issues even when category and location are similar.
211,DP0211,synthetic_negative,366,456,Waterlogging,Waterlogging,True,Water is accumulated in the area.,Standing water is causing difficulty for commuters.,18.736106,73.67241,18.737686,73.672835,2026-09-18T03:34:10+00:00,2026-09-20T16:12:10+00:00,181.298,60.633,0,synthetic_by_construction,Complaints 1 and 2 are independent synthetic source complaint instances; they are treated as different benchmark issues even when category and location are similar.
212,DP0212,synthetic_negative,196,379,Water Leakage,Water Leakage,True,Water is leaking from a pipeline.,Water leakage is observed near the road.,18.725565,73.662726,18.727174,73.662417,2026-04-01T11:47:10+00:00,2026-07-21T06:01:10+00:00,181.848,2658.233,0,synthetic_by_construction,Complaints 1 and 2 are independent synthetic source complaint instances; they are treated as different benchmark issues even when category and location are similar.
213,DP0213,synthetic_negative,3,487,Pothole,Pothole,True,Large pothole causing difficulty for vehicles.,Large pothole causing difficulty for vehicles.,18.72155,73.681183,18.723108,73.680618,2026-04-03T08:07:10+00:00,2026-04-28T12:07:10+00:00,183.175,604.0,0,synthetic_by_construction,Complaints 1 and 2 are independent synthetic source complaint instances; they are treated as different benchmark issues even when category and location are similar.
214,DP0214,synthetic_negative,285,305,Pothole,Pothole,True,Pothole is creating a safety problem for commuters.,Large pothole causing difficulty for vehicles.,18.707415,73.699155,18.706265,73.700427,2026-05-30T13:06:10+00:00,2026-06-19T22:59:10+00:00,185.2,489.883,0,synthetic_by_construction,Complaints 1 and 2 are independent synthetic source complaint instances; they are treated as different benchmark issues even when category and location are similar.
215,DP0215,synthetic_negative,111,281,Water Leakage,Water Leakage,True,A water pipeline appears to be leaking.,Water is leaking from a pipeline.,18.704281,73.691613,18.704351,73.69337,2026-05-23T11:49:10+00:00,2026-04-09T22:25:10+00:00,185.215,1045.4,0,synthetic_by_construction,Complaints 1 and 2 are independent synthetic source complaint instances; they are treated as different benchmark issues even when category and location are similar.
216,DP0216,synthetic_negative,154,410,Road Damage,Road Damage,True,Road surface is damaged and needs repair.,Road surface is damaged and needs repair.,18.712096,73.706491,18.713107,73.707904,2026-07-09T23:27:10+00:00,2026-06-27T05:11:10+00:00,186.502,306.267,0,synthetic_by_construction,Complaints 1 and 2 are independent synthetic source complaint instances; they are treated as different benchmark issues even when category and location are similar.
217,DP0217,synthetic_negative,170,233,Blocked Drain,Blocked Drain,True,Drain requires cleaning and maintenance.,Drain is blocked and water is not flowing.,18.717415,73.701683,18.717848,73.69996,2026-04-16T01:06:10+00:00,2026-08-24T19:50:10+00:00,187.735,3138.733,0,synthetic_by_construction,Complaints 1 and 2 are independent synthetic source complaint instances; they are treated as different benchmark issues even when category and location are similar.
218,DP0218,synthetic_negative,140,352,Streetlight,Streetlight,True,Streetlight is not functioning.,Streetlight is not working at night.,18.746309,73.670392,18.74498,73.67152,2026-09-04T16:00:10+00:00,2026-07-22T04:26:10+00:00,189.594,1067.567,0,synthetic_by_construction,Complaints 1 and 2 are independent synthetic source complaint instances; they are treated as different benchmark issues even when category and location are similar.
219,DP0219,synthetic_negative,334,420,Water Leakage,Water Leakage,True,Water leakage is observed near the road.,Water leakage is observed near the road.,18.749543,73.674427,18.748228,73.673262,2026-03-28T05:38:10+00:00,2026-08-03T05:04:10+00:00,190.862,3071.433,0,synthetic_by_construction,Complaints 1 and 2 are independent synthetic source complaint instances; they are treated as different benchmark issues even when category and location are similar.
220,DP0220,synthetic_negative,187,277,Road Damage,Road Damage,True,Damaged portion of road requires maintenance.,Road has cracks and damaged portions.,18.732263,73.695006,18.730701,73.694247,2026-04-13T16:45:10+00:00,2026-06-22T07:27:10+00:00,191.194,1670.7,0,synthetic_by_construction,Complaints 1 and 2 are independent synthetic source complaint instances; they are treated as different benchmark issues even when category and location are similar.
221,DP0221,synthetic_negative,391,499,Water Leakage,Water Leakage,True,Water leakage is observed near the road.,Water leakage is observed near the road.,18.7081,73.697963,18.709845,73.698122,2026-03-28T04:25:10+00:00,2026-09-13T15:52:10+00:00,194.756,4067.45,0,synthetic_by_construction,Complaints 1 and 2 are independent synthetic source complaint instances; they are treated as different benchmark issues even when category and location are similar.
222,DP0222,synthetic_negative,46,226,Waterlogging,Waterlogging,True,Standing water is causing difficulty for commuters.,Rainwater has accumulated on the road.,18.71374,73.698561,18.71339,73.696749,2026-06-15T08:37:10+00:00,2026-05-26T15:02:10+00:00,194.762,473.583,0,synthetic_by_construction,Complaints 1 and 2 are independent synthetic source complaint instances; they are treated as different benchmark issues even when category and location are similar.
223,DP0223,synthetic_negative,193,255,Garbage Accumulation,Garbage Accumulation,True,Garbage has accumulated near the roadside.,Garbage has not been collected from the area.,18.72646,73.692226,18.727956,73.693191,2026-03-29T06:19:10+00:00,2026-04-26T02:35:10+00:00,194.932,668.267,0,synthetic_by_construction,Complaints 1 and 2 are independent synthetic source complaint instances; they are treated as different benchmark issues even when category and location are similar.
224,DP0224,synthetic_negative,267,268,Streetlight,Streetlight,True,Streetlight is not working at night.,Streetlight is not functioning.,18.721019,73.693531,18.721952,73.695101,2026-08-25T03:45:10+00:00,2026-05-28T00:02:10+00:00,195.192,2139.717,0,synthetic_by_construction,Complaints 1 and 2 are independent synthetic source complaint instances; they are treated as different benchmark issues even when category and location are similar.
225,DP0225,synthetic_negative,106,228,Waterlogging,Waterlogging,True,Standing water is causing difficulty for commuters.,Water is accumulated in the area.,18.746247,73.68768,18.747194,73.689245,2026-06-04T02:33:10+00:00,2026-04-01T06:12:10+00:00,195.56,1532.35,0,synthetic_by_construction,Complaints 1 and 2 are independent synthetic source complaint instances; they are treated as different benchmark issues even when category and location are similar.
226,DP0226,synthetic_negative,44,310,Garbage Accumulation,Garbage Accumulation,True,Garbage has accumulated near the roadside.,Waste has been dumped near the road.,18.729336,73.678047,18.731006,73.67736,2026-05-22T20:38:10+00:00,2026-05-08T16:34:10+00:00,199.29,340.067,0,synthetic_by_construction,Complaints 1 and 2 are independent synthetic source complaint instances; they are treated as different benchmark issues even when category and location are similar.
227,DP0227,synthetic_negative,109,196,Water Leakage,Water Leakage,True,Water leakage is observed near the road.,Water is leaking from a pipeline.,18.726379,73.661032,18.725565,73.662726,2026-07-18T10:49:10+00:00,2026-04-01T11:47:10+00:00,200.042,2591.033,0,synthetic_by_construction,Complaints 1 and 2 are independent synthetic source complaint instances; they are treated as different benchmark issues even when category and location are similar.
228,DP0228,synthetic_negative,79,150,Streetlight,Streetlight,True,Streetlight is not functioning.,Streetlight is not functioning.,18.732956,73.693157,18.732903,73.691252,2026-06-29T04:54:10+00:00,2026-07-28T19:09:10+00:00,200.692,710.25,0,synthetic_by_construction,Complaints 1 and 2 are independent synthetic source complaint instances; they are treated as different benchmark issues even when category and location are similar.
229,DP0229,synthetic_negative,270,479,Waterlogging,Waterlogging,True,Rainwater has accumulated on the road.,Rainwater has accumulated on the road.,18.724825,73.658499,18.723756,73.66004,2026-04-24T06:28:10+00:00,2026-05-31T19:12:10+00:00,201.159,900.733,0,synthetic_by_construction,Complaints 1 and 2 are independent synthetic source complaint instances; they are treated as different benchmark issues even when category and location are similar.
230,DP0230,synthetic_negative,100,178,Streetlight,Streetlight,True,Streetlight requires repair.,Streetlight is not working at night.,18.721975,73.698412,18.721534,73.700275,2026-09-08T05:48:10+00:00,2026-08-28T13:53:10+00:00,202.231,255.917,0,synthetic_by_construction,Complaints 1 and 2 are independent synthetic source complaint instances; they are treated as different benchmark issues even when category and location are similar.
231,DP0231,synthetic_negative,129,248,Other,Other,True,A municipal service-related issue has been reported.,An issue with public infrastructure has been noticed.,18.730024,73.673977,18.729474,73.672145,2026-09-08T08:06:10+00:00,2026-08-10T08:02:10+00:00,202.383,696.067,0,synthetic_by_construction,Complaints 1 and 2 are independent synthetic source complaint instances; they are treated as different benchmark issues even when category and location are similar.
232,DP0232,synthetic_negative,129,189,Other,Other,True,A municipal service-related issue has been reported.,A municipal service-related issue has been reported.,18.730024,73.673977,18.728528,73.672879,2026-09-08T08:06:10+00:00,2026-09-13T06:15:10+00:00,202.586,118.15,0,synthetic_by_construction,Complaints 1 and 2 are independent synthetic source complaint instances; they are treated as different benchmark issues even when category and location are similar.
233,DP0233,synthetic_negative,60,239,Blocked Drain,Blocked Drain,True,Drain requires cleaning and maintenance.,Drain is blocked and water is not flowing.,18.747178,73.699928,18.746747,73.698051,2026-08-26T00:24:10+00:00,2026-04-11T23:59:10+00:00,203.368,3264.417,0,synthetic_by_construction,Complaints 1 and 2 are independent synthetic source complaint instances; they are treated as different benchmark issues even when category and location are similar.
234,DP0234,synthetic_negative,404,485,Blocked Drain,Blocked Drain,True,Waste has blocked the drainage system.,Drain requires cleaning and maintenance.,18.738657,73.689679,18.737192,73.688495,2026-07-16T07:27:10+00:00,2026-08-18T03:08:10+00:00,205.136,787.683,0,synthetic_by_construction,Complaints 1 and 2 are independent synthetic source complaint instances; they are treated as different benchmark issues even when category and location are similar.
235,DP0235,synthetic_negative,156,229,Water Leakage,Water Leakage,True,Water is leaking from a pipeline.,Water leakage is observed near the road.,18.733527,73.70074,18.732716,73.698966,2026-05-01T15:53:10+00:00,2026-05-14T16:43:10+00:00,207.437,312.833,0,synthetic_by_construction,Complaints 1 and 2 are independent synthetic source complaint instances; they are treated as different benchmark issues even when category and location are similar.
236,DP0236,synthetic_negative,93,438,Water Leakage,Water Leakage,True,A water pipeline appears to be leaking.,Water leakage is observed near the road.,18.746709,73.693052,18.744867,73.69263,2026-05-03T17:02:10+00:00,2026-07-15T08:40:10+00:00,209.586,1743.633,0,synthetic_by_construction,Complaints 1 and 2 are independent synthetic source complaint instances; they are treated as different benchmark issues even when category and location are similar.
237,DP0237,synthetic_negative,430,459,Streetlight,Streetlight,True,Streetlight is not functioning.,Streetlight is not working at night.,18.741052,73.696804,18.741429,73.698755,2026-05-15T06:52:10+00:00,2026-07-03T02:22:10+00:00,209.672,1171.5,0,synthetic_by_construction,Complaints 1 and 2 are independent synthetic source complaint instances; they are treated as different benchmark issues even when category and location are similar.
238,DP0238,synthetic_negative,15,250,Water Leakage,Water Leakage,True,A water pipeline appears to be leaking.,Water is leaking from a pipeline.,18.707491,73.689099,18.708596,73.690718,2026-07-09T09:38:10+00:00,2026-05-27T03:05:10+00:00,210.171,1038.55,0,synthetic_by_construction,Complaints 1 and 2 are independent synthetic source complaint instances; they are treated as different benchmark issues even when category and location are similar.
239,DP0239,synthetic_negative,41,75,Garbage Accumulation,Garbage Accumulation,True,Waste has been dumped near the road.,Garbage has not been collected from the area.,18.704513,73.690248,18.703196,73.688815,2026-04-25T18:25:10+00:00,2026-09-20T07:40:10+00:00,210.297,3541.25,0,synthetic_by_construction,Complaints 1 and 2 are independent synthetic source complaint instances; they are treated as different benchmark issues even when category and location are similar.
240,DP0240,synthetic_negative,185,461,Pothole,Pothole,True,Pothole is creating a safety problem for commuters.,Pothole is creating a safety problem for commuters.,18.741636,73.681627,18.741407,73.679615,2026-07-05T18:43:10+00:00,2026-05-07T08:37:10+00:00,213.387,1426.1,0,synthetic_by_construction,Complaints 1 and 2 are independent synthetic source complaint instances; they are treated as different benchmark issues even when category and location are similar.
241,DP0241,synthetic_negative,169,441,Pothole,Pothole,True,Large pothole causing difficulty for vehicles.,Deep pothole noticed on the road.,18.729937,73.664255,18.731871,73.664429,2026-04-21T13:14:10+00:00,2026-05-08T19:46:10+00:00,215.83,414.533,0,synthetic_by_construction,Complaints 1 and 2 are independent synthetic source complaint instances; they are treated as different benchmark issues even when category and location are similar.
242,DP0242,synthetic_negative,14,357,Road Damage,Road Damage,True,Damaged portion of road requires maintenance.,Road has cracks and damaged portions.,18.709432,73.68996,18.707873,73.691184,2026-09-13T00:24:10+00:00,2026-08-07T21:58:10+00:00,216.031,866.433,0,synthetic_by_construction,Complaints 1 and 2 are independent synthetic source complaint instances; they are treated as different benchmark issues even when category and location are similar.
243,DP0243,synthetic_negative,419,493,Garbage Accumulation,Garbage Accumulation,True,Garbage has not been collected from the area.,Waste has been dumped near the road.,18.732682,73.67191,18.733821,73.670224,2026-07-29T07:57:10+00:00,2026-06-26T00:18:10+00:00,218.087,799.65,0,synthetic_by_construction,Complaints 1 and 2 are independent synthetic source complaint instances; they are treated as different benchmark issues even when category and location are similar.
244,DP0244,synthetic_negative,204,354,Streetlight,Streetlight,True,Streetlight requires repair.,Streetlight is not functioning.,18.72359,73.671489,18.723644,73.669384,2026-07-02T23:53:10+00:00,2026-05-31T20:41:10+00:00,221.759,771.2,0,synthetic_by_construction,Complaints 1 and 2 are independent synthetic source complaint instances; they are treated as different benchmark issues even when category and location are similar.
245,DP0245,synthetic_negative,388,409,Pothole,Pothole,True,Large pothole causing difficulty for vehicles.,Large pothole causing difficulty for vehicles.,18.730029,73.682666,18.728057,73.682323,2026-08-19T18:58:10+00:00,2026-04-28T20:01:10+00:00,222.231,2710.95,0,synthetic_by_construction,Complaints 1 and 2 are independent synthetic source complaint instances; they are treated as different benchmark issues even when category and location are similar.
246,DP0246,synthetic_negative,116,216,Road Damage,Road Damage,True,Road has cracks and damaged portions.,Road has cracks and damaged portions.,18.741645,73.667358,18.739755,73.668086,2026-04-14T06:13:10+00:00,2026-06-15T16:41:10+00:00,223.703,1498.467,0,synthetic_by_construction,Complaints 1 and 2 are independent synthetic source complaint instances; they are treated as different benchmark issues even when category and location are similar.
247,DP0247,synthetic_negative,148,212,Waterlogging,Waterlogging,True,Water is accumulated in the area.,Standing water is causing difficulty for commuters.,18.700939,73.699985,18.698939,73.699667,2026-08-13T23:35:10+00:00,2026-05-30T05:51:10+00:00,224.898,1817.733,0,synthetic_by_construction,Complaints 1 and 2 are independent synthetic source complaint instances; they are treated as different benchmark issues even when category and location are similar.
248,DP0248,synthetic_negative,239,276,Blocked Drain,Blocked Drain,True,Drain is blocked and water is not flowing.,Waste has blocked the drainage system.,18.746747,73.698051,18.748492,73.699151,2026-04-11T23:59:10+00:00,2026-06-14T10:26:10+00:00,225.976,1522.45,0,synthetic_by_construction,Complaints 1 and 2 are independent synthetic source complaint instances; they are treated as different benchmark issues even when category and location are similar.
249,DP0249,synthetic_negative,361,479,Waterlogging,Waterlogging,True,Standing water is causing difficulty for commuters.,Rainwater has accumulated on the road.,18.724037,73.657895,18.723756,73.66004,2026-09-16T15:54:10+00:00,2026-05-31T19:12:10+00:00,228.041,2588.7,0,synthetic_by_construction,Complaints 1 and 2 are independent synthetic source complaint instances; they are treated as different benchmark issues even when category and location are similar.
250,DP0250,synthetic_negative,266,278,Blocked Drain,Blocked Drain,True,Drain is blocked and water is not flowing.,Drain requires cleaning and maintenance.,18.734912,73.667475,18.733976,73.665547,2026-05-04T23:59:10+00:00,2026-04-12T22:37:10+00:00,228.148,529.367,0,synthetic_by_construction,Complaints 1 and 2 are independent synthetic source complaint instances; they are treated as different benchmark issues even when category and location are similar.
251,DP0251,synthetic_negative,141,255,Other,Garbage Accumulation,False,A municipal issue has been reported.,Garbage has not been collected from the area.,18.727946,73.693161,18.727956,73.693191,2026-05-29T14:18:10+00:00,2026-04-26T02:35:10+00:00,3.349,803.717,0,synthetic_by_construction,Complaints 1 and 2 are independent synthetic source complaint instances; they are treated as different benchmark issues even when category and location are similar.
252,DP0252,synthetic_negative,96,188,Pothole,Water Leakage,False,Pothole is creating a safety problem for commuters.,Water is leaking from a pipeline.,18.700618,73.710745,18.700434,73.710671,2026-04-08T21:22:10+00:00,2026-08-12T10:12:10+00:00,21.894,3012.833,0,synthetic_by_construction,Complaints 1 and 2 are independent synthetic source complaint instances; they are treated as different benchmark issues even when category and location are similar.
253,DP0253,synthetic_negative,271,448,Streetlight,Garbage Accumulation,False,Streetlight requires repair.,Waste has been dumped near the road.,18.748955,73.713485,18.749166,73.713575,2026-04-02T20:49:10+00:00,2026-08-26T02:58:10+00:00,25.304,3486.15,0,synthetic_by_construction,Complaints 1 and 2 are independent synthetic source complaint instances; they are treated as different benchmark issues even when category and location are similar.
254,DP0254,synthetic_negative,212,224,Waterlogging,Pothole,False,Standing water is causing difficulty for commuters.,Pothole is creating a safety problem for commuters.,18.698939,73.699667,18.699142,73.699801,2026-05-30T05:51:10+00:00,2026-04-24T06:13:10+00:00,26.622,863.633,0,synthetic_by_construction,Complaints 1 and 2 are independent synthetic source complaint instances; they are treated as different benchmark issues even when category and location are similar.
255,DP0255,synthetic_negative,205,300,Pothole,Water Leakage,False,Deep pothole noticed on the road.,A water pipeline appears to be leaking.,18.745043,73.711412,18.7453,73.711439,2026-07-02T22:33:10+00:00,2026-07-05T05:37:10+00:00,28.718,55.067,0,synthetic_by_construction,Complaints 1 and 2 are independent synthetic source complaint instances; they are treated as different benchmark issues even when category and location are similar.
256,DP0256,synthetic_negative,98,469,Garbage Accumulation,Blocked Drain,False,Garbage has accumulated near the roadside.,Waste has blocked the drainage system.,18.747353,73.705085,18.747308,73.705372,2026-09-19T02:50:10+00:00,2026-08-22T01:36:10+00:00,30.631,673.233,0,synthetic_by_construction,Complaints 1 and 2 are independent synthetic source complaint instances; they are treated as different benchmark issues even when category and location are similar.
257,DP0257,synthetic_negative,363,380,Pothole,Streetlight,False,Deep pothole noticed on the road.,Streetlight is not working at night.,18.740527,73.678478,18.740812,73.678463,2026-07-16T22:40:10+00:00,2026-06-18T13:38:10+00:00,31.73,681.033,0,synthetic_by_construction,Complaints 1 and 2 are independent synthetic source complaint instances; they are treated as different benchmark issues even when category and location are similar.
258,DP0258,synthetic_negative,199,341,Streetlight,Water Leakage,False,Streetlight requires repair.,A water pipeline appears to be leaking.,18.74177,73.689991,18.741965,73.68977,2026-08-22T22:18:10+00:00,2026-07-24T21:24:10+00:00,31.807,696.9,0,synthetic_by_construction,Complaints 1 and 2 are independent synthetic source complaint instances; they are treated as different benchmark issues even when category and location are similar.
259,DP0259,synthetic_negative,105,223,Road Damage,Streetlight,False,Road surface is damaged and needs repair.,Streetlight requires repair.,18.720734,73.67043,18.720537,73.670656,2026-03-29T16:45:10+00:00,2026-06-19T14:21:10+00:00,32.347,1965.6,0,synthetic_by_construction,Complaints 1 and 2 are independent synthetic source complaint instances; they are treated as different benchmark issues even when category and location are similar.
260,DP0260,synthetic_negative,52,61,Waterlogging,Road Damage,False,Rainwater has accumulated on the road.,Damaged portion of road requires maintenance.,18.739938,73.682166,18.739684,73.681993,2026-07-30T13:52:10+00:00,2026-09-13T08:43:10+00:00,33.609,1074.85,0,synthetic_by_construction,Complaints 1 and 2 are independent synthetic source complaint instances; they are treated as different benchmark issues even when category and location are similar.
261,DP0261,synthetic_negative,146,407,Pothole,Blocked Drain,False,Large pothole causing difficulty for vehicles.,Drain is blocked and water is not flowing.,18.70838,73.712042,18.708432,73.712359,2026-09-10T06:10:10+00:00,2026-04-18T10:28:10+00:00,33.883,3475.7,0,synthetic_by_construction,Complaints 1 and 2 are independent synthetic source complaint instances; they are treated as different benchmark issues even when category and location are similar.
262,DP0262,synthetic_negative,88,387,Blocked Drain,Garbage Accumulation,False,Drain requires cleaning and maintenance.,Waste has been dumped near the road.,18.744799,73.695336,18.744491,73.695314,2026-08-13T12:07:10+00:00,2026-05-28T14:05:10+00:00,34.326,1846.033,0,synthetic_by_construction,Complaints 1 and 2 are independent synthetic source complaint instances; they are treated as different benchmark issues even when category and location are similar.
263,DP0263,synthetic_negative,59,202,Waterlogging,Pothole,False,Standing water is causing difficulty for commuters.,Large pothole causing difficulty for vehicles.,18.746221,73.675831,18.745908,73.675877,2026-06-12T11:55:10+00:00,2026-05-30T07:09:10+00:00,35.139,316.767,0,synthetic_by_construction,Complaints 1 and 2 are independent synthetic source complaint instances; they are treated as different benchmark issues even when category and location are similar.
264,DP0264,synthetic_negative,56,284,Road Damage,Garbage Accumulation,False,Damaged portion of road requires maintenance.,Waste has been dumped near the road.,18.730533,73.674342,18.730856,73.674274,2026-08-11T14:16:10+00:00,2026-04-11T20:13:10+00:00,36.623,2922.05,0,synthetic_by_construction,Complaints 1 and 2 are independent synthetic source complaint instances; they are treated as different benchmark issues even when category and location are similar.
265,DP0265,synthetic_negative,335,403,Pothole,Garbage Accumulation,False,Large pothole causing difficulty for vehicles.,Garbage has not been collected from the area.,18.749419,73.676707,18.749328,73.676364,2026-06-26T11:09:10+00:00,2026-09-13T11:54:10+00:00,37.507,1896.75,0,synthetic_by_construction,Complaints 1 and 2 are independent synthetic source complaint instances; they are treated as different benchmark issues even when category and location are similar.
266,DP0266,synthetic_negative,312,495,Pothole,Other,False,Large pothole causing difficulty for vehicles.,A municipal service-related issue has been reported.,18.708443,73.688413,18.708301,73.688068,2026-03-29T15:41:10+00:00,2026-04-09T13:13:10+00:00,39.618,261.533,0,synthetic_by_construction,Complaints 1 and 2 are independent synthetic source complaint instances; they are treated as different benchmark issues even when category and location are similar.
267,DP0267,synthetic_negative,85,437,Streetlight,Waterlogging,False,Streetlight is not functioning.,Water is accumulated in the area.,18.733553,73.681752,18.733193,73.681761,2026-05-30T08:50:10+00:00,2026-06-02T18:06:10+00:00,40.041,81.267,0,synthetic_by_construction,Complaints 1 and 2 are independent synthetic source complaint instances; they are treated as different benchmark issues even when category and location are similar.
268,DP0268,synthetic_negative,139,397,Other,Garbage Accumulation,False,A municipal service-related issue has been reported.,Garbage has accumulated near the roadside.,18.719177,73.692476,18.718944,73.692785,2026-06-01T14:28:10+00:00,2026-08-22T03:53:10+00:00,41.596,1957.417,0,synthetic_by_construction,Complaints 1 and 2 are independent synthetic source complaint instances; they are treated as different benchmark issues even when category and location are similar.
269,DP0269,synthetic_negative,198,487,Waterlogging,Pothole,False,Standing water is causing difficulty for commuters.,Large pothole causing difficulty for vehicles.,18.723304,73.680961,18.723108,73.680618,2026-04-29T10:26:10+00:00,2026-04-28T12:07:10+00:00,42.187,22.317,0,synthetic_by_construction,Complaints 1 and 2 are independent synthetic source complaint instances; they are treated as different benchmark issues even when category and location are similar.
270,DP0270,synthetic_negative,377,406,Pothole,Waterlogging,False,Deep pothole noticed on the road.,Standing water is causing difficulty for commuters.,18.70113,73.7074,18.701347,73.707062,2026-08-03T10:04:10+00:00,2026-08-17T20:42:10+00:00,43.006,346.633,0,synthetic_by_construction,Complaints 1 and 2 are independent synthetic source complaint instances; they are treated as different benchmark issues even when category and location are similar.
271,DP0271,synthetic_negative,119,218,Streetlight,Waterlogging,False,Streetlight is not functioning.,Standing water is causing difficulty for commuters.,18.709212,73.685721,18.709516,73.685995,2026-06-23T15:34:10+00:00,2026-06-21T06:44:10+00:00,44.446,56.833,0,synthetic_by_construction,Complaints 1 and 2 are independent synthetic source complaint instances; they are treated as different benchmark issues even when category and location are similar.
272,DP0272,synthetic_negative,287,499,Garbage Accumulation,Water Leakage,False,Garbage has accumulated near the roadside.,Water leakage is observed near the road.,18.70989,73.698548,18.709845,73.698122,2026-06-26T02:51:10+00:00,2026-09-13T15:52:10+00:00,45.144,1909.017,0,synthetic_by_construction,Complaints 1 and 2 are independent synthetic source complaint instances; they are treated as different benchmark issues even when category and location are similar.
273,DP0273,synthetic_negative,121,248,Blocked Drain,Other,False,Drain requires cleaning and maintenance.,An issue with public infrastructure has been noticed.,18.72955,73.671712,18.729474,73.672145,2026-08-11T08:10:10+00:00,2026-08-10T08:02:10+00:00,46.374,24.133,0,synthetic_by_construction,Complaints 1 and 2 are independent synthetic source complaint instances; they are treated as different benchmark issues even when category and location are similar.
274,DP0274,synthetic_negative,297,348,Streetlight,Blocked Drain,False,Streetlight requires repair.,Drain requires cleaning and maintenance.,18.747848,73.682364,18.747447,73.682489,2026-07-27T04:02:10+00:00,2026-04-02T14:38:10+00:00,46.491,2773.4,0,synthetic_by_construction,Complaints 1 and 2 are independent synthetic source complaint instances; they are treated as different benchmark issues even when category and location are similar.
275,DP0275,synthetic_negative,104,491,Road Damage,Streetlight,False,Road has cracks and damaged portions.,Streetlight requires repair.,18.733586,73.6618,18.733929,73.661544,2026-03-27T21:51:10+00:00,2026-04-22T15:03:10+00:00,46.705,617.2,0,synthetic_by_construction,Complaints 1 and 2 are independent synthetic source complaint instances; they are treated as different benchmark issues even when category and location are similar.
276,DP0276,synthetic_negative,412,474,Water Leakage,Other,False,A water pipeline appears to be leaking.,A municipal service-related issue has been reported.,18.725496,73.696323,18.725149,73.696585,2026-08-04T15:08:10+00:00,2026-06-25T20:11:10+00:00,47.435,954.95,0,synthetic_by_construction,Complaints 1 and 2 are independent synthetic source complaint instances; they are treated as different benchmark issues even when category and location are similar.
277,DP0277,synthetic_negative,333,376,Other,Pothole,False,An issue with public infrastructure has been noticed.,Large pothole causing difficulty for vehicles.,18.718576,73.700844,18.71899,73.700709,2026-07-21T19:30:10+00:00,2026-09-07T16:14:10+00:00,48.18,1148.733,0,synthetic_by_construction,Complaints 1 and 2 are independent synthetic source complaint instances; they are treated as different benchmark issues even when category and location are similar.
278,DP0278,synthetic_negative,38,115,Garbage Accumulation,Waterlogging,False,Waste has been dumped near the road.,Standing water is causing difficulty for commuters.,18.743202,73.701678,18.743469,73.701299,2026-09-21T14:57:10+00:00,2026-07-30T05:57:10+00:00,49.74,1281.0,0,synthetic_by_construction,Complaints 1 and 2 are independent synthetic source complaint instances; they are treated as different benchmark issues even when category and location are similar.
279,DP0279,synthetic_negative,196,353,Water Leakage,Streetlight,False,Water is leaking from a pipeline.,Streetlight is not functioning.,18.725565,73.662726,18.725445,73.66227,2026-04-01T11:47:10+00:00,2026-05-22T02:48:10+00:00,49.84,1215.017,0,synthetic_by_construction,Complaints 1 and 2 are independent synthetic source complaint instances; they are treated as different benchmark issues even when category and location are similar.
280,DP0280,synthetic_negative,101,215,Other,Water Leakage,False,A municipal issue has been reported.,Water is leaking from a pipeline.,18.72554,73.680751,18.725295,73.680354,2026-08-08T07:13:10+00:00,2026-04-17T21:13:10+00:00,49.9,2698.0,0,synthetic_by_construction,Complaints 1 and 2 are independent synthetic source complaint instances; they are treated as different benchmark issues even when category and location are similar.
281,DP0281,synthetic_negative,5,283,Streetlight,Waterlogging,False,Streetlight is not functioning.,Standing water is causing difficulty for commuters.,18.718989,73.681604,18.719114,73.681133,2026-06-16T16:36:10+00:00,2026-06-04T21:40:10+00:00,51.513,282.933,0,synthetic_by_construction,Complaints 1 and 2 are independent synthetic source complaint instances; they are treated as different benchmark issues even when category and location are similar.
282,DP0282,synthetic_negative,66,311,Water Leakage,Blocked Drain,False,Water leakage is observed near the road.,Drain requires cleaning and maintenance.,18.717839,73.68523,18.718204,73.685532,2026-06-10T13:48:10+00:00,2026-06-24T20:52:10+00:00,51.563,343.067,0,synthetic_by_construction,Complaints 1 and 2 are independent synthetic source complaint instances; they are treated as different benchmark issues even when category and location are similar.
283,DP0283,synthetic_negative,17,28,Garbage Accumulation,Water Leakage,False,Waste has been dumped near the road.,A water pipeline appears to be leaking.,18.721036,73.663815,18.721486,73.663696,2026-09-16T09:02:10+00:00,2026-04-17T08:00:10+00:00,51.583,3649.033,0,synthetic_by_construction,Complaints 1 and 2 are independent synthetic source complaint instances; they are treated as different benchmark issues even when category and location are similar.
284,DP0284,synthetic_negative,288,343,Water Leakage,Road Damage,False,Water is leaking from a pipeline.,Damaged portion of road requires maintenance.,18.715465,73.691655,18.715226,73.692083,2026-06-14T23:50:10+00:00,2026-08-07T02:01:10+00:00,52.326,1274.183,0,synthetic_by_construction,Complaints 1 and 2 are independent synthetic source complaint instances; they are treated as different benchmark issues even when category and location are similar.
285,DP0285,synthetic_negative,51,188,Other,Water Leakage,False,A municipal service-related issue has been reported.,Water is leaking from a pipeline.,18.69997,73.710779,18.700434,73.710671,2026-09-16T23:11:10+00:00,2026-08-12T10:12:10+00:00,52.834,852.983,0,synthetic_by_construction,Complaints 1 and 2 are independent synthetic source complaint instances; they are treated as different benchmark issues even when category and location are similar.
286,DP0286,synthetic_negative,110,162,Pothole,Other,False,Large pothole causing difficulty for vehicles.,An issue with public infrastructure has been noticed.,18.708814,73.684291,18.709213,73.684581,2026-07-15T03:12:10+00:00,2026-07-14T00:47:10+00:00,53.863,26.417,0,synthetic_by_construction,Complaints 1 and 2 are independent synthetic source complaint instances; they are treated as different benchmark issues even when category and location are similar.
287,DP0287,synthetic_negative,155,460,Streetlight,Pothole,False,Streetlight is not working at night.,Large pothole causing difficulty for vehicles.,18.703707,73.688038,18.703627,73.687526,2026-08-10T08:30:10+00:00,2026-05-30T16:00:10+00:00,54.654,1720.5,0,synthetic_by_construction,Complaints 1 and 2 are independent synthetic source complaint instances; they are treated as different benchmark issues even when category and location are similar.
288,DP0288,synthetic_negative,2,497,Pothole,Streetlight,False,Pothole is creating a safety problem for commuters.,Streetlight requires repair.,18.711556,73.685263,18.711296,73.68482,2026-06-28T16:02:10+00:00,2026-07-12T08:26:10+00:00,54.887,328.4,0,synthetic_by_construction,Complaints 1 and 2 are independent synthetic source complaint instances; they are treated as different benchmark issues even when category and location are similar.
289,DP0289,synthetic_negative,101,434,Other,Road Damage,False,A municipal issue has been reported.,Damaged portion of road requires maintenance.,18.72554,73.680751,18.725584,73.681272,2026-08-08T07:13:10+00:00,2026-04-30T04:24:10+00:00,55.084,2402.817,0,synthetic_by_construction,Complaints 1 and 2 are independent synthetic source complaint instances; they are treated as different benchmark issues even when category and location are similar.
290,DP0290,synthetic_negative,179,490,Water Leakage,Blocked Drain,False,A water pipeline appears to be leaking.,Waste has blocked the drainage system.,18.738932,73.668921,18.738441,73.669059,2026-08-02T05:38:10+00:00,2026-07-25T12:51:10+00:00,56.497,184.783,0,synthetic_by_construction,Complaints 1 and 2 are independent synthetic source complaint instances; they are treated as different benchmark issues even when category and location are similar.
291,DP0291,synthetic_negative,79,84,Streetlight,Pothole,False,Streetlight is not functioning.,Pothole is creating a safety problem for commuters.,18.732956,73.693157,18.733102,73.692631,2026-06-29T04:54:10+00:00,2026-08-23T12:36:10+00:00,57.72,1327.7,0,synthetic_by_construction,Complaints 1 and 2 are independent synthetic source complaint instances; they are treated as different benchmark issues even when category and location are similar.
292,DP0292,synthetic_negative,197,238,Streetlight,Waterlogging,False,Streetlight requires repair.,Water is accumulated in the area.,18.718293,73.676189,18.717774,73.676034,2026-04-18T06:58:10+00:00,2026-09-20T18:13:10+00:00,59.974,3731.25,0,synthetic_by_construction,Complaints 1 and 2 are independent synthetic source complaint instances; they are treated as different benchmark issues even when category and location are similar.
293,DP0293,synthetic_negative,18,279,Road Damage,Garbage Accumulation,False,Damaged portion of road requires maintenance.,Waste has been dumped near the road.,18.724494,73.67242,18.72489,73.672824,2026-07-31T19:11:10+00:00,2026-05-28T04:28:10+00:00,61.229,1550.717,0,synthetic_by_construction,Complaints 1 and 2 are independent synthetic source complaint instances; they are treated as different benchmark issues even when category and location are similar.
294,DP0294,synthetic_negative,253,377,Road Damage,Pothole,False,Damaged portion of road requires maintenance.,Deep pothole noticed on the road.,18.700858,73.707906,18.70113,73.7074,2026-09-08T08:34:10+00:00,2026-08-03T10:04:10+00:00,61.278,862.5,0,synthetic_by_construction,Complaints 1 and 2 are independent synthetic source complaint instances; they are treated as different benchmark issues even when category and location are similar.
295,DP0295,synthetic_negative,132,356,Pothole,Other,False,Deep pothole noticed on the road.,An issue with public infrastructure has been noticed.,18.73591,73.686803,18.735645,73.687316,2026-04-01T16:18:10+00:00,2026-08-17T21:01:10+00:00,61.534,3316.717,0,synthetic_by_construction,Complaints 1 and 2 are independent synthetic source complaint instances; they are treated as different benchmark issues even when category and location are similar.
296,DP0296,synthetic_negative,7,132,Other,Pothole,False,An issue with public infrastructure has been noticed.,Deep pothole noticed on the road.,18.735365,73.686964,18.73591,73.686803,2026-04-22T17:52:10+00:00,2026-04-01T16:18:10+00:00,62.928,505.567,0,synthetic_by_construction,Complaints 1 and 2 are independent synthetic source complaint instances; they are treated as different benchmark issues even when category and location are similar.
297,DP0297,synthetic_negative,138,151,Road Damage,Blocked Drain,False,Road has cracks and damaged portions.,Drain requires cleaning and maintenance.,18.722397,73.676431,18.722971,73.676385,2026-04-13T02:26:10+00:00,2026-08-09T07:04:10+00:00,64.009,2836.633,0,synthetic_by_construction,Complaints 1 and 2 are independent synthetic source complaint instances; they are treated as different benchmark issues even when category and location are similar.
298,DP0298,synthetic_negative,149,376,Garbage Accumulation,Pothole,False,Garbage has not been collected from the area.,Large pothole causing difficulty for vehicles.,18.719472,73.701042,18.71899,73.700709,2026-09-06T00:28:10+00:00,2026-09-07T16:14:10+00:00,64.05,39.767,0,synthetic_by_construction,Complaints 1 and 2 are independent synthetic source complaint instances; they are treated as different benchmark issues even when category and location are similar.
299,DP0299,synthetic_negative,19,217,Blocked Drain,Pothole,False,Waste has blocked the drainage system.,Large pothole causing difficulty for vehicles.,18.714201,73.702246,18.713637,73.702108,2026-06-08T13:23:10+00:00,2026-07-18T01:46:10+00:00,64.376,948.383,0,synthetic_by_construction,Complaints 1 and 2 are independent synthetic source complaint instances; they are treated as different benchmark issues even when category and location are similar.
300,DP0300,synthetic_negative,356,486,Other,Pothole,False,An issue with public infrastructure has been noticed.,Deep pothole noticed on the road.,18.735645,73.687316,18.735588,73.687928,2026-08-17T21:01:10+00:00,2026-06-06T00:30:10+00:00,64.756,1748.517,0,synthetic_by_construction,Complaints 1 and 2 are independent synthetic source complaint instances; they are treated as different benchmark issues even when category and location are similar.
